solid calib_holes_vertical
facet normal 0.000000 0.000000 -1.000000
  outer loop
    vertex 11.0250 10.0000 0.0000
    vertex 19.9144 11.3053 0.0000
    vertex 20.0000 10.0000 0.0000
  endloop
endfacet
facet normal 0.000000 0.000000 -1.000000
  outer loop
    vertex 11.0250 10.0000 0.0000
    vertex 11.0162 10.1338 0.0000
    vertex 19.9144 11.3053 0.0000
  endloop
endfacet
facet normal 0.000000 0.000000 1.000000
  outer loop
    vertex 11.0250 10.0000 6.0000
    vertex 20.0000 10.0000 6.0000
    vertex 19.9144 11.3053 6.0000
  endloop
endfacet
facet normal 0.000000 -0.000000 1.000000
  outer loop
    vertex 11.0250 10.0000 6.0000
    vertex 19.9144 11.3053 6.0000
    vertex 11.0162 10.1338 6.0000
  endloop
endfacet
facet normal 0.997859 0.065403 0.000000
  outer loop
    vertex 20.0000 10.0000 0.0000
    vertex 19.9144 11.3053 0.0000
    vertex 19.9144 11.3053 6.0000
  endloop
endfacet
facet normal 0.997859 0.065403 -0.000000
  outer loop
    vertex 20.0000 10.0000 0.0000
    vertex 19.9144 11.3053 6.0000
    vertex 20.0000 10.0000 6.0000
  endloop
endfacet
facet normal -0.997859 -0.065403 0.000000
  outer loop
    vertex 11.0250 10.0000 0.0000
    vertex 11.0162 10.1338 6.0000
    vertex 11.0162 10.1338 0.0000
  endloop
endfacet
facet normal -0.997859 -0.065403 0.000000
  outer loop
    vertex 11.0250 10.0000 0.0000
    vertex 11.0250 10.0000 6.0000
    vertex 11.0162 10.1338 6.0000
  endloop
endfacet
facet normal 0.000000 0.000000 -1.000000
  outer loop
    vertex 11.0162 10.1338 0.0000
    vertex 19.6593 12.5882 0.0000
    vertex 19.9144 11.3053 0.0000
  endloop
endfacet
facet normal 0.000000 0.000000 -1.000000
  outer loop
    vertex 11.0162 10.1338 0.0000
    vertex 10.9901 10.2653 0.0000
    vertex 19.6593 12.5882 0.0000
  endloop
endfacet
facet normal 0.000000 0.000000 1.000000
  outer loop
    vertex 11.0162 10.1338 6.0000
    vertex 19.9144 11.3053 6.0000
    vertex 19.6593 12.5882 6.0000
  endloop
endfacet
facet normal 0.000000 -0.000000 1.000000
  outer loop
    vertex 11.0162 10.1338 6.0000
    vertex 19.6593 12.5882 6.0000
    vertex 10.9901 10.2653 6.0000
  endloop
endfacet
facet normal 0.980785 0.195090 0.000000
  outer loop
    vertex 19.9144 11.3053 0.0000
    vertex 19.6593 12.5882 0.0000
    vertex 19.6593 12.5882 6.0000
  endloop
endfacet
facet normal 0.980785 0.195090 -0.000000
  outer loop
    vertex 19.9144 11.3053 0.0000
    vertex 19.6593 12.5882 6.0000
    vertex 19.9144 11.3053 6.0000
  endloop
endfacet
facet normal -0.980785 -0.195090 0.000000
  outer loop
    vertex 11.0162 10.1338 0.0000
    vertex 10.9901 10.2653 6.0000
    vertex 10.9901 10.2653 0.0000
  endloop
endfacet
facet normal -0.980785 -0.195090 0.000000
  outer loop
    vertex 11.0162 10.1338 0.0000
    vertex 11.0162 10.1338 6.0000
    vertex 10.9901 10.2653 6.0000
  endloop
endfacet
facet normal 0.000000 0.000000 -1.000000
  outer loop
    vertex 10.9901 10.2653 0.0000
    vertex 19.2388 13.8268 0.0000
    vertex 19.6593 12.5882 0.0000
  endloop
endfacet
facet normal 0.000000 0.000000 -1.000000
  outer loop
    vertex 10.9901 10.2653 0.0000
    vertex 10.9470 10.3923 0.0000
    vertex 19.2388 13.8268 0.0000
  endloop
endfacet
facet normal 0.000000 0.000000 1.000000
  outer loop
    vertex 10.9901 10.2653 6.0000
    vertex 19.6593 12.5882 6.0000
    vertex 19.2388 13.8268 6.0000
  endloop
endfacet
facet normal 0.000000 -0.000000 1.000000
  outer loop
    vertex 10.9901 10.2653 6.0000
    vertex 19.2388 13.8268 6.0000
    vertex 10.9470 10.3923 6.0000
  endloop
endfacet
facet normal 0.946930 0.321439 0.000000
  outer loop
    vertex 19.6593 12.5882 0.0000
    vertex 19.2388 13.8268 0.0000
    vertex 19.2388 13.8268 6.0000
  endloop
endfacet
facet normal 0.946930 0.321439 -0.000000
  outer loop
    vertex 19.6593 12.5882 0.0000
    vertex 19.2388 13.8268 6.0000
    vertex 19.6593 12.5882 6.0000
  endloop
endfacet
facet normal -0.946930 -0.321439 0.000000
  outer loop
    vertex 10.9901 10.2653 0.0000
    vertex 10.9470 10.3923 6.0000
    vertex 10.9470 10.3923 0.0000
  endloop
endfacet
facet normal -0.946930 -0.321439 0.000000
  outer loop
    vertex 10.9901 10.2653 0.0000
    vertex 10.9901 10.2653 6.0000
    vertex 10.9470 10.3923 6.0000
  endloop
endfacet
facet normal 0.000000 0.000000 -1.000000
  outer loop
    vertex 10.9470 10.3923 0.0000
    vertex 18.6603 15.0000 0.0000
    vertex 19.2388 13.8268 0.0000
  endloop
endfacet
facet normal 0.000000 0.000000 -1.000000
  outer loop
    vertex 10.9470 10.3923 0.0000
    vertex 10.8877 10.5125 0.0000
    vertex 18.6603 15.0000 0.0000
  endloop
endfacet
facet normal 0.000000 0.000000 1.000000
  outer loop
    vertex 10.9470 10.3923 6.0000
    vertex 19.2388 13.8268 6.0000
    vertex 18.6603 15.0000 6.0000
  endloop
endfacet
facet normal 0.000000 -0.000000 1.000000
  outer loop
    vertex 10.9470 10.3923 6.0000
    vertex 18.6603 15.0000 6.0000
    vertex 10.8877 10.5125 6.0000
  endloop
endfacet
facet normal 0.896873 0.442289 0.000000
  outer loop
    vertex 19.2388 13.8268 0.0000
    vertex 18.6603 15.0000 0.0000
    vertex 18.6603 15.0000 6.0000
  endloop
endfacet
facet normal 0.896873 0.442289 -0.000000
  outer loop
    vertex 19.2388 13.8268 0.0000
    vertex 18.6603 15.0000 6.0000
    vertex 19.2388 13.8268 6.0000
  endloop
endfacet
facet normal -0.896873 -0.442289 0.000000
  outer loop
    vertex 10.9470 10.3923 0.0000
    vertex 10.8877 10.5125 6.0000
    vertex 10.8877 10.5125 0.0000
  endloop
endfacet
facet normal -0.896873 -0.442289 0.000000
  outer loop
    vertex 10.9470 10.3923 0.0000
    vertex 10.9470 10.3923 6.0000
    vertex 10.8877 10.5125 6.0000
  endloop
endfacet
facet normal 0.000000 0.000000 -1.000000
  outer loop
    vertex 10.8877 10.5125 0.0000
    vertex 17.9335 16.0876 0.0000
    vertex 18.6603 15.0000 0.0000
  endloop
endfacet
facet normal 0.000000 0.000000 -1.000000
  outer loop
    vertex 10.8877 10.5125 0.0000
    vertex 10.8132 10.6240 0.0000
    vertex 17.9335 16.0876 0.0000
  endloop
endfacet
facet normal 0.000000 0.000000 1.000000
  outer loop
    vertex 10.8877 10.5125 6.0000
    vertex 18.6603 15.0000 6.0000
    vertex 17.9335 16.0876 6.0000
  endloop
endfacet
facet normal 0.000000 -0.000000 1.000000
  outer loop
    vertex 10.8877 10.5125 6.0000
    vertex 17.9335 16.0876 6.0000
    vertex 10.8132 10.6240 6.0000
  endloop
endfacet
facet normal 0.831470 0.555570 0.000000
  outer loop
    vertex 18.6603 15.0000 0.0000
    vertex 17.9335 16.0876 0.0000
    vertex 17.9335 16.0876 6.0000
  endloop
endfacet
facet normal 0.831470 0.555570 -0.000000
  outer loop
    vertex 18.6603 15.0000 0.0000
    vertex 17.9335 16.0876 6.0000
    vertex 18.6603 15.0000 6.0000
  endloop
endfacet
facet normal -0.831470 -0.555570 0.000000
  outer loop
    vertex 10.8877 10.5125 0.0000
    vertex 10.8132 10.6240 6.0000
    vertex 10.8132 10.6240 0.0000
  endloop
endfacet
facet normal -0.831470 -0.555570 0.000000
  outer loop
    vertex 10.8877 10.5125 0.0000
    vertex 10.8877 10.5125 6.0000
    vertex 10.8132 10.6240 6.0000
  endloop
endfacet
facet normal 0.000000 0.000000 -1.000000
  outer loop
    vertex 10.8132 10.6240 0.0000
    vertex 17.0711 17.0711 0.0000
    vertex 17.9335 16.0876 0.0000
  endloop
endfacet
facet normal 0.000000 0.000000 -1.000000
  outer loop
    vertex 10.8132 10.6240 0.0000
    vertex 10.7248 10.7248 0.0000
    vertex 17.0711 17.0711 0.0000
  endloop
endfacet
facet normal 0.000000 0.000000 1.000000
  outer loop
    vertex 10.8132 10.6240 6.0000
    vertex 17.9335 16.0876 6.0000
    vertex 17.0711 17.0711 6.0000
  endloop
endfacet
facet normal 0.000000 -0.000000 1.000000
  outer loop
    vertex 10.8132 10.6240 6.0000
    vertex 17.0711 17.0711 6.0000
    vertex 10.7248 10.7248 6.0000
  endloop
endfacet
facet normal 0.751840 0.659346 0.000000
  outer loop
    vertex 17.9335 16.0876 0.0000
    vertex 17.0711 17.0711 0.0000
    vertex 17.0711 17.0711 6.0000
  endloop
endfacet
facet normal 0.751840 0.659346 -0.000000
  outer loop
    vertex 17.9335 16.0876 0.0000
    vertex 17.0711 17.0711 6.0000
    vertex 17.9335 16.0876 6.0000
  endloop
endfacet
facet normal -0.751840 -0.659346 0.000000
  outer loop
    vertex 10.8132 10.6240 0.0000
    vertex 10.7248 10.7248 6.0000
    vertex 10.7248 10.7248 0.0000
  endloop
endfacet
facet normal -0.751840 -0.659346 0.000000
  outer loop
    vertex 10.8132 10.6240 0.0000
    vertex 10.8132 10.6240 6.0000
    vertex 10.7248 10.7248 6.0000
  endloop
endfacet
facet normal 0.000000 0.000000 -1.000000
  outer loop
    vertex 10.7248 10.7248 0.0000
    vertex 16.0876 17.9335 0.0000
    vertex 17.0711 17.0711 0.0000
  endloop
endfacet
facet normal 0.000000 0.000000 -1.000000
  outer loop
    vertex 10.7248 10.7248 0.0000
    vertex 10.6240 10.8132 0.0000
    vertex 16.0876 17.9335 0.0000
  endloop
endfacet
facet normal 0.000000 0.000000 1.000000
  outer loop
    vertex 10.7248 10.7248 6.0000
    vertex 17.0711 17.0711 6.0000
    vertex 16.0876 17.9335 6.0000
  endloop
endfacet
facet normal 0.000000 -0.000000 1.000000
  outer loop
    vertex 10.7248 10.7248 6.0000
    vertex 16.0876 17.9335 6.0000
    vertex 10.6240 10.8132 6.0000
  endloop
endfacet
facet normal 0.659346 0.751840 0.000000
  outer loop
    vertex 17.0711 17.0711 0.0000
    vertex 16.0876 17.9335 0.0000
    vertex 16.0876 17.9335 6.0000
  endloop
endfacet
facet normal 0.659346 0.751840 -0.000000
  outer loop
    vertex 17.0711 17.0711 0.0000
    vertex 16.0876 17.9335 6.0000
    vertex 17.0711 17.0711 6.0000
  endloop
endfacet
facet normal -0.659346 -0.751840 0.000000
  outer loop
    vertex 10.7248 10.7248 0.0000
    vertex 10.6240 10.8132 6.0000
    vertex 10.6240 10.8132 0.0000
  endloop
endfacet
facet normal -0.659346 -0.751840 0.000000
  outer loop
    vertex 10.7248 10.7248 0.0000
    vertex 10.7248 10.7248 6.0000
    vertex 10.6240 10.8132 6.0000
  endloop
endfacet
facet normal 0.000000 0.000000 -1.000000
  outer loop
    vertex 10.6240 10.8132 0.0000
    vertex 15.0000 18.6603 0.0000
    vertex 16.0876 17.9335 0.0000
  endloop
endfacet
facet normal 0.000000 0.000000 -1.000000
  outer loop
    vertex 10.6240 10.8132 0.0000
    vertex 10.5125 10.8877 0.0000
    vertex 15.0000 18.6603 0.0000
  endloop
endfacet
facet normal 0.000000 0.000000 1.000000
  outer loop
    vertex 10.6240 10.8132 6.0000
    vertex 16.0876 17.9335 6.0000
    vertex 15.0000 18.6603 6.0000
  endloop
endfacet
facet normal 0.000000 -0.000000 1.000000
  outer loop
    vertex 10.6240 10.8132 6.0000
    vertex 15.0000 18.6603 6.0000
    vertex 10.5125 10.8877 6.0000
  endloop
endfacet
facet normal 0.555570 0.831470 0.000000
  outer loop
    vertex 16.0876 17.9335 0.0000
    vertex 15.0000 18.6603 0.0000
    vertex 15.0000 18.6603 6.0000
  endloop
endfacet
facet normal 0.555570 0.831470 -0.000000
  outer loop
    vertex 16.0876 17.9335 0.0000
    vertex 15.0000 18.6603 6.0000
    vertex 16.0876 17.9335 6.0000
  endloop
endfacet
facet normal -0.555570 -0.831470 0.000000
  outer loop
    vertex 10.6240 10.8132 0.0000
    vertex 10.5125 10.8877 6.0000
    vertex 10.5125 10.8877 0.0000
  endloop
endfacet
facet normal -0.555570 -0.831470 0.000000
  outer loop
    vertex 10.6240 10.8132 0.0000
    vertex 10.6240 10.8132 6.0000
    vertex 10.5125 10.8877 6.0000
  endloop
endfacet
facet normal 0.000000 0.000000 -1.000000
  outer loop
    vertex 10.5125 10.8877 0.0000
    vertex 13.8268 19.2388 0.0000
    vertex 15.0000 18.6603 0.0000
  endloop
endfacet
facet normal 0.000000 0.000000 -1.000000
  outer loop
    vertex 10.5125 10.8877 0.0000
    vertex 10.3923 10.9470 0.0000
    vertex 13.8268 19.2388 0.0000
  endloop
endfacet
facet normal 0.000000 0.000000 1.000000
  outer loop
    vertex 10.5125 10.8877 6.0000
    vertex 15.0000 18.6603 6.0000
    vertex 13.8268 19.2388 6.0000
  endloop
endfacet
facet normal 0.000000 -0.000000 1.000000
  outer loop
    vertex 10.5125 10.8877 6.0000
    vertex 13.8268 19.2388 6.0000
    vertex 10.3923 10.9470 6.0000
  endloop
endfacet
facet normal 0.442289 0.896873 0.000000
  outer loop
    vertex 15.0000 18.6603 0.0000
    vertex 13.8268 19.2388 0.0000
    vertex 13.8268 19.2388 6.0000
  endloop
endfacet
facet normal 0.442289 0.896873 -0.000000
  outer loop
    vertex 15.0000 18.6603 0.0000
    vertex 13.8268 19.2388 6.0000
    vertex 15.0000 18.6603 6.0000
  endloop
endfacet
facet normal -0.442289 -0.896873 0.000000
  outer loop
    vertex 10.5125 10.8877 0.0000
    vertex 10.3923 10.9470 6.0000
    vertex 10.3923 10.9470 0.0000
  endloop
endfacet
facet normal -0.442289 -0.896873 0.000000
  outer loop
    vertex 10.5125 10.8877 0.0000
    vertex 10.5125 10.8877 6.0000
    vertex 10.3923 10.9470 6.0000
  endloop
endfacet
facet normal 0.000000 0.000000 -1.000000
  outer loop
    vertex 10.3923 10.9470 0.0000
    vertex 12.5882 19.6593 0.0000
    vertex 13.8268 19.2388 0.0000
  endloop
endfacet
facet normal 0.000000 0.000000 -1.000000
  outer loop
    vertex 10.3923 10.9470 0.0000
    vertex 10.2653 10.9901 0.0000
    vertex 12.5882 19.6593 0.0000
  endloop
endfacet
facet normal 0.000000 0.000000 1.000000
  outer loop
    vertex 10.3923 10.9470 6.0000
    vertex 13.8268 19.2388 6.0000
    vertex 12.5882 19.6593 6.0000
  endloop
endfacet
facet normal 0.000000 -0.000000 1.000000
  outer loop
    vertex 10.3923 10.9470 6.0000
    vertex 12.5882 19.6593 6.0000
    vertex 10.2653 10.9901 6.0000
  endloop
endfacet
facet normal 0.321439 0.946930 0.000000
  outer loop
    vertex 13.8268 19.2388 0.0000
    vertex 12.5882 19.6593 0.0000
    vertex 12.5882 19.6593 6.0000
  endloop
endfacet
facet normal 0.321439 0.946930 -0.000000
  outer loop
    vertex 13.8268 19.2388 0.0000
    vertex 12.5882 19.6593 6.0000
    vertex 13.8268 19.2388 6.0000
  endloop
endfacet
facet normal -0.321439 -0.946930 0.000000
  outer loop
    vertex 10.3923 10.9470 0.0000
    vertex 10.2653 10.9901 6.0000
    vertex 10.2653 10.9901 0.0000
  endloop
endfacet
facet normal -0.321439 -0.946930 0.000000
  outer loop
    vertex 10.3923 10.9470 0.0000
    vertex 10.3923 10.9470 6.0000
    vertex 10.2653 10.9901 6.0000
  endloop
endfacet
facet normal 0.000000 0.000000 -1.000000
  outer loop
    vertex 10.2653 10.9901 0.0000
    vertex 11.3053 19.9144 0.0000
    vertex 12.5882 19.6593 0.0000
  endloop
endfacet
facet normal 0.000000 0.000000 -1.000000
  outer loop
    vertex 10.2653 10.9901 0.0000
    vertex 10.1338 11.0162 0.0000
    vertex 11.3053 19.9144 0.0000
  endloop
endfacet
facet normal 0.000000 0.000000 1.000000
  outer loop
    vertex 10.2653 10.9901 6.0000
    vertex 12.5882 19.6593 6.0000
    vertex 11.3053 19.9144 6.0000
  endloop
endfacet
facet normal 0.000000 -0.000000 1.000000
  outer loop
    vertex 10.2653 10.9901 6.0000
    vertex 11.3053 19.9144 6.0000
    vertex 10.1338 11.0162 6.0000
  endloop
endfacet
facet normal 0.195090 0.980785 0.000000
  outer loop
    vertex 12.5882 19.6593 0.0000
    vertex 11.3053 19.9144 0.0000
    vertex 11.3053 19.9144 6.0000
  endloop
endfacet
facet normal 0.195090 0.980785 -0.000000
  outer loop
    vertex 12.5882 19.6593 0.0000
    vertex 11.3053 19.9144 6.0000
    vertex 12.5882 19.6593 6.0000
  endloop
endfacet
facet normal -0.195090 -0.980785 0.000000
  outer loop
    vertex 10.2653 10.9901 0.0000
    vertex 10.1338 11.0162 6.0000
    vertex 10.1338 11.0162 0.0000
  endloop
endfacet
facet normal -0.195090 -0.980785 0.000000
  outer loop
    vertex 10.2653 10.9901 0.0000
    vertex 10.2653 10.9901 6.0000
    vertex 10.1338 11.0162 6.0000
  endloop
endfacet
facet normal 0.000000 0.000000 -1.000000
  outer loop
    vertex 10.1338 11.0162 0.0000
    vertex 10.0000 20.0000 0.0000
    vertex 11.3053 19.9144 0.0000
  endloop
endfacet
facet normal 0.000000 0.000000 -1.000000
  outer loop
    vertex 10.1338 11.0162 0.0000
    vertex 10.0000 11.0250 0.0000
    vertex 10.0000 20.0000 0.0000
  endloop
endfacet
facet normal 0.000000 -0.000000 1.000000
  outer loop
    vertex 10.1338 11.0162 6.0000
    vertex 11.3053 19.9144 6.0000
    vertex 10.0000 20.0000 6.0000
  endloop
endfacet
facet normal 0.000000 0.000000 1.000000
  outer loop
    vertex 10.1338 11.0162 6.0000
    vertex 10.0000 20.0000 6.0000
    vertex 10.0000 11.0250 6.0000
  endloop
endfacet
facet normal 0.065403 0.997859 0.000000
  outer loop
    vertex 11.3053 19.9144 0.0000
    vertex 10.0000 20.0000 0.0000
    vertex 10.0000 20.0000 6.0000
  endloop
endfacet
facet normal 0.065403 0.997859 -0.000000
  outer loop
    vertex 11.3053 19.9144 0.0000
    vertex 10.0000 20.0000 6.0000
    vertex 11.3053 19.9144 6.0000
  endloop
endfacet
facet normal -0.065403 -0.997859 0.000000
  outer loop
    vertex 10.1338 11.0162 0.0000
    vertex 10.0000 11.0250 6.0000
    vertex 10.0000 11.0250 0.0000
  endloop
endfacet
facet normal -0.065403 -0.997859 0.000000
  outer loop
    vertex 10.1338 11.0162 0.0000
    vertex 10.1338 11.0162 6.0000
    vertex 10.0000 11.0250 6.0000
  endloop
endfacet
facet normal 0.000000 0.000000 -1.000000
  outer loop
    vertex 10.0000 11.0250 0.0000
    vertex 8.6947 19.9144 0.0000
    vertex 10.0000 20.0000 0.0000
  endloop
endfacet
facet normal -0.000000 0.000000 -1.000000
  outer loop
    vertex 10.0000 11.0250 0.0000
    vertex 9.8662 11.0162 0.0000
    vertex 8.6947 19.9144 0.0000
  endloop
endfacet
facet normal 0.000000 -0.000000 1.000000
  outer loop
    vertex 10.0000 11.0250 6.0000
    vertex 10.0000 20.0000 6.0000
    vertex 8.6947 19.9144 6.0000
  endloop
endfacet
facet normal 0.000000 0.000000 1.000000
  outer loop
    vertex 10.0000 11.0250 6.0000
    vertex 8.6947 19.9144 6.0000
    vertex 9.8662 11.0162 6.0000
  endloop
endfacet
facet normal -0.065403 0.997859 0.000000
  outer loop
    vertex 10.0000 20.0000 0.0000
    vertex 8.6947 19.9144 0.0000
    vertex 8.6947 19.9144 6.0000
  endloop
endfacet
facet normal -0.065403 0.997859 0.000000
  outer loop
    vertex 10.0000 20.0000 0.0000
    vertex 8.6947 19.9144 6.0000
    vertex 10.0000 20.0000 6.0000
  endloop
endfacet
facet normal 0.065403 -0.997859 0.000000
  outer loop
    vertex 10.0000 11.0250 0.0000
    vertex 9.8662 11.0162 6.0000
    vertex 9.8662 11.0162 0.0000
  endloop
endfacet
facet normal 0.065403 -0.997859 0.000000
  outer loop
    vertex 10.0000 11.0250 0.0000
    vertex 10.0000 11.0250 6.0000
    vertex 9.8662 11.0162 6.0000
  endloop
endfacet
facet normal 0.000000 0.000000 -1.000000
  outer loop
    vertex 9.8662 11.0162 0.0000
    vertex 7.4118 19.6593 0.0000
    vertex 8.6947 19.9144 0.0000
  endloop
endfacet
facet normal -0.000000 0.000000 -1.000000
  outer loop
    vertex 9.8662 11.0162 0.0000
    vertex 9.7347 10.9901 0.0000
    vertex 7.4118 19.6593 0.0000
  endloop
endfacet
facet normal 0.000000 0.000000 1.000000
  outer loop
    vertex 9.8662 11.0162 6.0000
    vertex 8.6947 19.9144 6.0000
    vertex 7.4118 19.6593 6.0000
  endloop
endfacet
facet normal 0.000000 0.000000 1.000000
  outer loop
    vertex 9.8662 11.0162 6.0000
    vertex 7.4118 19.6593 6.0000
    vertex 9.7347 10.9901 6.0000
  endloop
endfacet
facet normal -0.195090 0.980785 0.000000
  outer loop
    vertex 8.6947 19.9144 0.0000
    vertex 7.4118 19.6593 0.0000
    vertex 7.4118 19.6593 6.0000
  endloop
endfacet
facet normal -0.195090 0.980785 0.000000
  outer loop
    vertex 8.6947 19.9144 0.0000
    vertex 7.4118 19.6593 6.0000
    vertex 8.6947 19.9144 6.0000
  endloop
endfacet
facet normal 0.195090 -0.980785 0.000000
  outer loop
    vertex 9.8662 11.0162 0.0000
    vertex 9.7347 10.9901 6.0000
    vertex 9.7347 10.9901 0.0000
  endloop
endfacet
facet normal 0.195090 -0.980785 0.000000
  outer loop
    vertex 9.8662 11.0162 0.0000
    vertex 9.8662 11.0162 6.0000
    vertex 9.7347 10.9901 6.0000
  endloop
endfacet
facet normal 0.000000 0.000000 -1.000000
  outer loop
    vertex 9.7347 10.9901 0.0000
    vertex 6.1732 19.2388 0.0000
    vertex 7.4118 19.6593 0.0000
  endloop
endfacet
facet normal -0.000000 0.000000 -1.000000
  outer loop
    vertex 9.7347 10.9901 0.0000
    vertex 9.6077 10.9470 0.0000
    vertex 6.1732 19.2388 0.0000
  endloop
endfacet
facet normal 0.000000 0.000000 1.000000
  outer loop
    vertex 9.7347 10.9901 6.0000
    vertex 7.4118 19.6593 6.0000
    vertex 6.1732 19.2388 6.0000
  endloop
endfacet
facet normal 0.000000 0.000000 1.000000
  outer loop
    vertex 9.7347 10.9901 6.0000
    vertex 6.1732 19.2388 6.0000
    vertex 9.6077 10.9470 6.0000
  endloop
endfacet
facet normal -0.321439 0.946930 0.000000
  outer loop
    vertex 7.4118 19.6593 0.0000
    vertex 6.1732 19.2388 0.0000
    vertex 6.1732 19.2388 6.0000
  endloop
endfacet
facet normal -0.321439 0.946930 0.000000
  outer loop
    vertex 7.4118 19.6593 0.0000
    vertex 6.1732 19.2388 6.0000
    vertex 7.4118 19.6593 6.0000
  endloop
endfacet
facet normal 0.321439 -0.946930 0.000000
  outer loop
    vertex 9.7347 10.9901 0.0000
    vertex 9.6077 10.9470 6.0000
    vertex 9.6077 10.9470 0.0000
  endloop
endfacet
facet normal 0.321439 -0.946930 0.000000
  outer loop
    vertex 9.7347 10.9901 0.0000
    vertex 9.7347 10.9901 6.0000
    vertex 9.6077 10.9470 6.0000
  endloop
endfacet
facet normal 0.000000 0.000000 -1.000000
  outer loop
    vertex 9.6077 10.9470 0.0000
    vertex 5.0000 18.6603 0.0000
    vertex 6.1732 19.2388 0.0000
  endloop
endfacet
facet normal -0.000000 0.000000 -1.000000
  outer loop
    vertex 9.6077 10.9470 0.0000
    vertex 9.4875 10.8877 0.0000
    vertex 5.0000 18.6603 0.0000
  endloop
endfacet
facet normal 0.000000 0.000000 1.000000
  outer loop
    vertex 9.6077 10.9470 6.0000
    vertex 6.1732 19.2388 6.0000
    vertex 5.0000 18.6603 6.0000
  endloop
endfacet
facet normal 0.000000 0.000000 1.000000
  outer loop
    vertex 9.6077 10.9470 6.0000
    vertex 5.0000 18.6603 6.0000
    vertex 9.4875 10.8877 6.0000
  endloop
endfacet
facet normal -0.442289 0.896873 0.000000
  outer loop
    vertex 6.1732 19.2388 0.0000
    vertex 5.0000 18.6603 0.0000
    vertex 5.0000 18.6603 6.0000
  endloop
endfacet
facet normal -0.442289 0.896873 0.000000
  outer loop
    vertex 6.1732 19.2388 0.0000
    vertex 5.0000 18.6603 6.0000
    vertex 6.1732 19.2388 6.0000
  endloop
endfacet
facet normal 0.442289 -0.896873 0.000000
  outer loop
    vertex 9.6077 10.9470 0.0000
    vertex 9.4875 10.8877 6.0000
    vertex 9.4875 10.8877 0.0000
  endloop
endfacet
facet normal 0.442289 -0.896873 0.000000
  outer loop
    vertex 9.6077 10.9470 0.0000
    vertex 9.6077 10.9470 6.0000
    vertex 9.4875 10.8877 6.0000
  endloop
endfacet
facet normal 0.000000 0.000000 -1.000000
  outer loop
    vertex 9.4875 10.8877 0.0000
    vertex 3.9124 17.9335 0.0000
    vertex 5.0000 18.6603 0.0000
  endloop
endfacet
facet normal -0.000000 0.000000 -1.000000
  outer loop
    vertex 9.4875 10.8877 0.0000
    vertex 9.3760 10.8132 0.0000
    vertex 3.9124 17.9335 0.0000
  endloop
endfacet
facet normal 0.000000 0.000000 1.000000
  outer loop
    vertex 9.4875 10.8877 6.0000
    vertex 5.0000 18.6603 6.0000
    vertex 3.9124 17.9335 6.0000
  endloop
endfacet
facet normal 0.000000 0.000000 1.000000
  outer loop
    vertex 9.4875 10.8877 6.0000
    vertex 3.9124 17.9335 6.0000
    vertex 9.3760 10.8132 6.0000
  endloop
endfacet
facet normal -0.555570 0.831470 0.000000
  outer loop
    vertex 5.0000 18.6603 0.0000
    vertex 3.9124 17.9335 0.0000
    vertex 3.9124 17.9335 6.0000
  endloop
endfacet
facet normal -0.555570 0.831470 0.000000
  outer loop
    vertex 5.0000 18.6603 0.0000
    vertex 3.9124 17.9335 6.0000
    vertex 5.0000 18.6603 6.0000
  endloop
endfacet
facet normal 0.555570 -0.831470 0.000000
  outer loop
    vertex 9.4875 10.8877 0.0000
    vertex 9.3760 10.8132 6.0000
    vertex 9.3760 10.8132 0.0000
  endloop
endfacet
facet normal 0.555570 -0.831470 0.000000
  outer loop
    vertex 9.4875 10.8877 0.0000
    vertex 9.4875 10.8877 6.0000
    vertex 9.3760 10.8132 6.0000
  endloop
endfacet
facet normal 0.000000 0.000000 -1.000000
  outer loop
    vertex 9.3760 10.8132 0.0000
    vertex 2.9289 17.0711 0.0000
    vertex 3.9124 17.9335 0.0000
  endloop
endfacet
facet normal -0.000000 0.000000 -1.000000
  outer loop
    vertex 9.3760 10.8132 0.0000
    vertex 9.2752 10.7248 0.0000
    vertex 2.9289 17.0711 0.0000
  endloop
endfacet
facet normal 0.000000 0.000000 1.000000
  outer loop
    vertex 9.3760 10.8132 6.0000
    vertex 3.9124 17.9335 6.0000
    vertex 2.9289 17.0711 6.0000
  endloop
endfacet
facet normal 0.000000 0.000000 1.000000
  outer loop
    vertex 9.3760 10.8132 6.0000
    vertex 2.9289 17.0711 6.0000
    vertex 9.2752 10.7248 6.0000
  endloop
endfacet
facet normal -0.659346 0.751840 0.000000
  outer loop
    vertex 3.9124 17.9335 0.0000
    vertex 2.9289 17.0711 0.0000
    vertex 2.9289 17.0711 6.0000
  endloop
endfacet
facet normal -0.659346 0.751840 0.000000
  outer loop
    vertex 3.9124 17.9335 0.0000
    vertex 2.9289 17.0711 6.0000
    vertex 3.9124 17.9335 6.0000
  endloop
endfacet
facet normal 0.659346 -0.751840 0.000000
  outer loop
    vertex 9.3760 10.8132 0.0000
    vertex 9.2752 10.7248 6.0000
    vertex 9.2752 10.7248 0.0000
  endloop
endfacet
facet normal 0.659346 -0.751840 0.000000
  outer loop
    vertex 9.3760 10.8132 0.0000
    vertex 9.3760 10.8132 6.0000
    vertex 9.2752 10.7248 6.0000
  endloop
endfacet
facet normal 0.000000 0.000000 -1.000000
  outer loop
    vertex 9.2752 10.7248 0.0000
    vertex 2.0665 16.0876 0.0000
    vertex 2.9289 17.0711 0.0000
  endloop
endfacet
facet normal -0.000000 0.000000 -1.000000
  outer loop
    vertex 9.2752 10.7248 0.0000
    vertex 9.1868 10.6240 0.0000
    vertex 2.0665 16.0876 0.0000
  endloop
endfacet
facet normal 0.000000 0.000000 1.000000
  outer loop
    vertex 9.2752 10.7248 6.0000
    vertex 2.9289 17.0711 6.0000
    vertex 2.0665 16.0876 6.0000
  endloop
endfacet
facet normal 0.000000 0.000000 1.000000
  outer loop
    vertex 9.2752 10.7248 6.0000
    vertex 2.0665 16.0876 6.0000
    vertex 9.1868 10.6240 6.0000
  endloop
endfacet
facet normal -0.751840 0.659346 0.000000
  outer loop
    vertex 2.9289 17.0711 0.0000
    vertex 2.0665 16.0876 0.0000
    vertex 2.0665 16.0876 6.0000
  endloop
endfacet
facet normal -0.751840 0.659346 0.000000
  outer loop
    vertex 2.9289 17.0711 0.0000
    vertex 2.0665 16.0876 6.0000
    vertex 2.9289 17.0711 6.0000
  endloop
endfacet
facet normal 0.751840 -0.659346 0.000000
  outer loop
    vertex 9.2752 10.7248 0.0000
    vertex 9.1868 10.6240 6.0000
    vertex 9.1868 10.6240 0.0000
  endloop
endfacet
facet normal 0.751840 -0.659346 0.000000
  outer loop
    vertex 9.2752 10.7248 0.0000
    vertex 9.2752 10.7248 6.0000
    vertex 9.1868 10.6240 6.0000
  endloop
endfacet
facet normal 0.000000 0.000000 -1.000000
  outer loop
    vertex 9.1868 10.6240 0.0000
    vertex 1.3397 15.0000 0.0000
    vertex 2.0665 16.0876 0.0000
  endloop
endfacet
facet normal -0.000000 0.000000 -1.000000
  outer loop
    vertex 9.1868 10.6240 0.0000
    vertex 9.1123 10.5125 0.0000
    vertex 1.3397 15.0000 0.0000
  endloop
endfacet
facet normal 0.000000 0.000000 1.000000
  outer loop
    vertex 9.1868 10.6240 6.0000
    vertex 2.0665 16.0876 6.0000
    vertex 1.3397 15.0000 6.0000
  endloop
endfacet
facet normal 0.000000 0.000000 1.000000
  outer loop
    vertex 9.1868 10.6240 6.0000
    vertex 1.3397 15.0000 6.0000
    vertex 9.1123 10.5125 6.0000
  endloop
endfacet
facet normal -0.831470 0.555570 0.000000
  outer loop
    vertex 2.0665 16.0876 0.0000
    vertex 1.3397 15.0000 0.0000
    vertex 1.3397 15.0000 6.0000
  endloop
endfacet
facet normal -0.831470 0.555570 0.000000
  outer loop
    vertex 2.0665 16.0876 0.0000
    vertex 1.3397 15.0000 6.0000
    vertex 2.0665 16.0876 6.0000
  endloop
endfacet
facet normal 0.831470 -0.555570 0.000000
  outer loop
    vertex 9.1868 10.6240 0.0000
    vertex 9.1123 10.5125 6.0000
    vertex 9.1123 10.5125 0.0000
  endloop
endfacet
facet normal 0.831470 -0.555570 0.000000
  outer loop
    vertex 9.1868 10.6240 0.0000
    vertex 9.1868 10.6240 6.0000
    vertex 9.1123 10.5125 6.0000
  endloop
endfacet
facet normal 0.000000 0.000000 -1.000000
  outer loop
    vertex 9.1123 10.5125 0.0000
    vertex 0.7612 13.8268 0.0000
    vertex 1.3397 15.0000 0.0000
  endloop
endfacet
facet normal -0.000000 0.000000 -1.000000
  outer loop
    vertex 9.1123 10.5125 0.0000
    vertex 9.0530 10.3923 0.0000
    vertex 0.7612 13.8268 0.0000
  endloop
endfacet
facet normal 0.000000 0.000000 1.000000
  outer loop
    vertex 9.1123 10.5125 6.0000
    vertex 1.3397 15.0000 6.0000
    vertex 0.7612 13.8268 6.0000
  endloop
endfacet
facet normal 0.000000 0.000000 1.000000
  outer loop
    vertex 9.1123 10.5125 6.0000
    vertex 0.7612 13.8268 6.0000
    vertex 9.0530 10.3923 6.0000
  endloop
endfacet
facet normal -0.896873 0.442289 0.000000
  outer loop
    vertex 1.3397 15.0000 0.0000
    vertex 0.7612 13.8268 0.0000
    vertex 0.7612 13.8268 6.0000
  endloop
endfacet
facet normal -0.896873 0.442289 0.000000
  outer loop
    vertex 1.3397 15.0000 0.0000
    vertex 0.7612 13.8268 6.0000
    vertex 1.3397 15.0000 6.0000
  endloop
endfacet
facet normal 0.896873 -0.442289 0.000000
  outer loop
    vertex 9.1123 10.5125 0.0000
    vertex 9.0530 10.3923 6.0000
    vertex 9.0530 10.3923 0.0000
  endloop
endfacet
facet normal 0.896873 -0.442289 0.000000
  outer loop
    vertex 9.1123 10.5125 0.0000
    vertex 9.1123 10.5125 6.0000
    vertex 9.0530 10.3923 6.0000
  endloop
endfacet
facet normal 0.000000 0.000000 -1.000000
  outer loop
    vertex 9.0530 10.3923 0.0000
    vertex 0.3407 12.5882 0.0000
    vertex 0.7612 13.8268 0.0000
  endloop
endfacet
facet normal -0.000000 0.000000 -1.000000
  outer loop
    vertex 9.0530 10.3923 0.0000
    vertex 9.0099 10.2653 0.0000
    vertex 0.3407 12.5882 0.0000
  endloop
endfacet
facet normal 0.000000 0.000000 1.000000
  outer loop
    vertex 9.0530 10.3923 6.0000
    vertex 0.7612 13.8268 6.0000
    vertex 0.3407 12.5882 6.0000
  endloop
endfacet
facet normal 0.000000 0.000000 1.000000
  outer loop
    vertex 9.0530 10.3923 6.0000
    vertex 0.3407 12.5882 6.0000
    vertex 9.0099 10.2653 6.0000
  endloop
endfacet
facet normal -0.946930 0.321439 0.000000
  outer loop
    vertex 0.7612 13.8268 0.0000
    vertex 0.3407 12.5882 0.0000
    vertex 0.3407 12.5882 6.0000
  endloop
endfacet
facet normal -0.946930 0.321439 0.000000
  outer loop
    vertex 0.7612 13.8268 0.0000
    vertex 0.3407 12.5882 6.0000
    vertex 0.7612 13.8268 6.0000
  endloop
endfacet
facet normal 0.946930 -0.321439 0.000000
  outer loop
    vertex 9.0530 10.3923 0.0000
    vertex 9.0099 10.2653 6.0000
    vertex 9.0099 10.2653 0.0000
  endloop
endfacet
facet normal 0.946930 -0.321439 0.000000
  outer loop
    vertex 9.0530 10.3923 0.0000
    vertex 9.0530 10.3923 6.0000
    vertex 9.0099 10.2653 6.0000
  endloop
endfacet
facet normal 0.000000 0.000000 -1.000000
  outer loop
    vertex 9.0099 10.2653 0.0000
    vertex 0.0856 11.3053 0.0000
    vertex 0.3407 12.5882 0.0000
  endloop
endfacet
facet normal -0.000000 0.000000 -1.000000
  outer loop
    vertex 9.0099 10.2653 0.0000
    vertex 8.9838 10.1338 0.0000
    vertex 0.0856 11.3053 0.0000
  endloop
endfacet
facet normal 0.000000 0.000000 1.000000
  outer loop
    vertex 9.0099 10.2653 6.0000
    vertex 0.3407 12.5882 6.0000
    vertex 0.0856 11.3053 6.0000
  endloop
endfacet
facet normal 0.000000 0.000000 1.000000
  outer loop
    vertex 9.0099 10.2653 6.0000
    vertex 0.0856 11.3053 6.0000
    vertex 8.9838 10.1338 6.0000
  endloop
endfacet
facet normal -0.980785 0.195090 0.000000
  outer loop
    vertex 0.3407 12.5882 0.0000
    vertex 0.0856 11.3053 0.0000
    vertex 0.0856 11.3053 6.0000
  endloop
endfacet
facet normal -0.980785 0.195090 0.000000
  outer loop
    vertex 0.3407 12.5882 0.0000
    vertex 0.0856 11.3053 6.0000
    vertex 0.3407 12.5882 6.0000
  endloop
endfacet
facet normal 0.980785 -0.195090 0.000000
  outer loop
    vertex 9.0099 10.2653 0.0000
    vertex 8.9838 10.1338 6.0000
    vertex 8.9838 10.1338 0.0000
  endloop
endfacet
facet normal 0.980785 -0.195090 0.000000
  outer loop
    vertex 9.0099 10.2653 0.0000
    vertex 9.0099 10.2653 6.0000
    vertex 8.9838 10.1338 6.0000
  endloop
endfacet
facet normal -0.000000 0.000000 -1.000000
  outer loop
    vertex 8.9838 10.1338 0.0000
    vertex 0.0000 10.0000 0.0000
    vertex 0.0856 11.3053 0.0000
  endloop
endfacet
facet normal 0.000000 0.000000 -1.000000
  outer loop
    vertex 8.9838 10.1338 0.0000
    vertex 8.9750 10.0000 0.0000
    vertex 0.0000 10.0000 0.0000
  endloop
endfacet
facet normal 0.000000 0.000000 1.000000
  outer loop
    vertex 8.9838 10.1338 6.0000
    vertex 0.0856 11.3053 6.0000
    vertex 0.0000 10.0000 6.0000
  endloop
endfacet
facet normal 0.000000 0.000000 1.000000
  outer loop
    vertex 8.9838 10.1338 6.0000
    vertex 0.0000 10.0000 6.0000
    vertex 8.9750 10.0000 6.0000
  endloop
endfacet
facet normal -0.997859 0.065403 0.000000
  outer loop
    vertex 0.0856 11.3053 0.0000
    vertex 0.0000 10.0000 0.0000
    vertex 0.0000 10.0000 6.0000
  endloop
endfacet
facet normal -0.997859 0.065403 0.000000
  outer loop
    vertex 0.0856 11.3053 0.0000
    vertex 0.0000 10.0000 6.0000
    vertex 0.0856 11.3053 6.0000
  endloop
endfacet
facet normal 0.997859 -0.065403 0.000000
  outer loop
    vertex 8.9838 10.1338 0.0000
    vertex 8.9750 10.0000 6.0000
    vertex 8.9750 10.0000 0.0000
  endloop
endfacet
facet normal 0.997859 -0.065403 0.000000
  outer loop
    vertex 8.9838 10.1338 0.0000
    vertex 8.9838 10.1338 6.0000
    vertex 8.9750 10.0000 6.0000
  endloop
endfacet
facet normal -0.000000 0.000000 -1.000000
  outer loop
    vertex 8.9750 10.0000 0.0000
    vertex 0.0856 8.6947 0.0000
    vertex 0.0000 10.0000 0.0000
  endloop
endfacet
facet normal 0.000000 -0.000000 -1.000000
  outer loop
    vertex 8.9750 10.0000 0.0000
    vertex 8.9838 9.8662 0.0000
    vertex 0.0856 8.6947 0.0000
  endloop
endfacet
facet normal 0.000000 0.000000 1.000000
  outer loop
    vertex 8.9750 10.0000 6.0000
    vertex 0.0000 10.0000 6.0000
    vertex 0.0856 8.6947 6.0000
  endloop
endfacet
facet normal 0.000000 0.000000 1.000000
  outer loop
    vertex 8.9750 10.0000 6.0000
    vertex 0.0856 8.6947 6.0000
    vertex 8.9838 9.8662 6.0000
  endloop
endfacet
facet normal -0.997859 -0.065403 0.000000
  outer loop
    vertex 0.0000 10.0000 0.0000
    vertex 0.0856 8.6947 0.0000
    vertex 0.0856 8.6947 6.0000
  endloop
endfacet
facet normal -0.997859 -0.065403 0.000000
  outer loop
    vertex 0.0000 10.0000 0.0000
    vertex 0.0856 8.6947 6.0000
    vertex 0.0000 10.0000 6.0000
  endloop
endfacet
facet normal 0.997859 0.065403 0.000000
  outer loop
    vertex 8.9750 10.0000 0.0000
    vertex 8.9838 9.8662 6.0000
    vertex 8.9838 9.8662 0.0000
  endloop
endfacet
facet normal 0.997859 0.065403 -0.000000
  outer loop
    vertex 8.9750 10.0000 0.0000
    vertex 8.9750 10.0000 6.0000
    vertex 8.9838 9.8662 6.0000
  endloop
endfacet
facet normal 0.000000 0.000000 -1.000000
  outer loop
    vertex 8.9838 9.8662 0.0000
    vertex 0.3407 7.4118 0.0000
    vertex 0.0856 8.6947 0.0000
  endloop
endfacet
facet normal 0.000000 -0.000000 -1.000000
  outer loop
    vertex 8.9838 9.8662 0.0000
    vertex 9.0099 9.7347 0.0000
    vertex 0.3407 7.4118 0.0000
  endloop
endfacet
facet normal 0.000000 0.000000 1.000000
  outer loop
    vertex 8.9838 9.8662 6.0000
    vertex 0.0856 8.6947 6.0000
    vertex 0.3407 7.4118 6.0000
  endloop
endfacet
facet normal 0.000000 0.000000 1.000000
  outer loop
    vertex 8.9838 9.8662 6.0000
    vertex 0.3407 7.4118 6.0000
    vertex 9.0099 9.7347 6.0000
  endloop
endfacet
facet normal -0.980785 -0.195090 0.000000
  outer loop
    vertex 0.0856 8.6947 0.0000
    vertex 0.3407 7.4118 0.0000
    vertex 0.3407 7.4118 6.0000
  endloop
endfacet
facet normal -0.980785 -0.195090 0.000000
  outer loop
    vertex 0.0856 8.6947 0.0000
    vertex 0.3407 7.4118 6.0000
    vertex 0.0856 8.6947 6.0000
  endloop
endfacet
facet normal 0.980785 0.195090 0.000000
  outer loop
    vertex 8.9838 9.8662 0.0000
    vertex 9.0099 9.7347 6.0000
    vertex 9.0099 9.7347 0.0000
  endloop
endfacet
facet normal 0.980785 0.195090 -0.000000
  outer loop
    vertex 8.9838 9.8662 0.0000
    vertex 8.9838 9.8662 6.0000
    vertex 9.0099 9.7347 6.0000
  endloop
endfacet
facet normal 0.000000 0.000000 -1.000000
  outer loop
    vertex 9.0099 9.7347 0.0000
    vertex 0.7612 6.1732 0.0000
    vertex 0.3407 7.4118 0.0000
  endloop
endfacet
facet normal 0.000000 -0.000000 -1.000000
  outer loop
    vertex 9.0099 9.7347 0.0000
    vertex 9.0530 9.6077 0.0000
    vertex 0.7612 6.1732 0.0000
  endloop
endfacet
facet normal 0.000000 0.000000 1.000000
  outer loop
    vertex 9.0099 9.7347 6.0000
    vertex 0.3407 7.4118 6.0000
    vertex 0.7612 6.1732 6.0000
  endloop
endfacet
facet normal 0.000000 0.000000 1.000000
  outer loop
    vertex 9.0099 9.7347 6.0000
    vertex 0.7612 6.1732 6.0000
    vertex 9.0530 9.6077 6.0000
  endloop
endfacet
facet normal -0.946930 -0.321439 0.000000
  outer loop
    vertex 0.3407 7.4118 0.0000
    vertex 0.7612 6.1732 0.0000
    vertex 0.7612 6.1732 6.0000
  endloop
endfacet
facet normal -0.946930 -0.321439 0.000000
  outer loop
    vertex 0.3407 7.4118 0.0000
    vertex 0.7612 6.1732 6.0000
    vertex 0.3407 7.4118 6.0000
  endloop
endfacet
facet normal 0.946930 0.321439 0.000000
  outer loop
    vertex 9.0099 9.7347 0.0000
    vertex 9.0530 9.6077 6.0000
    vertex 9.0530 9.6077 0.0000
  endloop
endfacet
facet normal 0.946930 0.321439 -0.000000
  outer loop
    vertex 9.0099 9.7347 0.0000
    vertex 9.0099 9.7347 6.0000
    vertex 9.0530 9.6077 6.0000
  endloop
endfacet
facet normal 0.000000 0.000000 -1.000000
  outer loop
    vertex 9.0530 9.6077 0.0000
    vertex 1.3397 5.0000 0.0000
    vertex 0.7612 6.1732 0.0000
  endloop
endfacet
facet normal 0.000000 -0.000000 -1.000000
  outer loop
    vertex 9.0530 9.6077 0.0000
    vertex 9.1123 9.4875 0.0000
    vertex 1.3397 5.0000 0.0000
  endloop
endfacet
facet normal 0.000000 0.000000 1.000000
  outer loop
    vertex 9.0530 9.6077 6.0000
    vertex 0.7612 6.1732 6.0000
    vertex 1.3397 5.0000 6.0000
  endloop
endfacet
facet normal 0.000000 0.000000 1.000000
  outer loop
    vertex 9.0530 9.6077 6.0000
    vertex 1.3397 5.0000 6.0000
    vertex 9.1123 9.4875 6.0000
  endloop
endfacet
facet normal -0.896873 -0.442289 0.000000
  outer loop
    vertex 0.7612 6.1732 0.0000
    vertex 1.3397 5.0000 0.0000
    vertex 1.3397 5.0000 6.0000
  endloop
endfacet
facet normal -0.896873 -0.442289 0.000000
  outer loop
    vertex 0.7612 6.1732 0.0000
    vertex 1.3397 5.0000 6.0000
    vertex 0.7612 6.1732 6.0000
  endloop
endfacet
facet normal 0.896873 0.442289 0.000000
  outer loop
    vertex 9.0530 9.6077 0.0000
    vertex 9.1123 9.4875 6.0000
    vertex 9.1123 9.4875 0.0000
  endloop
endfacet
facet normal 0.896873 0.442289 -0.000000
  outer loop
    vertex 9.0530 9.6077 0.0000
    vertex 9.0530 9.6077 6.0000
    vertex 9.1123 9.4875 6.0000
  endloop
endfacet
facet normal 0.000000 0.000000 -1.000000
  outer loop
    vertex 9.1123 9.4875 0.0000
    vertex 2.0665 3.9124 0.0000
    vertex 1.3397 5.0000 0.0000
  endloop
endfacet
facet normal 0.000000 -0.000000 -1.000000
  outer loop
    vertex 9.1123 9.4875 0.0000
    vertex 9.1868 9.3760 0.0000
    vertex 2.0665 3.9124 0.0000
  endloop
endfacet
facet normal 0.000000 0.000000 1.000000
  outer loop
    vertex 9.1123 9.4875 6.0000
    vertex 1.3397 5.0000 6.0000
    vertex 2.0665 3.9124 6.0000
  endloop
endfacet
facet normal 0.000000 0.000000 1.000000
  outer loop
    vertex 9.1123 9.4875 6.0000
    vertex 2.0665 3.9124 6.0000
    vertex 9.1868 9.3760 6.0000
  endloop
endfacet
facet normal -0.831470 -0.555570 0.000000
  outer loop
    vertex 1.3397 5.0000 0.0000
    vertex 2.0665 3.9124 0.0000
    vertex 2.0665 3.9124 6.0000
  endloop
endfacet
facet normal -0.831470 -0.555570 0.000000
  outer loop
    vertex 1.3397 5.0000 0.0000
    vertex 2.0665 3.9124 6.0000
    vertex 1.3397 5.0000 6.0000
  endloop
endfacet
facet normal 0.831470 0.555570 0.000000
  outer loop
    vertex 9.1123 9.4875 0.0000
    vertex 9.1868 9.3760 6.0000
    vertex 9.1868 9.3760 0.0000
  endloop
endfacet
facet normal 0.831470 0.555570 -0.000000
  outer loop
    vertex 9.1123 9.4875 0.0000
    vertex 9.1123 9.4875 6.0000
    vertex 9.1868 9.3760 6.0000
  endloop
endfacet
facet normal 0.000000 0.000000 -1.000000
  outer loop
    vertex 9.1868 9.3760 0.0000
    vertex 2.9289 2.9289 0.0000
    vertex 2.0665 3.9124 0.0000
  endloop
endfacet
facet normal 0.000000 -0.000000 -1.000000
  outer loop
    vertex 9.1868 9.3760 0.0000
    vertex 9.2752 9.2752 0.0000
    vertex 2.9289 2.9289 0.0000
  endloop
endfacet
facet normal 0.000000 0.000000 1.000000
  outer loop
    vertex 9.1868 9.3760 6.0000
    vertex 2.0665 3.9124 6.0000
    vertex 2.9289 2.9289 6.0000
  endloop
endfacet
facet normal 0.000000 0.000000 1.000000
  outer loop
    vertex 9.1868 9.3760 6.0000
    vertex 2.9289 2.9289 6.0000
    vertex 9.2752 9.2752 6.0000
  endloop
endfacet
facet normal -0.751840 -0.659346 0.000000
  outer loop
    vertex 2.0665 3.9124 0.0000
    vertex 2.9289 2.9289 0.0000
    vertex 2.9289 2.9289 6.0000
  endloop
endfacet
facet normal -0.751840 -0.659346 0.000000
  outer loop
    vertex 2.0665 3.9124 0.0000
    vertex 2.9289 2.9289 6.0000
    vertex 2.0665 3.9124 6.0000
  endloop
endfacet
facet normal 0.751840 0.659346 0.000000
  outer loop
    vertex 9.1868 9.3760 0.0000
    vertex 9.2752 9.2752 6.0000
    vertex 9.2752 9.2752 0.0000
  endloop
endfacet
facet normal 0.751840 0.659346 -0.000000
  outer loop
    vertex 9.1868 9.3760 0.0000
    vertex 9.1868 9.3760 6.0000
    vertex 9.2752 9.2752 6.0000
  endloop
endfacet
facet normal 0.000000 0.000000 -1.000000
  outer loop
    vertex 9.2752 9.2752 0.0000
    vertex 3.9124 2.0665 0.0000
    vertex 2.9289 2.9289 0.0000
  endloop
endfacet
facet normal 0.000000 -0.000000 -1.000000
  outer loop
    vertex 9.2752 9.2752 0.0000
    vertex 9.3760 9.1868 0.0000
    vertex 3.9124 2.0665 0.0000
  endloop
endfacet
facet normal 0.000000 0.000000 1.000000
  outer loop
    vertex 9.2752 9.2752 6.0000
    vertex 2.9289 2.9289 6.0000
    vertex 3.9124 2.0665 6.0000
  endloop
endfacet
facet normal 0.000000 0.000000 1.000000
  outer loop
    vertex 9.2752 9.2752 6.0000
    vertex 3.9124 2.0665 6.0000
    vertex 9.3760 9.1868 6.0000
  endloop
endfacet
facet normal -0.659346 -0.751840 0.000000
  outer loop
    vertex 2.9289 2.9289 0.0000
    vertex 3.9124 2.0665 0.0000
    vertex 3.9124 2.0665 6.0000
  endloop
endfacet
facet normal -0.659346 -0.751840 0.000000
  outer loop
    vertex 2.9289 2.9289 0.0000
    vertex 3.9124 2.0665 6.0000
    vertex 2.9289 2.9289 6.0000
  endloop
endfacet
facet normal 0.659346 0.751840 0.000000
  outer loop
    vertex 9.2752 9.2752 0.0000
    vertex 9.3760 9.1868 6.0000
    vertex 9.3760 9.1868 0.0000
  endloop
endfacet
facet normal 0.659346 0.751840 -0.000000
  outer loop
    vertex 9.2752 9.2752 0.0000
    vertex 9.2752 9.2752 6.0000
    vertex 9.3760 9.1868 6.0000
  endloop
endfacet
facet normal 0.000000 0.000000 -1.000000
  outer loop
    vertex 9.3760 9.1868 0.0000
    vertex 5.0000 1.3397 0.0000
    vertex 3.9124 2.0665 0.0000
  endloop
endfacet
facet normal 0.000000 -0.000000 -1.000000
  outer loop
    vertex 9.3760 9.1868 0.0000
    vertex 9.4875 9.1123 0.0000
    vertex 5.0000 1.3397 0.0000
  endloop
endfacet
facet normal 0.000000 0.000000 1.000000
  outer loop
    vertex 9.3760 9.1868 6.0000
    vertex 3.9124 2.0665 6.0000
    vertex 5.0000 1.3397 6.0000
  endloop
endfacet
facet normal 0.000000 0.000000 1.000000
  outer loop
    vertex 9.3760 9.1868 6.0000
    vertex 5.0000 1.3397 6.0000
    vertex 9.4875 9.1123 6.0000
  endloop
endfacet
facet normal -0.555570 -0.831470 0.000000
  outer loop
    vertex 3.9124 2.0665 0.0000
    vertex 5.0000 1.3397 0.0000
    vertex 5.0000 1.3397 6.0000
  endloop
endfacet
facet normal -0.555570 -0.831470 0.000000
  outer loop
    vertex 3.9124 2.0665 0.0000
    vertex 5.0000 1.3397 6.0000
    vertex 3.9124 2.0665 6.0000
  endloop
endfacet
facet normal 0.555570 0.831470 0.000000
  outer loop
    vertex 9.3760 9.1868 0.0000
    vertex 9.4875 9.1123 6.0000
    vertex 9.4875 9.1123 0.0000
  endloop
endfacet
facet normal 0.555570 0.831470 -0.000000
  outer loop
    vertex 9.3760 9.1868 0.0000
    vertex 9.3760 9.1868 6.0000
    vertex 9.4875 9.1123 6.0000
  endloop
endfacet
facet normal 0.000000 0.000000 -1.000000
  outer loop
    vertex 9.4875 9.1123 0.0000
    vertex 6.1732 0.7612 0.0000
    vertex 5.0000 1.3397 0.0000
  endloop
endfacet
facet normal 0.000000 -0.000000 -1.000000
  outer loop
    vertex 9.4875 9.1123 0.0000
    vertex 9.6077 9.0530 0.0000
    vertex 6.1732 0.7612 0.0000
  endloop
endfacet
facet normal 0.000000 0.000000 1.000000
  outer loop
    vertex 9.4875 9.1123 6.0000
    vertex 5.0000 1.3397 6.0000
    vertex 6.1732 0.7612 6.0000
  endloop
endfacet
facet normal 0.000000 0.000000 1.000000
  outer loop
    vertex 9.4875 9.1123 6.0000
    vertex 6.1732 0.7612 6.0000
    vertex 9.6077 9.0530 6.0000
  endloop
endfacet
facet normal -0.442289 -0.896873 0.000000
  outer loop
    vertex 5.0000 1.3397 0.0000
    vertex 6.1732 0.7612 0.0000
    vertex 6.1732 0.7612 6.0000
  endloop
endfacet
facet normal -0.442289 -0.896873 0.000000
  outer loop
    vertex 5.0000 1.3397 0.0000
    vertex 6.1732 0.7612 6.0000
    vertex 5.0000 1.3397 6.0000
  endloop
endfacet
facet normal 0.442289 0.896873 0.000000
  outer loop
    vertex 9.4875 9.1123 0.0000
    vertex 9.6077 9.0530 6.0000
    vertex 9.6077 9.0530 0.0000
  endloop
endfacet
facet normal 0.442289 0.896873 -0.000000
  outer loop
    vertex 9.4875 9.1123 0.0000
    vertex 9.4875 9.1123 6.0000
    vertex 9.6077 9.0530 6.0000
  endloop
endfacet
facet normal 0.000000 0.000000 -1.000000
  outer loop
    vertex 9.6077 9.0530 0.0000
    vertex 7.4118 0.3407 0.0000
    vertex 6.1732 0.7612 0.0000
  endloop
endfacet
facet normal 0.000000 -0.000000 -1.000000
  outer loop
    vertex 9.6077 9.0530 0.0000
    vertex 9.7347 9.0099 0.0000
    vertex 7.4118 0.3407 0.0000
  endloop
endfacet
facet normal 0.000000 0.000000 1.000000
  outer loop
    vertex 9.6077 9.0530 6.0000
    vertex 6.1732 0.7612 6.0000
    vertex 7.4118 0.3407 6.0000
  endloop
endfacet
facet normal 0.000000 0.000000 1.000000
  outer loop
    vertex 9.6077 9.0530 6.0000
    vertex 7.4118 0.3407 6.0000
    vertex 9.7347 9.0099 6.0000
  endloop
endfacet
facet normal -0.321439 -0.946930 0.000000
  outer loop
    vertex 6.1732 0.7612 0.0000
    vertex 7.4118 0.3407 0.0000
    vertex 7.4118 0.3407 6.0000
  endloop
endfacet
facet normal -0.321439 -0.946930 0.000000
  outer loop
    vertex 6.1732 0.7612 0.0000
    vertex 7.4118 0.3407 6.0000
    vertex 6.1732 0.7612 6.0000
  endloop
endfacet
facet normal 0.321439 0.946930 0.000000
  outer loop
    vertex 9.6077 9.0530 0.0000
    vertex 9.7347 9.0099 6.0000
    vertex 9.7347 9.0099 0.0000
  endloop
endfacet
facet normal 0.321439 0.946930 -0.000000
  outer loop
    vertex 9.6077 9.0530 0.0000
    vertex 9.6077 9.0530 6.0000
    vertex 9.7347 9.0099 6.0000
  endloop
endfacet
facet normal 0.000000 0.000000 -1.000000
  outer loop
    vertex 9.7347 9.0099 0.0000
    vertex 8.6947 0.0856 0.0000
    vertex 7.4118 0.3407 0.0000
  endloop
endfacet
facet normal 0.000000 -0.000000 -1.000000
  outer loop
    vertex 9.7347 9.0099 0.0000
    vertex 9.8662 8.9838 0.0000
    vertex 8.6947 0.0856 0.0000
  endloop
endfacet
facet normal 0.000000 0.000000 1.000000
  outer loop
    vertex 9.7347 9.0099 6.0000
    vertex 7.4118 0.3407 6.0000
    vertex 8.6947 0.0856 6.0000
  endloop
endfacet
facet normal 0.000000 0.000000 1.000000
  outer loop
    vertex 9.7347 9.0099 6.0000
    vertex 8.6947 0.0856 6.0000
    vertex 9.8662 8.9838 6.0000
  endloop
endfacet
facet normal -0.195090 -0.980785 0.000000
  outer loop
    vertex 7.4118 0.3407 0.0000
    vertex 8.6947 0.0856 0.0000
    vertex 8.6947 0.0856 6.0000
  endloop
endfacet
facet normal -0.195090 -0.980785 0.000000
  outer loop
    vertex 7.4118 0.3407 0.0000
    vertex 8.6947 0.0856 6.0000
    vertex 7.4118 0.3407 6.0000
  endloop
endfacet
facet normal 0.195090 0.980785 0.000000
  outer loop
    vertex 9.7347 9.0099 0.0000
    vertex 9.8662 8.9838 6.0000
    vertex 9.8662 8.9838 0.0000
  endloop
endfacet
facet normal 0.195090 0.980785 -0.000000
  outer loop
    vertex 9.7347 9.0099 0.0000
    vertex 9.7347 9.0099 6.0000
    vertex 9.8662 8.9838 6.0000
  endloop
endfacet
facet normal 0.000000 -0.000000 -1.000000
  outer loop
    vertex 9.8662 8.9838 0.0000
    vertex 10.0000 0.0000 0.0000
    vertex 8.6947 0.0856 0.0000
  endloop
endfacet
facet normal 0.000000 0.000000 -1.000000
  outer loop
    vertex 9.8662 8.9838 0.0000
    vertex 10.0000 8.9750 0.0000
    vertex 10.0000 0.0000 0.0000
  endloop
endfacet
facet normal 0.000000 0.000000 1.000000
  outer loop
    vertex 9.8662 8.9838 6.0000
    vertex 8.6947 0.0856 6.0000
    vertex 10.0000 0.0000 6.0000
  endloop
endfacet
facet normal 0.000000 0.000000 1.000000
  outer loop
    vertex 9.8662 8.9838 6.0000
    vertex 10.0000 0.0000 6.0000
    vertex 10.0000 8.9750 6.0000
  endloop
endfacet
facet normal -0.065403 -0.997859 0.000000
  outer loop
    vertex 8.6947 0.0856 0.0000
    vertex 10.0000 0.0000 0.0000
    vertex 10.0000 0.0000 6.0000
  endloop
endfacet
facet normal -0.065403 -0.997859 0.000000
  outer loop
    vertex 8.6947 0.0856 0.0000
    vertex 10.0000 0.0000 6.0000
    vertex 8.6947 0.0856 6.0000
  endloop
endfacet
facet normal 0.065403 0.997859 0.000000
  outer loop
    vertex 9.8662 8.9838 0.0000
    vertex 10.0000 8.9750 6.0000
    vertex 10.0000 8.9750 0.0000
  endloop
endfacet
facet normal 0.065403 0.997859 -0.000000
  outer loop
    vertex 9.8662 8.9838 0.0000
    vertex 9.8662 8.9838 6.0000
    vertex 10.0000 8.9750 6.0000
  endloop
endfacet
facet normal 0.000000 -0.000000 -1.000000
  outer loop
    vertex 10.0000 8.9750 0.0000
    vertex 11.3053 0.0856 0.0000
    vertex 10.0000 0.0000 0.0000
  endloop
endfacet
facet normal 0.000000 0.000000 -1.000000
  outer loop
    vertex 10.0000 8.9750 0.0000
    vertex 10.1338 8.9838 0.0000
    vertex 11.3053 0.0856 0.0000
  endloop
endfacet
facet normal 0.000000 0.000000 1.000000
  outer loop
    vertex 10.0000 8.9750 6.0000
    vertex 10.0000 0.0000 6.0000
    vertex 11.3053 0.0856 6.0000
  endloop
endfacet
facet normal -0.000000 0.000000 1.000000
  outer loop
    vertex 10.0000 8.9750 6.0000
    vertex 11.3053 0.0856 6.0000
    vertex 10.1338 8.9838 6.0000
  endloop
endfacet
facet normal 0.065403 -0.997859 0.000000
  outer loop
    vertex 10.0000 0.0000 0.0000
    vertex 11.3053 0.0856 0.0000
    vertex 11.3053 0.0856 6.0000
  endloop
endfacet
facet normal 0.065403 -0.997859 0.000000
  outer loop
    vertex 10.0000 0.0000 0.0000
    vertex 11.3053 0.0856 6.0000
    vertex 10.0000 0.0000 6.0000
  endloop
endfacet
facet normal -0.065403 0.997859 0.000000
  outer loop
    vertex 10.0000 8.9750 0.0000
    vertex 10.1338 8.9838 6.0000
    vertex 10.1338 8.9838 0.0000
  endloop
endfacet
facet normal -0.065403 0.997859 0.000000
  outer loop
    vertex 10.0000 8.9750 0.0000
    vertex 10.0000 8.9750 6.0000
    vertex 10.1338 8.9838 6.0000
  endloop
endfacet
facet normal 0.000000 0.000000 -1.000000
  outer loop
    vertex 10.1338 8.9838 0.0000
    vertex 12.5882 0.3407 0.0000
    vertex 11.3053 0.0856 0.0000
  endloop
endfacet
facet normal 0.000000 0.000000 -1.000000
  outer loop
    vertex 10.1338 8.9838 0.0000
    vertex 10.2653 9.0099 0.0000
    vertex 12.5882 0.3407 0.0000
  endloop
endfacet
facet normal 0.000000 0.000000 1.000000
  outer loop
    vertex 10.1338 8.9838 6.0000
    vertex 11.3053 0.0856 6.0000
    vertex 12.5882 0.3407 6.0000
  endloop
endfacet
facet normal -0.000000 0.000000 1.000000
  outer loop
    vertex 10.1338 8.9838 6.0000
    vertex 12.5882 0.3407 6.0000
    vertex 10.2653 9.0099 6.0000
  endloop
endfacet
facet normal 0.195090 -0.980785 0.000000
  outer loop
    vertex 11.3053 0.0856 0.0000
    vertex 12.5882 0.3407 0.0000
    vertex 12.5882 0.3407 6.0000
  endloop
endfacet
facet normal 0.195090 -0.980785 0.000000
  outer loop
    vertex 11.3053 0.0856 0.0000
    vertex 12.5882 0.3407 6.0000
    vertex 11.3053 0.0856 6.0000
  endloop
endfacet
facet normal -0.195090 0.980785 0.000000
  outer loop
    vertex 10.1338 8.9838 0.0000
    vertex 10.2653 9.0099 6.0000
    vertex 10.2653 9.0099 0.0000
  endloop
endfacet
facet normal -0.195090 0.980785 0.000000
  outer loop
    vertex 10.1338 8.9838 0.0000
    vertex 10.1338 8.9838 6.0000
    vertex 10.2653 9.0099 6.0000
  endloop
endfacet
facet normal 0.000000 0.000000 -1.000000
  outer loop
    vertex 10.2653 9.0099 0.0000
    vertex 13.8268 0.7612 0.0000
    vertex 12.5882 0.3407 0.0000
  endloop
endfacet
facet normal 0.000000 0.000000 -1.000000
  outer loop
    vertex 10.2653 9.0099 0.0000
    vertex 10.3923 9.0530 0.0000
    vertex 13.8268 0.7612 0.0000
  endloop
endfacet
facet normal 0.000000 0.000000 1.000000
  outer loop
    vertex 10.2653 9.0099 6.0000
    vertex 12.5882 0.3407 6.0000
    vertex 13.8268 0.7612 6.0000
  endloop
endfacet
facet normal -0.000000 0.000000 1.000000
  outer loop
    vertex 10.2653 9.0099 6.0000
    vertex 13.8268 0.7612 6.0000
    vertex 10.3923 9.0530 6.0000
  endloop
endfacet
facet normal 0.321439 -0.946930 0.000000
  outer loop
    vertex 12.5882 0.3407 0.0000
    vertex 13.8268 0.7612 0.0000
    vertex 13.8268 0.7612 6.0000
  endloop
endfacet
facet normal 0.321439 -0.946930 0.000000
  outer loop
    vertex 12.5882 0.3407 0.0000
    vertex 13.8268 0.7612 6.0000
    vertex 12.5882 0.3407 6.0000
  endloop
endfacet
facet normal -0.321439 0.946930 0.000000
  outer loop
    vertex 10.2653 9.0099 0.0000
    vertex 10.3923 9.0530 6.0000
    vertex 10.3923 9.0530 0.0000
  endloop
endfacet
facet normal -0.321439 0.946930 0.000000
  outer loop
    vertex 10.2653 9.0099 0.0000
    vertex 10.2653 9.0099 6.0000
    vertex 10.3923 9.0530 6.0000
  endloop
endfacet
facet normal 0.000000 0.000000 -1.000000
  outer loop
    vertex 10.3923 9.0530 0.0000
    vertex 15.0000 1.3397 0.0000
    vertex 13.8268 0.7612 0.0000
  endloop
endfacet
facet normal 0.000000 0.000000 -1.000000
  outer loop
    vertex 10.3923 9.0530 0.0000
    vertex 10.5125 9.1123 0.0000
    vertex 15.0000 1.3397 0.0000
  endloop
endfacet
facet normal 0.000000 0.000000 1.000000
  outer loop
    vertex 10.3923 9.0530 6.0000
    vertex 13.8268 0.7612 6.0000
    vertex 15.0000 1.3397 6.0000
  endloop
endfacet
facet normal -0.000000 0.000000 1.000000
  outer loop
    vertex 10.3923 9.0530 6.0000
    vertex 15.0000 1.3397 6.0000
    vertex 10.5125 9.1123 6.0000
  endloop
endfacet
facet normal 0.442289 -0.896873 0.000000
  outer loop
    vertex 13.8268 0.7612 0.0000
    vertex 15.0000 1.3397 0.0000
    vertex 15.0000 1.3397 6.0000
  endloop
endfacet
facet normal 0.442289 -0.896873 0.000000
  outer loop
    vertex 13.8268 0.7612 0.0000
    vertex 15.0000 1.3397 6.0000
    vertex 13.8268 0.7612 6.0000
  endloop
endfacet
facet normal -0.442289 0.896873 0.000000
  outer loop
    vertex 10.3923 9.0530 0.0000
    vertex 10.5125 9.1123 6.0000
    vertex 10.5125 9.1123 0.0000
  endloop
endfacet
facet normal -0.442289 0.896873 0.000000
  outer loop
    vertex 10.3923 9.0530 0.0000
    vertex 10.3923 9.0530 6.0000
    vertex 10.5125 9.1123 6.0000
  endloop
endfacet
facet normal 0.000000 0.000000 -1.000000
  outer loop
    vertex 10.5125 9.1123 0.0000
    vertex 16.0876 2.0665 0.0000
    vertex 15.0000 1.3397 0.0000
  endloop
endfacet
facet normal 0.000000 0.000000 -1.000000
  outer loop
    vertex 10.5125 9.1123 0.0000
    vertex 10.6240 9.1868 0.0000
    vertex 16.0876 2.0665 0.0000
  endloop
endfacet
facet normal 0.000000 0.000000 1.000000
  outer loop
    vertex 10.5125 9.1123 6.0000
    vertex 15.0000 1.3397 6.0000
    vertex 16.0876 2.0665 6.0000
  endloop
endfacet
facet normal -0.000000 0.000000 1.000000
  outer loop
    vertex 10.5125 9.1123 6.0000
    vertex 16.0876 2.0665 6.0000
    vertex 10.6240 9.1868 6.0000
  endloop
endfacet
facet normal 0.555570 -0.831470 0.000000
  outer loop
    vertex 15.0000 1.3397 0.0000
    vertex 16.0876 2.0665 0.0000
    vertex 16.0876 2.0665 6.0000
  endloop
endfacet
facet normal 0.555570 -0.831470 0.000000
  outer loop
    vertex 15.0000 1.3397 0.0000
    vertex 16.0876 2.0665 6.0000
    vertex 15.0000 1.3397 6.0000
  endloop
endfacet
facet normal -0.555570 0.831470 0.000000
  outer loop
    vertex 10.5125 9.1123 0.0000
    vertex 10.6240 9.1868 6.0000
    vertex 10.6240 9.1868 0.0000
  endloop
endfacet
facet normal -0.555570 0.831470 0.000000
  outer loop
    vertex 10.5125 9.1123 0.0000
    vertex 10.5125 9.1123 6.0000
    vertex 10.6240 9.1868 6.0000
  endloop
endfacet
facet normal 0.000000 0.000000 -1.000000
  outer loop
    vertex 10.6240 9.1868 0.0000
    vertex 17.0711 2.9289 0.0000
    vertex 16.0876 2.0665 0.0000
  endloop
endfacet
facet normal 0.000000 0.000000 -1.000000
  outer loop
    vertex 10.6240 9.1868 0.0000
    vertex 10.7248 9.2752 0.0000
    vertex 17.0711 2.9289 0.0000
  endloop
endfacet
facet normal 0.000000 0.000000 1.000000
  outer loop
    vertex 10.6240 9.1868 6.0000
    vertex 16.0876 2.0665 6.0000
    vertex 17.0711 2.9289 6.0000
  endloop
endfacet
facet normal -0.000000 0.000000 1.000000
  outer loop
    vertex 10.6240 9.1868 6.0000
    vertex 17.0711 2.9289 6.0000
    vertex 10.7248 9.2752 6.0000
  endloop
endfacet
facet normal 0.659346 -0.751840 0.000000
  outer loop
    vertex 16.0876 2.0665 0.0000
    vertex 17.0711 2.9289 0.0000
    vertex 17.0711 2.9289 6.0000
  endloop
endfacet
facet normal 0.659346 -0.751840 0.000000
  outer loop
    vertex 16.0876 2.0665 0.0000
    vertex 17.0711 2.9289 6.0000
    vertex 16.0876 2.0665 6.0000
  endloop
endfacet
facet normal -0.659346 0.751840 0.000000
  outer loop
    vertex 10.6240 9.1868 0.0000
    vertex 10.7248 9.2752 6.0000
    vertex 10.7248 9.2752 0.0000
  endloop
endfacet
facet normal -0.659346 0.751840 0.000000
  outer loop
    vertex 10.6240 9.1868 0.0000
    vertex 10.6240 9.1868 6.0000
    vertex 10.7248 9.2752 6.0000
  endloop
endfacet
facet normal 0.000000 0.000000 -1.000000
  outer loop
    vertex 10.7248 9.2752 0.0000
    vertex 17.9335 3.9124 0.0000
    vertex 17.0711 2.9289 0.0000
  endloop
endfacet
facet normal 0.000000 0.000000 -1.000000
  outer loop
    vertex 10.7248 9.2752 0.0000
    vertex 10.8132 9.3760 0.0000
    vertex 17.9335 3.9124 0.0000
  endloop
endfacet
facet normal 0.000000 0.000000 1.000000
  outer loop
    vertex 10.7248 9.2752 6.0000
    vertex 17.0711 2.9289 6.0000
    vertex 17.9335 3.9124 6.0000
  endloop
endfacet
facet normal -0.000000 0.000000 1.000000
  outer loop
    vertex 10.7248 9.2752 6.0000
    vertex 17.9335 3.9124 6.0000
    vertex 10.8132 9.3760 6.0000
  endloop
endfacet
facet normal 0.751840 -0.659346 0.000000
  outer loop
    vertex 17.0711 2.9289 0.0000
    vertex 17.9335 3.9124 0.0000
    vertex 17.9335 3.9124 6.0000
  endloop
endfacet
facet normal 0.751840 -0.659346 0.000000
  outer loop
    vertex 17.0711 2.9289 0.0000
    vertex 17.9335 3.9124 6.0000
    vertex 17.0711 2.9289 6.0000
  endloop
endfacet
facet normal -0.751840 0.659346 0.000000
  outer loop
    vertex 10.7248 9.2752 0.0000
    vertex 10.8132 9.3760 6.0000
    vertex 10.8132 9.3760 0.0000
  endloop
endfacet
facet normal -0.751840 0.659346 0.000000
  outer loop
    vertex 10.7248 9.2752 0.0000
    vertex 10.7248 9.2752 6.0000
    vertex 10.8132 9.3760 6.0000
  endloop
endfacet
facet normal 0.000000 0.000000 -1.000000
  outer loop
    vertex 10.8132 9.3760 0.0000
    vertex 18.6603 5.0000 0.0000
    vertex 17.9335 3.9124 0.0000
  endloop
endfacet
facet normal 0.000000 0.000000 -1.000000
  outer loop
    vertex 10.8132 9.3760 0.0000
    vertex 10.8877 9.4875 0.0000
    vertex 18.6603 5.0000 0.0000
  endloop
endfacet
facet normal 0.000000 0.000000 1.000000
  outer loop
    vertex 10.8132 9.3760 6.0000
    vertex 17.9335 3.9124 6.0000
    vertex 18.6603 5.0000 6.0000
  endloop
endfacet
facet normal -0.000000 0.000000 1.000000
  outer loop
    vertex 10.8132 9.3760 6.0000
    vertex 18.6603 5.0000 6.0000
    vertex 10.8877 9.4875 6.0000
  endloop
endfacet
facet normal 0.831470 -0.555570 0.000000
  outer loop
    vertex 17.9335 3.9124 0.0000
    vertex 18.6603 5.0000 0.0000
    vertex 18.6603 5.0000 6.0000
  endloop
endfacet
facet normal 0.831470 -0.555570 0.000000
  outer loop
    vertex 17.9335 3.9124 0.0000
    vertex 18.6603 5.0000 6.0000
    vertex 17.9335 3.9124 6.0000
  endloop
endfacet
facet normal -0.831470 0.555570 0.000000
  outer loop
    vertex 10.8132 9.3760 0.0000
    vertex 10.8877 9.4875 6.0000
    vertex 10.8877 9.4875 0.0000
  endloop
endfacet
facet normal -0.831470 0.555570 0.000000
  outer loop
    vertex 10.8132 9.3760 0.0000
    vertex 10.8132 9.3760 6.0000
    vertex 10.8877 9.4875 6.0000
  endloop
endfacet
facet normal 0.000000 0.000000 -1.000000
  outer loop
    vertex 10.8877 9.4875 0.0000
    vertex 19.2388 6.1732 0.0000
    vertex 18.6603 5.0000 0.0000
  endloop
endfacet
facet normal 0.000000 0.000000 -1.000000
  outer loop
    vertex 10.8877 9.4875 0.0000
    vertex 10.9470 9.6077 0.0000
    vertex 19.2388 6.1732 0.0000
  endloop
endfacet
facet normal 0.000000 0.000000 1.000000
  outer loop
    vertex 10.8877 9.4875 6.0000
    vertex 18.6603 5.0000 6.0000
    vertex 19.2388 6.1732 6.0000
  endloop
endfacet
facet normal -0.000000 0.000000 1.000000
  outer loop
    vertex 10.8877 9.4875 6.0000
    vertex 19.2388 6.1732 6.0000
    vertex 10.9470 9.6077 6.0000
  endloop
endfacet
facet normal 0.896873 -0.442289 0.000000
  outer loop
    vertex 18.6603 5.0000 0.0000
    vertex 19.2388 6.1732 0.0000
    vertex 19.2388 6.1732 6.0000
  endloop
endfacet
facet normal 0.896873 -0.442289 0.000000
  outer loop
    vertex 18.6603 5.0000 0.0000
    vertex 19.2388 6.1732 6.0000
    vertex 18.6603 5.0000 6.0000
  endloop
endfacet
facet normal -0.896873 0.442289 0.000000
  outer loop
    vertex 10.8877 9.4875 0.0000
    vertex 10.9470 9.6077 6.0000
    vertex 10.9470 9.6077 0.0000
  endloop
endfacet
facet normal -0.896873 0.442289 0.000000
  outer loop
    vertex 10.8877 9.4875 0.0000
    vertex 10.8877 9.4875 6.0000
    vertex 10.9470 9.6077 6.0000
  endloop
endfacet
facet normal 0.000000 0.000000 -1.000000
  outer loop
    vertex 10.9470 9.6077 0.0000
    vertex 19.6593 7.4118 0.0000
    vertex 19.2388 6.1732 0.0000
  endloop
endfacet
facet normal 0.000000 0.000000 -1.000000
  outer loop
    vertex 10.9470 9.6077 0.0000
    vertex 10.9901 9.7347 0.0000
    vertex 19.6593 7.4118 0.0000
  endloop
endfacet
facet normal 0.000000 0.000000 1.000000
  outer loop
    vertex 10.9470 9.6077 6.0000
    vertex 19.2388 6.1732 6.0000
    vertex 19.6593 7.4118 6.0000
  endloop
endfacet
facet normal -0.000000 0.000000 1.000000
  outer loop
    vertex 10.9470 9.6077 6.0000
    vertex 19.6593 7.4118 6.0000
    vertex 10.9901 9.7347 6.0000
  endloop
endfacet
facet normal 0.946930 -0.321439 0.000000
  outer loop
    vertex 19.2388 6.1732 0.0000
    vertex 19.6593 7.4118 0.0000
    vertex 19.6593 7.4118 6.0000
  endloop
endfacet
facet normal 0.946930 -0.321439 0.000000
  outer loop
    vertex 19.2388 6.1732 0.0000
    vertex 19.6593 7.4118 6.0000
    vertex 19.2388 6.1732 6.0000
  endloop
endfacet
facet normal -0.946930 0.321439 0.000000
  outer loop
    vertex 10.9470 9.6077 0.0000
    vertex 10.9901 9.7347 6.0000
    vertex 10.9901 9.7347 0.0000
  endloop
endfacet
facet normal -0.946930 0.321439 0.000000
  outer loop
    vertex 10.9470 9.6077 0.0000
    vertex 10.9470 9.6077 6.0000
    vertex 10.9901 9.7347 6.0000
  endloop
endfacet
facet normal 0.000000 0.000000 -1.000000
  outer loop
    vertex 10.9901 9.7347 0.0000
    vertex 19.9144 8.6947 0.0000
    vertex 19.6593 7.4118 0.0000
  endloop
endfacet
facet normal 0.000000 0.000000 -1.000000
  outer loop
    vertex 10.9901 9.7347 0.0000
    vertex 11.0162 9.8662 0.0000
    vertex 19.9144 8.6947 0.0000
  endloop
endfacet
facet normal 0.000000 0.000000 1.000000
  outer loop
    vertex 10.9901 9.7347 6.0000
    vertex 19.6593 7.4118 6.0000
    vertex 19.9144 8.6947 6.0000
  endloop
endfacet
facet normal -0.000000 0.000000 1.000000
  outer loop
    vertex 10.9901 9.7347 6.0000
    vertex 19.9144 8.6947 6.0000
    vertex 11.0162 9.8662 6.0000
  endloop
endfacet
facet normal 0.980785 -0.195090 0.000000
  outer loop
    vertex 19.6593 7.4118 0.0000
    vertex 19.9144 8.6947 0.0000
    vertex 19.9144 8.6947 6.0000
  endloop
endfacet
facet normal 0.980785 -0.195090 0.000000
  outer loop
    vertex 19.6593 7.4118 0.0000
    vertex 19.9144 8.6947 6.0000
    vertex 19.6593 7.4118 6.0000
  endloop
endfacet
facet normal -0.980785 0.195090 0.000000
  outer loop
    vertex 10.9901 9.7347 0.0000
    vertex 11.0162 9.8662 6.0000
    vertex 11.0162 9.8662 0.0000
  endloop
endfacet
facet normal -0.980785 0.195090 0.000000
  outer loop
    vertex 10.9901 9.7347 0.0000
    vertex 10.9901 9.7347 6.0000
    vertex 11.0162 9.8662 6.0000
  endloop
endfacet
facet normal 0.000000 0.000000 -1.000000
  outer loop
    vertex 11.0162 9.8662 0.0000
    vertex 20.0000 10.0000 0.0000
    vertex 19.9144 8.6947 0.0000
  endloop
endfacet
facet normal 0.000000 0.000000 -1.000000
  outer loop
    vertex 11.0162 9.8662 0.0000
    vertex 11.0250 10.0000 0.0000
    vertex 20.0000 10.0000 0.0000
  endloop
endfacet
facet normal -0.000000 0.000000 1.000000
  outer loop
    vertex 11.0162 9.8662 6.0000
    vertex 19.9144 8.6947 6.0000
    vertex 20.0000 10.0000 6.0000
  endloop
endfacet
facet normal 0.000000 0.000000 1.000000
  outer loop
    vertex 11.0162 9.8662 6.0000
    vertex 20.0000 10.0000 6.0000
    vertex 11.0250 10.0000 6.0000
  endloop
endfacet
facet normal 0.997859 -0.065403 0.000000
  outer loop
    vertex 19.9144 8.6947 0.0000
    vertex 20.0000 10.0000 0.0000
    vertex 20.0000 10.0000 6.0000
  endloop
endfacet
facet normal 0.997859 -0.065403 0.000000
  outer loop
    vertex 19.9144 8.6947 0.0000
    vertex 20.0000 10.0000 6.0000
    vertex 19.9144 8.6947 6.0000
  endloop
endfacet
facet normal -0.997859 0.065403 0.000000
  outer loop
    vertex 11.0162 9.8662 0.0000
    vertex 11.0250 10.0000 6.0000
    vertex 11.0250 10.0000 0.0000
  endloop
endfacet
facet normal -0.997859 0.065403 0.000000
  outer loop
    vertex 11.0162 9.8662 0.0000
    vertex 11.0162 9.8662 6.0000
    vertex 11.0250 10.0000 6.0000
  endloop
endfacet
facet normal 0.000000 0.000000 -1.000000
  outer loop
    vertex 35.0400 10.0000 0.0000
    vertex 43.9144 11.3053 0.0000
    vertex 44.0000 10.0000 0.0000
  endloop
endfacet
facet normal 0.000000 0.000000 -1.000000
  outer loop
    vertex 35.0400 10.0000 0.0000
    vertex 35.0311 10.1357 0.0000
    vertex 43.9144 11.3053 0.0000
  endloop
endfacet
facet normal 0.000000 0.000000 1.000000
  outer loop
    vertex 35.0400 10.0000 7.0000
    vertex 44.0000 10.0000 7.0000
    vertex 43.9144 11.3053 7.0000
  endloop
endfacet
facet normal 0.000000 -0.000000 1.000000
  outer loop
    vertex 35.0400 10.0000 7.0000
    vertex 43.9144 11.3053 7.0000
    vertex 35.0311 10.1357 7.0000
  endloop
endfacet
facet normal 0.997859 0.065403 0.000000
  outer loop
    vertex 44.0000 10.0000 0.0000
    vertex 43.9144 11.3053 0.0000
    vertex 43.9144 11.3053 7.0000
  endloop
endfacet
facet normal 0.997859 0.065403 -0.000000
  outer loop
    vertex 44.0000 10.0000 0.0000
    vertex 43.9144 11.3053 7.0000
    vertex 44.0000 10.0000 7.0000
  endloop
endfacet
facet normal -0.997859 -0.065403 0.000000
  outer loop
    vertex 35.0400 10.0000 0.0000
    vertex 35.0311 10.1357 7.0000
    vertex 35.0311 10.1357 0.0000
  endloop
endfacet
facet normal -0.997859 -0.065403 0.000000
  outer loop
    vertex 35.0400 10.0000 0.0000
    vertex 35.0400 10.0000 7.0000
    vertex 35.0311 10.1357 7.0000
  endloop
endfacet
facet normal 0.000000 0.000000 -1.000000
  outer loop
    vertex 35.0311 10.1357 0.0000
    vertex 43.6593 12.5882 0.0000
    vertex 43.9144 11.3053 0.0000
  endloop
endfacet
facet normal 0.000000 0.000000 -1.000000
  outer loop
    vertex 35.0311 10.1357 0.0000
    vertex 35.0046 10.2692 0.0000
    vertex 43.6593 12.5882 0.0000
  endloop
endfacet
facet normal 0.000000 0.000000 1.000000
  outer loop
    vertex 35.0311 10.1357 7.0000
    vertex 43.9144 11.3053 7.0000
    vertex 43.6593 12.5882 7.0000
  endloop
endfacet
facet normal 0.000000 -0.000000 1.000000
  outer loop
    vertex 35.0311 10.1357 7.0000
    vertex 43.6593 12.5882 7.0000
    vertex 35.0046 10.2692 7.0000
  endloop
endfacet
facet normal 0.980785 0.195090 0.000000
  outer loop
    vertex 43.9144 11.3053 0.0000
    vertex 43.6593 12.5882 0.0000
    vertex 43.6593 12.5882 7.0000
  endloop
endfacet
facet normal 0.980785 0.195090 -0.000000
  outer loop
    vertex 43.9144 11.3053 0.0000
    vertex 43.6593 12.5882 7.0000
    vertex 43.9144 11.3053 7.0000
  endloop
endfacet
facet normal -0.980785 -0.195090 0.000000
  outer loop
    vertex 35.0311 10.1357 0.0000
    vertex 35.0046 10.2692 7.0000
    vertex 35.0046 10.2692 0.0000
  endloop
endfacet
facet normal -0.980785 -0.195090 0.000000
  outer loop
    vertex 35.0311 10.1357 0.0000
    vertex 35.0311 10.1357 7.0000
    vertex 35.0046 10.2692 7.0000
  endloop
endfacet
facet normal 0.000000 0.000000 -1.000000
  outer loop
    vertex 35.0046 10.2692 0.0000
    vertex 43.2388 13.8268 0.0000
    vertex 43.6593 12.5882 0.0000
  endloop
endfacet
facet normal 0.000000 0.000000 -1.000000
  outer loop
    vertex 35.0046 10.2692 0.0000
    vertex 34.9608 10.3980 0.0000
    vertex 43.2388 13.8268 0.0000
  endloop
endfacet
facet normal 0.000000 0.000000 1.000000
  outer loop
    vertex 35.0046 10.2692 7.0000
    vertex 43.6593 12.5882 7.0000
    vertex 43.2388 13.8268 7.0000
  endloop
endfacet
facet normal 0.000000 -0.000000 1.000000
  outer loop
    vertex 35.0046 10.2692 7.0000
    vertex 43.2388 13.8268 7.0000
    vertex 34.9608 10.3980 7.0000
  endloop
endfacet
facet normal 0.946930 0.321439 0.000000
  outer loop
    vertex 43.6593 12.5882 0.0000
    vertex 43.2388 13.8268 0.0000
    vertex 43.2388 13.8268 7.0000
  endloop
endfacet
facet normal 0.946930 0.321439 -0.000000
  outer loop
    vertex 43.6593 12.5882 0.0000
    vertex 43.2388 13.8268 7.0000
    vertex 43.6593 12.5882 7.0000
  endloop
endfacet
facet normal -0.946930 -0.321439 0.000000
  outer loop
    vertex 35.0046 10.2692 0.0000
    vertex 34.9608 10.3980 7.0000
    vertex 34.9608 10.3980 0.0000
  endloop
endfacet
facet normal -0.946930 -0.321439 0.000000
  outer loop
    vertex 35.0046 10.2692 0.0000
    vertex 35.0046 10.2692 7.0000
    vertex 34.9608 10.3980 7.0000
  endloop
endfacet
facet normal 0.000000 0.000000 -1.000000
  outer loop
    vertex 34.9608 10.3980 0.0000
    vertex 42.6603 15.0000 0.0000
    vertex 43.2388 13.8268 0.0000
  endloop
endfacet
facet normal 0.000000 0.000000 -1.000000
  outer loop
    vertex 34.9608 10.3980 0.0000
    vertex 34.9007 10.5200 0.0000
    vertex 42.6603 15.0000 0.0000
  endloop
endfacet
facet normal 0.000000 0.000000 1.000000
  outer loop
    vertex 34.9608 10.3980 7.0000
    vertex 43.2388 13.8268 7.0000
    vertex 42.6603 15.0000 7.0000
  endloop
endfacet
facet normal 0.000000 -0.000000 1.000000
  outer loop
    vertex 34.9608 10.3980 7.0000
    vertex 42.6603 15.0000 7.0000
    vertex 34.9007 10.5200 7.0000
  endloop
endfacet
facet normal 0.896873 0.442289 0.000000
  outer loop
    vertex 43.2388 13.8268 0.0000
    vertex 42.6603 15.0000 0.0000
    vertex 42.6603 15.0000 7.0000
  endloop
endfacet
facet normal 0.896873 0.442289 -0.000000
  outer loop
    vertex 43.2388 13.8268 0.0000
    vertex 42.6603 15.0000 7.0000
    vertex 43.2388 13.8268 7.0000
  endloop
endfacet
facet normal -0.896873 -0.442289 0.000000
  outer loop
    vertex 34.9608 10.3980 0.0000
    vertex 34.9007 10.5200 7.0000
    vertex 34.9007 10.5200 0.0000
  endloop
endfacet
facet normal -0.896873 -0.442289 0.000000
  outer loop
    vertex 34.9608 10.3980 0.0000
    vertex 34.9608 10.3980 7.0000
    vertex 34.9007 10.5200 7.0000
  endloop
endfacet
facet normal 0.000000 0.000000 -1.000000
  outer loop
    vertex 34.9007 10.5200 0.0000
    vertex 41.9335 16.0876 0.0000
    vertex 42.6603 15.0000 0.0000
  endloop
endfacet
facet normal 0.000000 0.000000 -1.000000
  outer loop
    vertex 34.9007 10.5200 0.0000
    vertex 34.8251 10.6331 0.0000
    vertex 41.9335 16.0876 0.0000
  endloop
endfacet
facet normal 0.000000 0.000000 1.000000
  outer loop
    vertex 34.9007 10.5200 7.0000
    vertex 42.6603 15.0000 7.0000
    vertex 41.9335 16.0876 7.0000
  endloop
endfacet
facet normal 0.000000 -0.000000 1.000000
  outer loop
    vertex 34.9007 10.5200 7.0000
    vertex 41.9335 16.0876 7.0000
    vertex 34.8251 10.6331 7.0000
  endloop
endfacet
facet normal 0.831470 0.555570 0.000000
  outer loop
    vertex 42.6603 15.0000 0.0000
    vertex 41.9335 16.0876 0.0000
    vertex 41.9335 16.0876 7.0000
  endloop
endfacet
facet normal 0.831470 0.555570 -0.000000
  outer loop
    vertex 42.6603 15.0000 0.0000
    vertex 41.9335 16.0876 7.0000
    vertex 42.6603 15.0000 7.0000
  endloop
endfacet
facet normal -0.831470 -0.555570 0.000000
  outer loop
    vertex 34.9007 10.5200 0.0000
    vertex 34.8251 10.6331 7.0000
    vertex 34.8251 10.6331 0.0000
  endloop
endfacet
facet normal -0.831470 -0.555570 0.000000
  outer loop
    vertex 34.9007 10.5200 0.0000
    vertex 34.9007 10.5200 7.0000
    vertex 34.8251 10.6331 7.0000
  endloop
endfacet
facet normal 0.000000 0.000000 -1.000000
  outer loop
    vertex 34.8251 10.6331 0.0000
    vertex 41.0711 17.0711 0.0000
    vertex 41.9335 16.0876 0.0000
  endloop
endfacet
facet normal 0.000000 0.000000 -1.000000
  outer loop
    vertex 34.8251 10.6331 0.0000
    vertex 34.7354 10.7354 0.0000
    vertex 41.0711 17.0711 0.0000
  endloop
endfacet
facet normal 0.000000 0.000000 1.000000
  outer loop
    vertex 34.8251 10.6331 7.0000
    vertex 41.9335 16.0876 7.0000
    vertex 41.0711 17.0711 7.0000
  endloop
endfacet
facet normal 0.000000 -0.000000 1.000000
  outer loop
    vertex 34.8251 10.6331 7.0000
    vertex 41.0711 17.0711 7.0000
    vertex 34.7354 10.7354 7.0000
  endloop
endfacet
facet normal 0.751840 0.659346 0.000000
  outer loop
    vertex 41.9335 16.0876 0.0000
    vertex 41.0711 17.0711 0.0000
    vertex 41.0711 17.0711 7.0000
  endloop
endfacet
facet normal 0.751840 0.659346 -0.000000
  outer loop
    vertex 41.9335 16.0876 0.0000
    vertex 41.0711 17.0711 7.0000
    vertex 41.9335 16.0876 7.0000
  endloop
endfacet
facet normal -0.751840 -0.659346 0.000000
  outer loop
    vertex 34.8251 10.6331 0.0000
    vertex 34.7354 10.7354 7.0000
    vertex 34.7354 10.7354 0.0000
  endloop
endfacet
facet normal -0.751840 -0.659346 0.000000
  outer loop
    vertex 34.8251 10.6331 0.0000
    vertex 34.8251 10.6331 7.0000
    vertex 34.7354 10.7354 7.0000
  endloop
endfacet
facet normal 0.000000 0.000000 -1.000000
  outer loop
    vertex 34.7354 10.7354 0.0000
    vertex 40.0876 17.9335 0.0000
    vertex 41.0711 17.0711 0.0000
  endloop
endfacet
facet normal 0.000000 0.000000 -1.000000
  outer loop
    vertex 34.7354 10.7354 0.0000
    vertex 34.6331 10.8251 0.0000
    vertex 40.0876 17.9335 0.0000
  endloop
endfacet
facet normal 0.000000 0.000000 1.000000
  outer loop
    vertex 34.7354 10.7354 7.0000
    vertex 41.0711 17.0711 7.0000
    vertex 40.0876 17.9335 7.0000
  endloop
endfacet
facet normal 0.000000 -0.000000 1.000000
  outer loop
    vertex 34.7354 10.7354 7.0000
    vertex 40.0876 17.9335 7.0000
    vertex 34.6331 10.8251 7.0000
  endloop
endfacet
facet normal 0.659346 0.751840 0.000000
  outer loop
    vertex 41.0711 17.0711 0.0000
    vertex 40.0876 17.9335 0.0000
    vertex 40.0876 17.9335 7.0000
  endloop
endfacet
facet normal 0.659346 0.751840 -0.000000
  outer loop
    vertex 41.0711 17.0711 0.0000
    vertex 40.0876 17.9335 7.0000
    vertex 41.0711 17.0711 7.0000
  endloop
endfacet
facet normal -0.659346 -0.751840 0.000000
  outer loop
    vertex 34.7354 10.7354 0.0000
    vertex 34.6331 10.8251 7.0000
    vertex 34.6331 10.8251 0.0000
  endloop
endfacet
facet normal -0.659346 -0.751840 0.000000
  outer loop
    vertex 34.7354 10.7354 0.0000
    vertex 34.7354 10.7354 7.0000
    vertex 34.6331 10.8251 7.0000
  endloop
endfacet
facet normal 0.000000 0.000000 -1.000000
  outer loop
    vertex 34.6331 10.8251 0.0000
    vertex 39.0000 18.6603 0.0000
    vertex 40.0876 17.9335 0.0000
  endloop
endfacet
facet normal 0.000000 0.000000 -1.000000
  outer loop
    vertex 34.6331 10.8251 0.0000
    vertex 34.5200 10.9007 0.0000
    vertex 39.0000 18.6603 0.0000
  endloop
endfacet
facet normal 0.000000 0.000000 1.000000
  outer loop
    vertex 34.6331 10.8251 7.0000
    vertex 40.0876 17.9335 7.0000
    vertex 39.0000 18.6603 7.0000
  endloop
endfacet
facet normal 0.000000 -0.000000 1.000000
  outer loop
    vertex 34.6331 10.8251 7.0000
    vertex 39.0000 18.6603 7.0000
    vertex 34.5200 10.9007 7.0000
  endloop
endfacet
facet normal 0.555570 0.831470 0.000000
  outer loop
    vertex 40.0876 17.9335 0.0000
    vertex 39.0000 18.6603 0.0000
    vertex 39.0000 18.6603 7.0000
  endloop
endfacet
facet normal 0.555570 0.831470 -0.000000
  outer loop
    vertex 40.0876 17.9335 0.0000
    vertex 39.0000 18.6603 7.0000
    vertex 40.0876 17.9335 7.0000
  endloop
endfacet
facet normal -0.555570 -0.831470 0.000000
  outer loop
    vertex 34.6331 10.8251 0.0000
    vertex 34.5200 10.9007 7.0000
    vertex 34.5200 10.9007 0.0000
  endloop
endfacet
facet normal -0.555570 -0.831470 0.000000
  outer loop
    vertex 34.6331 10.8251 0.0000
    vertex 34.6331 10.8251 7.0000
    vertex 34.5200 10.9007 7.0000
  endloop
endfacet
facet normal 0.000000 0.000000 -1.000000
  outer loop
    vertex 34.5200 10.9007 0.0000
    vertex 37.8268 19.2388 0.0000
    vertex 39.0000 18.6603 0.0000
  endloop
endfacet
facet normal 0.000000 0.000000 -1.000000
  outer loop
    vertex 34.5200 10.9007 0.0000
    vertex 34.3980 10.9608 0.0000
    vertex 37.8268 19.2388 0.0000
  endloop
endfacet
facet normal 0.000000 0.000000 1.000000
  outer loop
    vertex 34.5200 10.9007 7.0000
    vertex 39.0000 18.6603 7.0000
    vertex 37.8268 19.2388 7.0000
  endloop
endfacet
facet normal 0.000000 -0.000000 1.000000
  outer loop
    vertex 34.5200 10.9007 7.0000
    vertex 37.8268 19.2388 7.0000
    vertex 34.3980 10.9608 7.0000
  endloop
endfacet
facet normal 0.442289 0.896873 0.000000
  outer loop
    vertex 39.0000 18.6603 0.0000
    vertex 37.8268 19.2388 0.0000
    vertex 37.8268 19.2388 7.0000
  endloop
endfacet
facet normal 0.442289 0.896873 -0.000000
  outer loop
    vertex 39.0000 18.6603 0.0000
    vertex 37.8268 19.2388 7.0000
    vertex 39.0000 18.6603 7.0000
  endloop
endfacet
facet normal -0.442289 -0.896873 0.000000
  outer loop
    vertex 34.5200 10.9007 0.0000
    vertex 34.3980 10.9608 7.0000
    vertex 34.3980 10.9608 0.0000
  endloop
endfacet
facet normal -0.442289 -0.896873 0.000000
  outer loop
    vertex 34.5200 10.9007 0.0000
    vertex 34.5200 10.9007 7.0000
    vertex 34.3980 10.9608 7.0000
  endloop
endfacet
facet normal 0.000000 0.000000 -1.000000
  outer loop
    vertex 34.3980 10.9608 0.0000
    vertex 36.5882 19.6593 0.0000
    vertex 37.8268 19.2388 0.0000
  endloop
endfacet
facet normal 0.000000 0.000000 -1.000000
  outer loop
    vertex 34.3980 10.9608 0.0000
    vertex 34.2692 11.0046 0.0000
    vertex 36.5882 19.6593 0.0000
  endloop
endfacet
facet normal 0.000000 0.000000 1.000000
  outer loop
    vertex 34.3980 10.9608 7.0000
    vertex 37.8268 19.2388 7.0000
    vertex 36.5882 19.6593 7.0000
  endloop
endfacet
facet normal 0.000000 -0.000000 1.000000
  outer loop
    vertex 34.3980 10.9608 7.0000
    vertex 36.5882 19.6593 7.0000
    vertex 34.2692 11.0046 7.0000
  endloop
endfacet
facet normal 0.321439 0.946930 0.000000
  outer loop
    vertex 37.8268 19.2388 0.0000
    vertex 36.5882 19.6593 0.0000
    vertex 36.5882 19.6593 7.0000
  endloop
endfacet
facet normal 0.321439 0.946930 -0.000000
  outer loop
    vertex 37.8268 19.2388 0.0000
    vertex 36.5882 19.6593 7.0000
    vertex 37.8268 19.2388 7.0000
  endloop
endfacet
facet normal -0.321439 -0.946930 0.000000
  outer loop
    vertex 34.3980 10.9608 0.0000
    vertex 34.2692 11.0046 7.0000
    vertex 34.2692 11.0046 0.0000
  endloop
endfacet
facet normal -0.321439 -0.946930 0.000000
  outer loop
    vertex 34.3980 10.9608 0.0000
    vertex 34.3980 10.9608 7.0000
    vertex 34.2692 11.0046 7.0000
  endloop
endfacet
facet normal 0.000000 0.000000 -1.000000
  outer loop
    vertex 34.2692 11.0046 0.0000
    vertex 35.3053 19.9144 0.0000
    vertex 36.5882 19.6593 0.0000
  endloop
endfacet
facet normal 0.000000 0.000000 -1.000000
  outer loop
    vertex 34.2692 11.0046 0.0000
    vertex 34.1357 11.0311 0.0000
    vertex 35.3053 19.9144 0.0000
  endloop
endfacet
facet normal 0.000000 0.000000 1.000000
  outer loop
    vertex 34.2692 11.0046 7.0000
    vertex 36.5882 19.6593 7.0000
    vertex 35.3053 19.9144 7.0000
  endloop
endfacet
facet normal 0.000000 -0.000000 1.000000
  outer loop
    vertex 34.2692 11.0046 7.0000
    vertex 35.3053 19.9144 7.0000
    vertex 34.1357 11.0311 7.0000
  endloop
endfacet
facet normal 0.195090 0.980785 0.000000
  outer loop
    vertex 36.5882 19.6593 0.0000
    vertex 35.3053 19.9144 0.0000
    vertex 35.3053 19.9144 7.0000
  endloop
endfacet
facet normal 0.195090 0.980785 -0.000000
  outer loop
    vertex 36.5882 19.6593 0.0000
    vertex 35.3053 19.9144 7.0000
    vertex 36.5882 19.6593 7.0000
  endloop
endfacet
facet normal -0.195090 -0.980785 0.000000
  outer loop
    vertex 34.2692 11.0046 0.0000
    vertex 34.1357 11.0311 7.0000
    vertex 34.1357 11.0311 0.0000
  endloop
endfacet
facet normal -0.195090 -0.980785 0.000000
  outer loop
    vertex 34.2692 11.0046 0.0000
    vertex 34.2692 11.0046 7.0000
    vertex 34.1357 11.0311 7.0000
  endloop
endfacet
facet normal 0.000000 0.000000 -1.000000
  outer loop
    vertex 34.1357 11.0311 0.0000
    vertex 34.0000 20.0000 0.0000
    vertex 35.3053 19.9144 0.0000
  endloop
endfacet
facet normal 0.000000 0.000000 -1.000000
  outer loop
    vertex 34.1357 11.0311 0.0000
    vertex 34.0000 11.0400 0.0000
    vertex 34.0000 20.0000 0.0000
  endloop
endfacet
facet normal 0.000000 -0.000000 1.000000
  outer loop
    vertex 34.1357 11.0311 7.0000
    vertex 35.3053 19.9144 7.0000
    vertex 34.0000 20.0000 7.0000
  endloop
endfacet
facet normal 0.000000 0.000000 1.000000
  outer loop
    vertex 34.1357 11.0311 7.0000
    vertex 34.0000 20.0000 7.0000
    vertex 34.0000 11.0400 7.0000
  endloop
endfacet
facet normal 0.065403 0.997859 0.000000
  outer loop
    vertex 35.3053 19.9144 0.0000
    vertex 34.0000 20.0000 0.0000
    vertex 34.0000 20.0000 7.0000
  endloop
endfacet
facet normal 0.065403 0.997859 -0.000000
  outer loop
    vertex 35.3053 19.9144 0.0000
    vertex 34.0000 20.0000 7.0000
    vertex 35.3053 19.9144 7.0000
  endloop
endfacet
facet normal -0.065403 -0.997859 0.000000
  outer loop
    vertex 34.1357 11.0311 0.0000
    vertex 34.0000 11.0400 7.0000
    vertex 34.0000 11.0400 0.0000
  endloop
endfacet
facet normal -0.065403 -0.997859 0.000000
  outer loop
    vertex 34.1357 11.0311 0.0000
    vertex 34.1357 11.0311 7.0000
    vertex 34.0000 11.0400 7.0000
  endloop
endfacet
facet normal 0.000000 0.000000 -1.000000
  outer loop
    vertex 34.0000 11.0400 0.0000
    vertex 32.6947 19.9144 0.0000
    vertex 34.0000 20.0000 0.0000
  endloop
endfacet
facet normal -0.000000 0.000000 -1.000000
  outer loop
    vertex 34.0000 11.0400 0.0000
    vertex 33.8643 11.0311 0.0000
    vertex 32.6947 19.9144 0.0000
  endloop
endfacet
facet normal 0.000000 -0.000000 1.000000
  outer loop
    vertex 34.0000 11.0400 7.0000
    vertex 34.0000 20.0000 7.0000
    vertex 32.6947 19.9144 7.0000
  endloop
endfacet
facet normal 0.000000 0.000000 1.000000
  outer loop
    vertex 34.0000 11.0400 7.0000
    vertex 32.6947 19.9144 7.0000
    vertex 33.8643 11.0311 7.0000
  endloop
endfacet
facet normal -0.065403 0.997859 0.000000
  outer loop
    vertex 34.0000 20.0000 0.0000
    vertex 32.6947 19.9144 0.0000
    vertex 32.6947 19.9144 7.0000
  endloop
endfacet
facet normal -0.065403 0.997859 0.000000
  outer loop
    vertex 34.0000 20.0000 0.0000
    vertex 32.6947 19.9144 7.0000
    vertex 34.0000 20.0000 7.0000
  endloop
endfacet
facet normal 0.065403 -0.997859 0.000000
  outer loop
    vertex 34.0000 11.0400 0.0000
    vertex 33.8643 11.0311 7.0000
    vertex 33.8643 11.0311 0.0000
  endloop
endfacet
facet normal 0.065403 -0.997859 0.000000
  outer loop
    vertex 34.0000 11.0400 0.0000
    vertex 34.0000 11.0400 7.0000
    vertex 33.8643 11.0311 7.0000
  endloop
endfacet
facet normal 0.000000 0.000000 -1.000000
  outer loop
    vertex 33.8643 11.0311 0.0000
    vertex 31.4118 19.6593 0.0000
    vertex 32.6947 19.9144 0.0000
  endloop
endfacet
facet normal -0.000000 0.000000 -1.000000
  outer loop
    vertex 33.8643 11.0311 0.0000
    vertex 33.7308 11.0046 0.0000
    vertex 31.4118 19.6593 0.0000
  endloop
endfacet
facet normal 0.000000 0.000000 1.000000
  outer loop
    vertex 33.8643 11.0311 7.0000
    vertex 32.6947 19.9144 7.0000
    vertex 31.4118 19.6593 7.0000
  endloop
endfacet
facet normal 0.000000 0.000000 1.000000
  outer loop
    vertex 33.8643 11.0311 7.0000
    vertex 31.4118 19.6593 7.0000
    vertex 33.7308 11.0046 7.0000
  endloop
endfacet
facet normal -0.195090 0.980785 0.000000
  outer loop
    vertex 32.6947 19.9144 0.0000
    vertex 31.4118 19.6593 0.0000
    vertex 31.4118 19.6593 7.0000
  endloop
endfacet
facet normal -0.195090 0.980785 0.000000
  outer loop
    vertex 32.6947 19.9144 0.0000
    vertex 31.4118 19.6593 7.0000
    vertex 32.6947 19.9144 7.0000
  endloop
endfacet
facet normal 0.195090 -0.980785 0.000000
  outer loop
    vertex 33.8643 11.0311 0.0000
    vertex 33.7308 11.0046 7.0000
    vertex 33.7308 11.0046 0.0000
  endloop
endfacet
facet normal 0.195090 -0.980785 0.000000
  outer loop
    vertex 33.8643 11.0311 0.0000
    vertex 33.8643 11.0311 7.0000
    vertex 33.7308 11.0046 7.0000
  endloop
endfacet
facet normal 0.000000 0.000000 -1.000000
  outer loop
    vertex 33.7308 11.0046 0.0000
    vertex 30.1732 19.2388 0.0000
    vertex 31.4118 19.6593 0.0000
  endloop
endfacet
facet normal -0.000000 0.000000 -1.000000
  outer loop
    vertex 33.7308 11.0046 0.0000
    vertex 33.6020 10.9608 0.0000
    vertex 30.1732 19.2388 0.0000
  endloop
endfacet
facet normal 0.000000 0.000000 1.000000
  outer loop
    vertex 33.7308 11.0046 7.0000
    vertex 31.4118 19.6593 7.0000
    vertex 30.1732 19.2388 7.0000
  endloop
endfacet
facet normal 0.000000 0.000000 1.000000
  outer loop
    vertex 33.7308 11.0046 7.0000
    vertex 30.1732 19.2388 7.0000
    vertex 33.6020 10.9608 7.0000
  endloop
endfacet
facet normal -0.321439 0.946930 0.000000
  outer loop
    vertex 31.4118 19.6593 0.0000
    vertex 30.1732 19.2388 0.0000
    vertex 30.1732 19.2388 7.0000
  endloop
endfacet
facet normal -0.321439 0.946930 0.000000
  outer loop
    vertex 31.4118 19.6593 0.0000
    vertex 30.1732 19.2388 7.0000
    vertex 31.4118 19.6593 7.0000
  endloop
endfacet
facet normal 0.321439 -0.946930 0.000000
  outer loop
    vertex 33.7308 11.0046 0.0000
    vertex 33.6020 10.9608 7.0000
    vertex 33.6020 10.9608 0.0000
  endloop
endfacet
facet normal 0.321439 -0.946930 0.000000
  outer loop
    vertex 33.7308 11.0046 0.0000
    vertex 33.7308 11.0046 7.0000
    vertex 33.6020 10.9608 7.0000
  endloop
endfacet
facet normal 0.000000 0.000000 -1.000000
  outer loop
    vertex 33.6020 10.9608 0.0000
    vertex 29.0000 18.6603 0.0000
    vertex 30.1732 19.2388 0.0000
  endloop
endfacet
facet normal -0.000000 0.000000 -1.000000
  outer loop
    vertex 33.6020 10.9608 0.0000
    vertex 33.4800 10.9007 0.0000
    vertex 29.0000 18.6603 0.0000
  endloop
endfacet
facet normal 0.000000 0.000000 1.000000
  outer loop
    vertex 33.6020 10.9608 7.0000
    vertex 30.1732 19.2388 7.0000
    vertex 29.0000 18.6603 7.0000
  endloop
endfacet
facet normal 0.000000 0.000000 1.000000
  outer loop
    vertex 33.6020 10.9608 7.0000
    vertex 29.0000 18.6603 7.0000
    vertex 33.4800 10.9007 7.0000
  endloop
endfacet
facet normal -0.442289 0.896873 0.000000
  outer loop
    vertex 30.1732 19.2388 0.0000
    vertex 29.0000 18.6603 0.0000
    vertex 29.0000 18.6603 7.0000
  endloop
endfacet
facet normal -0.442289 0.896873 0.000000
  outer loop
    vertex 30.1732 19.2388 0.0000
    vertex 29.0000 18.6603 7.0000
    vertex 30.1732 19.2388 7.0000
  endloop
endfacet
facet normal 0.442289 -0.896873 0.000000
  outer loop
    vertex 33.6020 10.9608 0.0000
    vertex 33.4800 10.9007 7.0000
    vertex 33.4800 10.9007 0.0000
  endloop
endfacet
facet normal 0.442289 -0.896873 0.000000
  outer loop
    vertex 33.6020 10.9608 0.0000
    vertex 33.6020 10.9608 7.0000
    vertex 33.4800 10.9007 7.0000
  endloop
endfacet
facet normal 0.000000 0.000000 -1.000000
  outer loop
    vertex 33.4800 10.9007 0.0000
    vertex 27.9124 17.9335 0.0000
    vertex 29.0000 18.6603 0.0000
  endloop
endfacet
facet normal -0.000000 0.000000 -1.000000
  outer loop
    vertex 33.4800 10.9007 0.0000
    vertex 33.3669 10.8251 0.0000
    vertex 27.9124 17.9335 0.0000
  endloop
endfacet
facet normal 0.000000 0.000000 1.000000
  outer loop
    vertex 33.4800 10.9007 7.0000
    vertex 29.0000 18.6603 7.0000
    vertex 27.9124 17.9335 7.0000
  endloop
endfacet
facet normal 0.000000 0.000000 1.000000
  outer loop
    vertex 33.4800 10.9007 7.0000
    vertex 27.9124 17.9335 7.0000
    vertex 33.3669 10.8251 7.0000
  endloop
endfacet
facet normal -0.555570 0.831470 0.000000
  outer loop
    vertex 29.0000 18.6603 0.0000
    vertex 27.9124 17.9335 0.0000
    vertex 27.9124 17.9335 7.0000
  endloop
endfacet
facet normal -0.555570 0.831470 0.000000
  outer loop
    vertex 29.0000 18.6603 0.0000
    vertex 27.9124 17.9335 7.0000
    vertex 29.0000 18.6603 7.0000
  endloop
endfacet
facet normal 0.555570 -0.831470 0.000000
  outer loop
    vertex 33.4800 10.9007 0.0000
    vertex 33.3669 10.8251 7.0000
    vertex 33.3669 10.8251 0.0000
  endloop
endfacet
facet normal 0.555570 -0.831470 0.000000
  outer loop
    vertex 33.4800 10.9007 0.0000
    vertex 33.4800 10.9007 7.0000
    vertex 33.3669 10.8251 7.0000
  endloop
endfacet
facet normal 0.000000 0.000000 -1.000000
  outer loop
    vertex 33.3669 10.8251 0.0000
    vertex 26.9289 17.0711 0.0000
    vertex 27.9124 17.9335 0.0000
  endloop
endfacet
facet normal -0.000000 0.000000 -1.000000
  outer loop
    vertex 33.3669 10.8251 0.0000
    vertex 33.2646 10.7354 0.0000
    vertex 26.9289 17.0711 0.0000
  endloop
endfacet
facet normal 0.000000 0.000000 1.000000
  outer loop
    vertex 33.3669 10.8251 7.0000
    vertex 27.9124 17.9335 7.0000
    vertex 26.9289 17.0711 7.0000
  endloop
endfacet
facet normal 0.000000 0.000000 1.000000
  outer loop
    vertex 33.3669 10.8251 7.0000
    vertex 26.9289 17.0711 7.0000
    vertex 33.2646 10.7354 7.0000
  endloop
endfacet
facet normal -0.659346 0.751840 0.000000
  outer loop
    vertex 27.9124 17.9335 0.0000
    vertex 26.9289 17.0711 0.0000
    vertex 26.9289 17.0711 7.0000
  endloop
endfacet
facet normal -0.659346 0.751840 0.000000
  outer loop
    vertex 27.9124 17.9335 0.0000
    vertex 26.9289 17.0711 7.0000
    vertex 27.9124 17.9335 7.0000
  endloop
endfacet
facet normal 0.659346 -0.751840 0.000000
  outer loop
    vertex 33.3669 10.8251 0.0000
    vertex 33.2646 10.7354 7.0000
    vertex 33.2646 10.7354 0.0000
  endloop
endfacet
facet normal 0.659346 -0.751840 0.000000
  outer loop
    vertex 33.3669 10.8251 0.0000
    vertex 33.3669 10.8251 7.0000
    vertex 33.2646 10.7354 7.0000
  endloop
endfacet
facet normal 0.000000 0.000000 -1.000000
  outer loop
    vertex 33.2646 10.7354 0.0000
    vertex 26.0665 16.0876 0.0000
    vertex 26.9289 17.0711 0.0000
  endloop
endfacet
facet normal -0.000000 0.000000 -1.000000
  outer loop
    vertex 33.2646 10.7354 0.0000
    vertex 33.1749 10.6331 0.0000
    vertex 26.0665 16.0876 0.0000
  endloop
endfacet
facet normal 0.000000 0.000000 1.000000
  outer loop
    vertex 33.2646 10.7354 7.0000
    vertex 26.9289 17.0711 7.0000
    vertex 26.0665 16.0876 7.0000
  endloop
endfacet
facet normal 0.000000 0.000000 1.000000
  outer loop
    vertex 33.2646 10.7354 7.0000
    vertex 26.0665 16.0876 7.0000
    vertex 33.1749 10.6331 7.0000
  endloop
endfacet
facet normal -0.751840 0.659346 0.000000
  outer loop
    vertex 26.9289 17.0711 0.0000
    vertex 26.0665 16.0876 0.0000
    vertex 26.0665 16.0876 7.0000
  endloop
endfacet
facet normal -0.751840 0.659346 0.000000
  outer loop
    vertex 26.9289 17.0711 0.0000
    vertex 26.0665 16.0876 7.0000
    vertex 26.9289 17.0711 7.0000
  endloop
endfacet
facet normal 0.751840 -0.659346 0.000000
  outer loop
    vertex 33.2646 10.7354 0.0000
    vertex 33.1749 10.6331 7.0000
    vertex 33.1749 10.6331 0.0000
  endloop
endfacet
facet normal 0.751840 -0.659346 0.000000
  outer loop
    vertex 33.2646 10.7354 0.0000
    vertex 33.2646 10.7354 7.0000
    vertex 33.1749 10.6331 7.0000
  endloop
endfacet
facet normal 0.000000 0.000000 -1.000000
  outer loop
    vertex 33.1749 10.6331 0.0000
    vertex 25.3397 15.0000 0.0000
    vertex 26.0665 16.0876 0.0000
  endloop
endfacet
facet normal -0.000000 0.000000 -1.000000
  outer loop
    vertex 33.1749 10.6331 0.0000
    vertex 33.0993 10.5200 0.0000
    vertex 25.3397 15.0000 0.0000
  endloop
endfacet
facet normal 0.000000 0.000000 1.000000
  outer loop
    vertex 33.1749 10.6331 7.0000
    vertex 26.0665 16.0876 7.0000
    vertex 25.3397 15.0000 7.0000
  endloop
endfacet
facet normal 0.000000 0.000000 1.000000
  outer loop
    vertex 33.1749 10.6331 7.0000
    vertex 25.3397 15.0000 7.0000
    vertex 33.0993 10.5200 7.0000
  endloop
endfacet
facet normal -0.831470 0.555570 0.000000
  outer loop
    vertex 26.0665 16.0876 0.0000
    vertex 25.3397 15.0000 0.0000
    vertex 25.3397 15.0000 7.0000
  endloop
endfacet
facet normal -0.831470 0.555570 0.000000
  outer loop
    vertex 26.0665 16.0876 0.0000
    vertex 25.3397 15.0000 7.0000
    vertex 26.0665 16.0876 7.0000
  endloop
endfacet
facet normal 0.831470 -0.555570 0.000000
  outer loop
    vertex 33.1749 10.6331 0.0000
    vertex 33.0993 10.5200 7.0000
    vertex 33.0993 10.5200 0.0000
  endloop
endfacet
facet normal 0.831470 -0.555570 0.000000
  outer loop
    vertex 33.1749 10.6331 0.0000
    vertex 33.1749 10.6331 7.0000
    vertex 33.0993 10.5200 7.0000
  endloop
endfacet
facet normal 0.000000 0.000000 -1.000000
  outer loop
    vertex 33.0993 10.5200 0.0000
    vertex 24.7612 13.8268 0.0000
    vertex 25.3397 15.0000 0.0000
  endloop
endfacet
facet normal -0.000000 0.000000 -1.000000
  outer loop
    vertex 33.0993 10.5200 0.0000
    vertex 33.0392 10.3980 0.0000
    vertex 24.7612 13.8268 0.0000
  endloop
endfacet
facet normal 0.000000 0.000000 1.000000
  outer loop
    vertex 33.0993 10.5200 7.0000
    vertex 25.3397 15.0000 7.0000
    vertex 24.7612 13.8268 7.0000
  endloop
endfacet
facet normal 0.000000 0.000000 1.000000
  outer loop
    vertex 33.0993 10.5200 7.0000
    vertex 24.7612 13.8268 7.0000
    vertex 33.0392 10.3980 7.0000
  endloop
endfacet
facet normal -0.896873 0.442289 0.000000
  outer loop
    vertex 25.3397 15.0000 0.0000
    vertex 24.7612 13.8268 0.0000
    vertex 24.7612 13.8268 7.0000
  endloop
endfacet
facet normal -0.896873 0.442289 0.000000
  outer loop
    vertex 25.3397 15.0000 0.0000
    vertex 24.7612 13.8268 7.0000
    vertex 25.3397 15.0000 7.0000
  endloop
endfacet
facet normal 0.896873 -0.442289 0.000000
  outer loop
    vertex 33.0993 10.5200 0.0000
    vertex 33.0392 10.3980 7.0000
    vertex 33.0392 10.3980 0.0000
  endloop
endfacet
facet normal 0.896873 -0.442289 0.000000
  outer loop
    vertex 33.0993 10.5200 0.0000
    vertex 33.0993 10.5200 7.0000
    vertex 33.0392 10.3980 7.0000
  endloop
endfacet
facet normal 0.000000 0.000000 -1.000000
  outer loop
    vertex 33.0392 10.3980 0.0000
    vertex 24.3407 12.5882 0.0000
    vertex 24.7612 13.8268 0.0000
  endloop
endfacet
facet normal -0.000000 0.000000 -1.000000
  outer loop
    vertex 33.0392 10.3980 0.0000
    vertex 32.9954 10.2692 0.0000
    vertex 24.3407 12.5882 0.0000
  endloop
endfacet
facet normal 0.000000 0.000000 1.000000
  outer loop
    vertex 33.0392 10.3980 7.0000
    vertex 24.7612 13.8268 7.0000
    vertex 24.3407 12.5882 7.0000
  endloop
endfacet
facet normal 0.000000 0.000000 1.000000
  outer loop
    vertex 33.0392 10.3980 7.0000
    vertex 24.3407 12.5882 7.0000
    vertex 32.9954 10.2692 7.0000
  endloop
endfacet
facet normal -0.946930 0.321439 0.000000
  outer loop
    vertex 24.7612 13.8268 0.0000
    vertex 24.3407 12.5882 0.0000
    vertex 24.3407 12.5882 7.0000
  endloop
endfacet
facet normal -0.946930 0.321439 0.000000
  outer loop
    vertex 24.7612 13.8268 0.0000
    vertex 24.3407 12.5882 7.0000
    vertex 24.7612 13.8268 7.0000
  endloop
endfacet
facet normal 0.946930 -0.321439 0.000000
  outer loop
    vertex 33.0392 10.3980 0.0000
    vertex 32.9954 10.2692 7.0000
    vertex 32.9954 10.2692 0.0000
  endloop
endfacet
facet normal 0.946930 -0.321439 0.000000
  outer loop
    vertex 33.0392 10.3980 0.0000
    vertex 33.0392 10.3980 7.0000
    vertex 32.9954 10.2692 7.0000
  endloop
endfacet
facet normal 0.000000 0.000000 -1.000000
  outer loop
    vertex 32.9954 10.2692 0.0000
    vertex 24.0856 11.3053 0.0000
    vertex 24.3407 12.5882 0.0000
  endloop
endfacet
facet normal -0.000000 0.000000 -1.000000
  outer loop
    vertex 32.9954 10.2692 0.0000
    vertex 32.9689 10.1357 0.0000
    vertex 24.0856 11.3053 0.0000
  endloop
endfacet
facet normal 0.000000 0.000000 1.000000
  outer loop
    vertex 32.9954 10.2692 7.0000
    vertex 24.3407 12.5882 7.0000
    vertex 24.0856 11.3053 7.0000
  endloop
endfacet
facet normal 0.000000 0.000000 1.000000
  outer loop
    vertex 32.9954 10.2692 7.0000
    vertex 24.0856 11.3053 7.0000
    vertex 32.9689 10.1357 7.0000
  endloop
endfacet
facet normal -0.980785 0.195090 0.000000
  outer loop
    vertex 24.3407 12.5882 0.0000
    vertex 24.0856 11.3053 0.0000
    vertex 24.0856 11.3053 7.0000
  endloop
endfacet
facet normal -0.980785 0.195090 0.000000
  outer loop
    vertex 24.3407 12.5882 0.0000
    vertex 24.0856 11.3053 7.0000
    vertex 24.3407 12.5882 7.0000
  endloop
endfacet
facet normal 0.980785 -0.195090 0.000000
  outer loop
    vertex 32.9954 10.2692 0.0000
    vertex 32.9689 10.1357 7.0000
    vertex 32.9689 10.1357 0.0000
  endloop
endfacet
facet normal 0.980785 -0.195090 0.000000
  outer loop
    vertex 32.9954 10.2692 0.0000
    vertex 32.9954 10.2692 7.0000
    vertex 32.9689 10.1357 7.0000
  endloop
endfacet
facet normal -0.000000 0.000000 -1.000000
  outer loop
    vertex 32.9689 10.1357 0.0000
    vertex 24.0000 10.0000 0.0000
    vertex 24.0856 11.3053 0.0000
  endloop
endfacet
facet normal 0.000000 0.000000 -1.000000
  outer loop
    vertex 32.9689 10.1357 0.0000
    vertex 32.9600 10.0000 0.0000
    vertex 24.0000 10.0000 0.0000
  endloop
endfacet
facet normal 0.000000 0.000000 1.000000
  outer loop
    vertex 32.9689 10.1357 7.0000
    vertex 24.0856 11.3053 7.0000
    vertex 24.0000 10.0000 7.0000
  endloop
endfacet
facet normal 0.000000 0.000000 1.000000
  outer loop
    vertex 32.9689 10.1357 7.0000
    vertex 24.0000 10.0000 7.0000
    vertex 32.9600 10.0000 7.0000
  endloop
endfacet
facet normal -0.997859 0.065403 0.000000
  outer loop
    vertex 24.0856 11.3053 0.0000
    vertex 24.0000 10.0000 0.0000
    vertex 24.0000 10.0000 7.0000
  endloop
endfacet
facet normal -0.997859 0.065403 0.000000
  outer loop
    vertex 24.0856 11.3053 0.0000
    vertex 24.0000 10.0000 7.0000
    vertex 24.0856 11.3053 7.0000
  endloop
endfacet
facet normal 0.997859 -0.065403 0.000000
  outer loop
    vertex 32.9689 10.1357 0.0000
    vertex 32.9600 10.0000 7.0000
    vertex 32.9600 10.0000 0.0000
  endloop
endfacet
facet normal 0.997859 -0.065403 0.000000
  outer loop
    vertex 32.9689 10.1357 0.0000
    vertex 32.9689 10.1357 7.0000
    vertex 32.9600 10.0000 7.0000
  endloop
endfacet
facet normal -0.000000 0.000000 -1.000000
  outer loop
    vertex 32.9600 10.0000 0.0000
    vertex 24.0856 8.6947 0.0000
    vertex 24.0000 10.0000 0.0000
  endloop
endfacet
facet normal 0.000000 -0.000000 -1.000000
  outer loop
    vertex 32.9600 10.0000 0.0000
    vertex 32.9689 9.8643 0.0000
    vertex 24.0856 8.6947 0.0000
  endloop
endfacet
facet normal 0.000000 0.000000 1.000000
  outer loop
    vertex 32.9600 10.0000 7.0000
    vertex 24.0000 10.0000 7.0000
    vertex 24.0856 8.6947 7.0000
  endloop
endfacet
facet normal 0.000000 0.000000 1.000000
  outer loop
    vertex 32.9600 10.0000 7.0000
    vertex 24.0856 8.6947 7.0000
    vertex 32.9689 9.8643 7.0000
  endloop
endfacet
facet normal -0.997859 -0.065403 0.000000
  outer loop
    vertex 24.0000 10.0000 0.0000
    vertex 24.0856 8.6947 0.0000
    vertex 24.0856 8.6947 7.0000
  endloop
endfacet
facet normal -0.997859 -0.065403 0.000000
  outer loop
    vertex 24.0000 10.0000 0.0000
    vertex 24.0856 8.6947 7.0000
    vertex 24.0000 10.0000 7.0000
  endloop
endfacet
facet normal 0.997859 0.065403 0.000000
  outer loop
    vertex 32.9600 10.0000 0.0000
    vertex 32.9689 9.8643 7.0000
    vertex 32.9689 9.8643 0.0000
  endloop
endfacet
facet normal 0.997859 0.065403 -0.000000
  outer loop
    vertex 32.9600 10.0000 0.0000
    vertex 32.9600 10.0000 7.0000
    vertex 32.9689 9.8643 7.0000
  endloop
endfacet
facet normal 0.000000 0.000000 -1.000000
  outer loop
    vertex 32.9689 9.8643 0.0000
    vertex 24.3407 7.4118 0.0000
    vertex 24.0856 8.6947 0.0000
  endloop
endfacet
facet normal 0.000000 -0.000000 -1.000000
  outer loop
    vertex 32.9689 9.8643 0.0000
    vertex 32.9954 9.7308 0.0000
    vertex 24.3407 7.4118 0.0000
  endloop
endfacet
facet normal 0.000000 0.000000 1.000000
  outer loop
    vertex 32.9689 9.8643 7.0000
    vertex 24.0856 8.6947 7.0000
    vertex 24.3407 7.4118 7.0000
  endloop
endfacet
facet normal 0.000000 0.000000 1.000000
  outer loop
    vertex 32.9689 9.8643 7.0000
    vertex 24.3407 7.4118 7.0000
    vertex 32.9954 9.7308 7.0000
  endloop
endfacet
facet normal -0.980785 -0.195090 0.000000
  outer loop
    vertex 24.0856 8.6947 0.0000
    vertex 24.3407 7.4118 0.0000
    vertex 24.3407 7.4118 7.0000
  endloop
endfacet
facet normal -0.980785 -0.195090 0.000000
  outer loop
    vertex 24.0856 8.6947 0.0000
    vertex 24.3407 7.4118 7.0000
    vertex 24.0856 8.6947 7.0000
  endloop
endfacet
facet normal 0.980785 0.195090 0.000000
  outer loop
    vertex 32.9689 9.8643 0.0000
    vertex 32.9954 9.7308 7.0000
    vertex 32.9954 9.7308 0.0000
  endloop
endfacet
facet normal 0.980785 0.195090 -0.000000
  outer loop
    vertex 32.9689 9.8643 0.0000
    vertex 32.9689 9.8643 7.0000
    vertex 32.9954 9.7308 7.0000
  endloop
endfacet
facet normal 0.000000 0.000000 -1.000000
  outer loop
    vertex 32.9954 9.7308 0.0000
    vertex 24.7612 6.1732 0.0000
    vertex 24.3407 7.4118 0.0000
  endloop
endfacet
facet normal 0.000000 -0.000000 -1.000000
  outer loop
    vertex 32.9954 9.7308 0.0000
    vertex 33.0392 9.6020 0.0000
    vertex 24.7612 6.1732 0.0000
  endloop
endfacet
facet normal 0.000000 0.000000 1.000000
  outer loop
    vertex 32.9954 9.7308 7.0000
    vertex 24.3407 7.4118 7.0000
    vertex 24.7612 6.1732 7.0000
  endloop
endfacet
facet normal 0.000000 0.000000 1.000000
  outer loop
    vertex 32.9954 9.7308 7.0000
    vertex 24.7612 6.1732 7.0000
    vertex 33.0392 9.6020 7.0000
  endloop
endfacet
facet normal -0.946930 -0.321439 0.000000
  outer loop
    vertex 24.3407 7.4118 0.0000
    vertex 24.7612 6.1732 0.0000
    vertex 24.7612 6.1732 7.0000
  endloop
endfacet
facet normal -0.946930 -0.321439 0.000000
  outer loop
    vertex 24.3407 7.4118 0.0000
    vertex 24.7612 6.1732 7.0000
    vertex 24.3407 7.4118 7.0000
  endloop
endfacet
facet normal 0.946930 0.321439 0.000000
  outer loop
    vertex 32.9954 9.7308 0.0000
    vertex 33.0392 9.6020 7.0000
    vertex 33.0392 9.6020 0.0000
  endloop
endfacet
facet normal 0.946930 0.321439 -0.000000
  outer loop
    vertex 32.9954 9.7308 0.0000
    vertex 32.9954 9.7308 7.0000
    vertex 33.0392 9.6020 7.0000
  endloop
endfacet
facet normal 0.000000 0.000000 -1.000000
  outer loop
    vertex 33.0392 9.6020 0.0000
    vertex 25.3397 5.0000 0.0000
    vertex 24.7612 6.1732 0.0000
  endloop
endfacet
facet normal 0.000000 -0.000000 -1.000000
  outer loop
    vertex 33.0392 9.6020 0.0000
    vertex 33.0993 9.4800 0.0000
    vertex 25.3397 5.0000 0.0000
  endloop
endfacet
facet normal 0.000000 0.000000 1.000000
  outer loop
    vertex 33.0392 9.6020 7.0000
    vertex 24.7612 6.1732 7.0000
    vertex 25.3397 5.0000 7.0000
  endloop
endfacet
facet normal 0.000000 0.000000 1.000000
  outer loop
    vertex 33.0392 9.6020 7.0000
    vertex 25.3397 5.0000 7.0000
    vertex 33.0993 9.4800 7.0000
  endloop
endfacet
facet normal -0.896873 -0.442289 0.000000
  outer loop
    vertex 24.7612 6.1732 0.0000
    vertex 25.3397 5.0000 0.0000
    vertex 25.3397 5.0000 7.0000
  endloop
endfacet
facet normal -0.896873 -0.442289 0.000000
  outer loop
    vertex 24.7612 6.1732 0.0000
    vertex 25.3397 5.0000 7.0000
    vertex 24.7612 6.1732 7.0000
  endloop
endfacet
facet normal 0.896873 0.442289 0.000000
  outer loop
    vertex 33.0392 9.6020 0.0000
    vertex 33.0993 9.4800 7.0000
    vertex 33.0993 9.4800 0.0000
  endloop
endfacet
facet normal 0.896873 0.442289 -0.000000
  outer loop
    vertex 33.0392 9.6020 0.0000
    vertex 33.0392 9.6020 7.0000
    vertex 33.0993 9.4800 7.0000
  endloop
endfacet
facet normal 0.000000 0.000000 -1.000000
  outer loop
    vertex 33.0993 9.4800 0.0000
    vertex 26.0665 3.9124 0.0000
    vertex 25.3397 5.0000 0.0000
  endloop
endfacet
facet normal 0.000000 -0.000000 -1.000000
  outer loop
    vertex 33.0993 9.4800 0.0000
    vertex 33.1749 9.3669 0.0000
    vertex 26.0665 3.9124 0.0000
  endloop
endfacet
facet normal 0.000000 0.000000 1.000000
  outer loop
    vertex 33.0993 9.4800 7.0000
    vertex 25.3397 5.0000 7.0000
    vertex 26.0665 3.9124 7.0000
  endloop
endfacet
facet normal 0.000000 0.000000 1.000000
  outer loop
    vertex 33.0993 9.4800 7.0000
    vertex 26.0665 3.9124 7.0000
    vertex 33.1749 9.3669 7.0000
  endloop
endfacet
facet normal -0.831470 -0.555570 0.000000
  outer loop
    vertex 25.3397 5.0000 0.0000
    vertex 26.0665 3.9124 0.0000
    vertex 26.0665 3.9124 7.0000
  endloop
endfacet
facet normal -0.831470 -0.555570 0.000000
  outer loop
    vertex 25.3397 5.0000 0.0000
    vertex 26.0665 3.9124 7.0000
    vertex 25.3397 5.0000 7.0000
  endloop
endfacet
facet normal 0.831470 0.555570 0.000000
  outer loop
    vertex 33.0993 9.4800 0.0000
    vertex 33.1749 9.3669 7.0000
    vertex 33.1749 9.3669 0.0000
  endloop
endfacet
facet normal 0.831470 0.555570 -0.000000
  outer loop
    vertex 33.0993 9.4800 0.0000
    vertex 33.0993 9.4800 7.0000
    vertex 33.1749 9.3669 7.0000
  endloop
endfacet
facet normal 0.000000 0.000000 -1.000000
  outer loop
    vertex 33.1749 9.3669 0.0000
    vertex 26.9289 2.9289 0.0000
    vertex 26.0665 3.9124 0.0000
  endloop
endfacet
facet normal 0.000000 -0.000000 -1.000000
  outer loop
    vertex 33.1749 9.3669 0.0000
    vertex 33.2646 9.2646 0.0000
    vertex 26.9289 2.9289 0.0000
  endloop
endfacet
facet normal 0.000000 0.000000 1.000000
  outer loop
    vertex 33.1749 9.3669 7.0000
    vertex 26.0665 3.9124 7.0000
    vertex 26.9289 2.9289 7.0000
  endloop
endfacet
facet normal 0.000000 0.000000 1.000000
  outer loop
    vertex 33.1749 9.3669 7.0000
    vertex 26.9289 2.9289 7.0000
    vertex 33.2646 9.2646 7.0000
  endloop
endfacet
facet normal -0.751840 -0.659346 0.000000
  outer loop
    vertex 26.0665 3.9124 0.0000
    vertex 26.9289 2.9289 0.0000
    vertex 26.9289 2.9289 7.0000
  endloop
endfacet
facet normal -0.751840 -0.659346 0.000000
  outer loop
    vertex 26.0665 3.9124 0.0000
    vertex 26.9289 2.9289 7.0000
    vertex 26.0665 3.9124 7.0000
  endloop
endfacet
facet normal 0.751840 0.659346 0.000000
  outer loop
    vertex 33.1749 9.3669 0.0000
    vertex 33.2646 9.2646 7.0000
    vertex 33.2646 9.2646 0.0000
  endloop
endfacet
facet normal 0.751840 0.659346 -0.000000
  outer loop
    vertex 33.1749 9.3669 0.0000
    vertex 33.1749 9.3669 7.0000
    vertex 33.2646 9.2646 7.0000
  endloop
endfacet
facet normal 0.000000 0.000000 -1.000000
  outer loop
    vertex 33.2646 9.2646 0.0000
    vertex 27.9124 2.0665 0.0000
    vertex 26.9289 2.9289 0.0000
  endloop
endfacet
facet normal 0.000000 -0.000000 -1.000000
  outer loop
    vertex 33.2646 9.2646 0.0000
    vertex 33.3669 9.1749 0.0000
    vertex 27.9124 2.0665 0.0000
  endloop
endfacet
facet normal 0.000000 0.000000 1.000000
  outer loop
    vertex 33.2646 9.2646 7.0000
    vertex 26.9289 2.9289 7.0000
    vertex 27.9124 2.0665 7.0000
  endloop
endfacet
facet normal 0.000000 0.000000 1.000000
  outer loop
    vertex 33.2646 9.2646 7.0000
    vertex 27.9124 2.0665 7.0000
    vertex 33.3669 9.1749 7.0000
  endloop
endfacet
facet normal -0.659346 -0.751840 0.000000
  outer loop
    vertex 26.9289 2.9289 0.0000
    vertex 27.9124 2.0665 0.0000
    vertex 27.9124 2.0665 7.0000
  endloop
endfacet
facet normal -0.659346 -0.751840 0.000000
  outer loop
    vertex 26.9289 2.9289 0.0000
    vertex 27.9124 2.0665 7.0000
    vertex 26.9289 2.9289 7.0000
  endloop
endfacet
facet normal 0.659346 0.751840 0.000000
  outer loop
    vertex 33.2646 9.2646 0.0000
    vertex 33.3669 9.1749 7.0000
    vertex 33.3669 9.1749 0.0000
  endloop
endfacet
facet normal 0.659346 0.751840 -0.000000
  outer loop
    vertex 33.2646 9.2646 0.0000
    vertex 33.2646 9.2646 7.0000
    vertex 33.3669 9.1749 7.0000
  endloop
endfacet
facet normal 0.000000 0.000000 -1.000000
  outer loop
    vertex 33.3669 9.1749 0.0000
    vertex 29.0000 1.3397 0.0000
    vertex 27.9124 2.0665 0.0000
  endloop
endfacet
facet normal 0.000000 -0.000000 -1.000000
  outer loop
    vertex 33.3669 9.1749 0.0000
    vertex 33.4800 9.0993 0.0000
    vertex 29.0000 1.3397 0.0000
  endloop
endfacet
facet normal 0.000000 0.000000 1.000000
  outer loop
    vertex 33.3669 9.1749 7.0000
    vertex 27.9124 2.0665 7.0000
    vertex 29.0000 1.3397 7.0000
  endloop
endfacet
facet normal 0.000000 0.000000 1.000000
  outer loop
    vertex 33.3669 9.1749 7.0000
    vertex 29.0000 1.3397 7.0000
    vertex 33.4800 9.0993 7.0000
  endloop
endfacet
facet normal -0.555570 -0.831470 0.000000
  outer loop
    vertex 27.9124 2.0665 0.0000
    vertex 29.0000 1.3397 0.0000
    vertex 29.0000 1.3397 7.0000
  endloop
endfacet
facet normal -0.555570 -0.831470 0.000000
  outer loop
    vertex 27.9124 2.0665 0.0000
    vertex 29.0000 1.3397 7.0000
    vertex 27.9124 2.0665 7.0000
  endloop
endfacet
facet normal 0.555570 0.831470 0.000000
  outer loop
    vertex 33.3669 9.1749 0.0000
    vertex 33.4800 9.0993 7.0000
    vertex 33.4800 9.0993 0.0000
  endloop
endfacet
facet normal 0.555570 0.831470 -0.000000
  outer loop
    vertex 33.3669 9.1749 0.0000
    vertex 33.3669 9.1749 7.0000
    vertex 33.4800 9.0993 7.0000
  endloop
endfacet
facet normal 0.000000 0.000000 -1.000000
  outer loop
    vertex 33.4800 9.0993 0.0000
    vertex 30.1732 0.7612 0.0000
    vertex 29.0000 1.3397 0.0000
  endloop
endfacet
facet normal 0.000000 -0.000000 -1.000000
  outer loop
    vertex 33.4800 9.0993 0.0000
    vertex 33.6020 9.0392 0.0000
    vertex 30.1732 0.7612 0.0000
  endloop
endfacet
facet normal 0.000000 0.000000 1.000000
  outer loop
    vertex 33.4800 9.0993 7.0000
    vertex 29.0000 1.3397 7.0000
    vertex 30.1732 0.7612 7.0000
  endloop
endfacet
facet normal 0.000000 0.000000 1.000000
  outer loop
    vertex 33.4800 9.0993 7.0000
    vertex 30.1732 0.7612 7.0000
    vertex 33.6020 9.0392 7.0000
  endloop
endfacet
facet normal -0.442289 -0.896873 0.000000
  outer loop
    vertex 29.0000 1.3397 0.0000
    vertex 30.1732 0.7612 0.0000
    vertex 30.1732 0.7612 7.0000
  endloop
endfacet
facet normal -0.442289 -0.896873 0.000000
  outer loop
    vertex 29.0000 1.3397 0.0000
    vertex 30.1732 0.7612 7.0000
    vertex 29.0000 1.3397 7.0000
  endloop
endfacet
facet normal 0.442289 0.896873 0.000000
  outer loop
    vertex 33.4800 9.0993 0.0000
    vertex 33.6020 9.0392 7.0000
    vertex 33.6020 9.0392 0.0000
  endloop
endfacet
facet normal 0.442289 0.896873 -0.000000
  outer loop
    vertex 33.4800 9.0993 0.0000
    vertex 33.4800 9.0993 7.0000
    vertex 33.6020 9.0392 7.0000
  endloop
endfacet
facet normal 0.000000 0.000000 -1.000000
  outer loop
    vertex 33.6020 9.0392 0.0000
    vertex 31.4118 0.3407 0.0000
    vertex 30.1732 0.7612 0.0000
  endloop
endfacet
facet normal 0.000000 -0.000000 -1.000000
  outer loop
    vertex 33.6020 9.0392 0.0000
    vertex 33.7308 8.9954 0.0000
    vertex 31.4118 0.3407 0.0000
  endloop
endfacet
facet normal 0.000000 0.000000 1.000000
  outer loop
    vertex 33.6020 9.0392 7.0000
    vertex 30.1732 0.7612 7.0000
    vertex 31.4118 0.3407 7.0000
  endloop
endfacet
facet normal 0.000000 0.000000 1.000000
  outer loop
    vertex 33.6020 9.0392 7.0000
    vertex 31.4118 0.3407 7.0000
    vertex 33.7308 8.9954 7.0000
  endloop
endfacet
facet normal -0.321439 -0.946930 0.000000
  outer loop
    vertex 30.1732 0.7612 0.0000
    vertex 31.4118 0.3407 0.0000
    vertex 31.4118 0.3407 7.0000
  endloop
endfacet
facet normal -0.321439 -0.946930 0.000000
  outer loop
    vertex 30.1732 0.7612 0.0000
    vertex 31.4118 0.3407 7.0000
    vertex 30.1732 0.7612 7.0000
  endloop
endfacet
facet normal 0.321439 0.946930 0.000000
  outer loop
    vertex 33.6020 9.0392 0.0000
    vertex 33.7308 8.9954 7.0000
    vertex 33.7308 8.9954 0.0000
  endloop
endfacet
facet normal 0.321439 0.946930 -0.000000
  outer loop
    vertex 33.6020 9.0392 0.0000
    vertex 33.6020 9.0392 7.0000
    vertex 33.7308 8.9954 7.0000
  endloop
endfacet
facet normal 0.000000 0.000000 -1.000000
  outer loop
    vertex 33.7308 8.9954 0.0000
    vertex 32.6947 0.0856 0.0000
    vertex 31.4118 0.3407 0.0000
  endloop
endfacet
facet normal 0.000000 -0.000000 -1.000000
  outer loop
    vertex 33.7308 8.9954 0.0000
    vertex 33.8643 8.9689 0.0000
    vertex 32.6947 0.0856 0.0000
  endloop
endfacet
facet normal 0.000000 0.000000 1.000000
  outer loop
    vertex 33.7308 8.9954 7.0000
    vertex 31.4118 0.3407 7.0000
    vertex 32.6947 0.0856 7.0000
  endloop
endfacet
facet normal 0.000000 0.000000 1.000000
  outer loop
    vertex 33.7308 8.9954 7.0000
    vertex 32.6947 0.0856 7.0000
    vertex 33.8643 8.9689 7.0000
  endloop
endfacet
facet normal -0.195090 -0.980785 0.000000
  outer loop
    vertex 31.4118 0.3407 0.0000
    vertex 32.6947 0.0856 0.0000
    vertex 32.6947 0.0856 7.0000
  endloop
endfacet
facet normal -0.195090 -0.980785 0.000000
  outer loop
    vertex 31.4118 0.3407 0.0000
    vertex 32.6947 0.0856 7.0000
    vertex 31.4118 0.3407 7.0000
  endloop
endfacet
facet normal 0.195090 0.980785 0.000000
  outer loop
    vertex 33.7308 8.9954 0.0000
    vertex 33.8643 8.9689 7.0000
    vertex 33.8643 8.9689 0.0000
  endloop
endfacet
facet normal 0.195090 0.980785 -0.000000
  outer loop
    vertex 33.7308 8.9954 0.0000
    vertex 33.7308 8.9954 7.0000
    vertex 33.8643 8.9689 7.0000
  endloop
endfacet
facet normal 0.000000 -0.000000 -1.000000
  outer loop
    vertex 33.8643 8.9689 0.0000
    vertex 34.0000 0.0000 0.0000
    vertex 32.6947 0.0856 0.0000
  endloop
endfacet
facet normal 0.000000 0.000000 -1.000000
  outer loop
    vertex 33.8643 8.9689 0.0000
    vertex 34.0000 8.9600 0.0000
    vertex 34.0000 0.0000 0.0000
  endloop
endfacet
facet normal 0.000000 0.000000 1.000000
  outer loop
    vertex 33.8643 8.9689 7.0000
    vertex 32.6947 0.0856 7.0000
    vertex 34.0000 0.0000 7.0000
  endloop
endfacet
facet normal 0.000000 0.000000 1.000000
  outer loop
    vertex 33.8643 8.9689 7.0000
    vertex 34.0000 0.0000 7.0000
    vertex 34.0000 8.9600 7.0000
  endloop
endfacet
facet normal -0.065403 -0.997859 0.000000
  outer loop
    vertex 32.6947 0.0856 0.0000
    vertex 34.0000 0.0000 0.0000
    vertex 34.0000 0.0000 7.0000
  endloop
endfacet
facet normal -0.065403 -0.997859 0.000000
  outer loop
    vertex 32.6947 0.0856 0.0000
    vertex 34.0000 0.0000 7.0000
    vertex 32.6947 0.0856 7.0000
  endloop
endfacet
facet normal 0.065403 0.997859 0.000000
  outer loop
    vertex 33.8643 8.9689 0.0000
    vertex 34.0000 8.9600 7.0000
    vertex 34.0000 8.9600 0.0000
  endloop
endfacet
facet normal 0.065403 0.997859 -0.000000
  outer loop
    vertex 33.8643 8.9689 0.0000
    vertex 33.8643 8.9689 7.0000
    vertex 34.0000 8.9600 7.0000
  endloop
endfacet
facet normal 0.000000 0.000000 -1.000000
  outer loop
    vertex 34.0000 8.9600 0.0000
    vertex 35.3053 0.0856 0.0000
    vertex 34.0000 0.0000 0.0000
  endloop
endfacet
facet normal 0.000000 0.000000 -1.000000
  outer loop
    vertex 34.0000 8.9600 0.0000
    vertex 34.1357 8.9689 0.0000
    vertex 35.3053 0.0856 0.0000
  endloop
endfacet
facet normal 0.000000 0.000000 1.000000
  outer loop
    vertex 34.0000 8.9600 7.0000
    vertex 34.0000 0.0000 7.0000
    vertex 35.3053 0.0856 7.0000
  endloop
endfacet
facet normal -0.000000 0.000000 1.000000
  outer loop
    vertex 34.0000 8.9600 7.0000
    vertex 35.3053 0.0856 7.0000
    vertex 34.1357 8.9689 7.0000
  endloop
endfacet
facet normal 0.065403 -0.997859 0.000000
  outer loop
    vertex 34.0000 0.0000 0.0000
    vertex 35.3053 0.0856 0.0000
    vertex 35.3053 0.0856 7.0000
  endloop
endfacet
facet normal 0.065403 -0.997859 0.000000
  outer loop
    vertex 34.0000 0.0000 0.0000
    vertex 35.3053 0.0856 7.0000
    vertex 34.0000 0.0000 7.0000
  endloop
endfacet
facet normal -0.065403 0.997859 0.000000
  outer loop
    vertex 34.0000 8.9600 0.0000
    vertex 34.1357 8.9689 7.0000
    vertex 34.1357 8.9689 0.0000
  endloop
endfacet
facet normal -0.065403 0.997859 0.000000
  outer loop
    vertex 34.0000 8.9600 0.0000
    vertex 34.0000 8.9600 7.0000
    vertex 34.1357 8.9689 7.0000
  endloop
endfacet
facet normal 0.000000 0.000000 -1.000000
  outer loop
    vertex 34.1357 8.9689 0.0000
    vertex 36.5882 0.3407 0.0000
    vertex 35.3053 0.0856 0.0000
  endloop
endfacet
facet normal 0.000000 0.000000 -1.000000
  outer loop
    vertex 34.1357 8.9689 0.0000
    vertex 34.2692 8.9954 0.0000
    vertex 36.5882 0.3407 0.0000
  endloop
endfacet
facet normal 0.000000 0.000000 1.000000
  outer loop
    vertex 34.1357 8.9689 7.0000
    vertex 35.3053 0.0856 7.0000
    vertex 36.5882 0.3407 7.0000
  endloop
endfacet
facet normal -0.000000 0.000000 1.000000
  outer loop
    vertex 34.1357 8.9689 7.0000
    vertex 36.5882 0.3407 7.0000
    vertex 34.2692 8.9954 7.0000
  endloop
endfacet
facet normal 0.195090 -0.980785 0.000000
  outer loop
    vertex 35.3053 0.0856 0.0000
    vertex 36.5882 0.3407 0.0000
    vertex 36.5882 0.3407 7.0000
  endloop
endfacet
facet normal 0.195090 -0.980785 0.000000
  outer loop
    vertex 35.3053 0.0856 0.0000
    vertex 36.5882 0.3407 7.0000
    vertex 35.3053 0.0856 7.0000
  endloop
endfacet
facet normal -0.195090 0.980785 0.000000
  outer loop
    vertex 34.1357 8.9689 0.0000
    vertex 34.2692 8.9954 7.0000
    vertex 34.2692 8.9954 0.0000
  endloop
endfacet
facet normal -0.195090 0.980785 0.000000
  outer loop
    vertex 34.1357 8.9689 0.0000
    vertex 34.1357 8.9689 7.0000
    vertex 34.2692 8.9954 7.0000
  endloop
endfacet
facet normal 0.000000 0.000000 -1.000000
  outer loop
    vertex 34.2692 8.9954 0.0000
    vertex 37.8268 0.7612 0.0000
    vertex 36.5882 0.3407 0.0000
  endloop
endfacet
facet normal 0.000000 0.000000 -1.000000
  outer loop
    vertex 34.2692 8.9954 0.0000
    vertex 34.3980 9.0392 0.0000
    vertex 37.8268 0.7612 0.0000
  endloop
endfacet
facet normal 0.000000 0.000000 1.000000
  outer loop
    vertex 34.2692 8.9954 7.0000
    vertex 36.5882 0.3407 7.0000
    vertex 37.8268 0.7612 7.0000
  endloop
endfacet
facet normal -0.000000 0.000000 1.000000
  outer loop
    vertex 34.2692 8.9954 7.0000
    vertex 37.8268 0.7612 7.0000
    vertex 34.3980 9.0392 7.0000
  endloop
endfacet
facet normal 0.321439 -0.946930 0.000000
  outer loop
    vertex 36.5882 0.3407 0.0000
    vertex 37.8268 0.7612 0.0000
    vertex 37.8268 0.7612 7.0000
  endloop
endfacet
facet normal 0.321439 -0.946930 0.000000
  outer loop
    vertex 36.5882 0.3407 0.0000
    vertex 37.8268 0.7612 7.0000
    vertex 36.5882 0.3407 7.0000
  endloop
endfacet
facet normal -0.321439 0.946930 0.000000
  outer loop
    vertex 34.2692 8.9954 0.0000
    vertex 34.3980 9.0392 7.0000
    vertex 34.3980 9.0392 0.0000
  endloop
endfacet
facet normal -0.321439 0.946930 0.000000
  outer loop
    vertex 34.2692 8.9954 0.0000
    vertex 34.2692 8.9954 7.0000
    vertex 34.3980 9.0392 7.0000
  endloop
endfacet
facet normal 0.000000 0.000000 -1.000000
  outer loop
    vertex 34.3980 9.0392 0.0000
    vertex 39.0000 1.3397 0.0000
    vertex 37.8268 0.7612 0.0000
  endloop
endfacet
facet normal 0.000000 0.000000 -1.000000
  outer loop
    vertex 34.3980 9.0392 0.0000
    vertex 34.5200 9.0993 0.0000
    vertex 39.0000 1.3397 0.0000
  endloop
endfacet
facet normal 0.000000 0.000000 1.000000
  outer loop
    vertex 34.3980 9.0392 7.0000
    vertex 37.8268 0.7612 7.0000
    vertex 39.0000 1.3397 7.0000
  endloop
endfacet
facet normal -0.000000 0.000000 1.000000
  outer loop
    vertex 34.3980 9.0392 7.0000
    vertex 39.0000 1.3397 7.0000
    vertex 34.5200 9.0993 7.0000
  endloop
endfacet
facet normal 0.442289 -0.896873 0.000000
  outer loop
    vertex 37.8268 0.7612 0.0000
    vertex 39.0000 1.3397 0.0000
    vertex 39.0000 1.3397 7.0000
  endloop
endfacet
facet normal 0.442289 -0.896873 0.000000
  outer loop
    vertex 37.8268 0.7612 0.0000
    vertex 39.0000 1.3397 7.0000
    vertex 37.8268 0.7612 7.0000
  endloop
endfacet
facet normal -0.442289 0.896873 0.000000
  outer loop
    vertex 34.3980 9.0392 0.0000
    vertex 34.5200 9.0993 7.0000
    vertex 34.5200 9.0993 0.0000
  endloop
endfacet
facet normal -0.442289 0.896873 0.000000
  outer loop
    vertex 34.3980 9.0392 0.0000
    vertex 34.3980 9.0392 7.0000
    vertex 34.5200 9.0993 7.0000
  endloop
endfacet
facet normal 0.000000 0.000000 -1.000000
  outer loop
    vertex 34.5200 9.0993 0.0000
    vertex 40.0876 2.0665 0.0000
    vertex 39.0000 1.3397 0.0000
  endloop
endfacet
facet normal 0.000000 0.000000 -1.000000
  outer loop
    vertex 34.5200 9.0993 0.0000
    vertex 34.6331 9.1749 0.0000
    vertex 40.0876 2.0665 0.0000
  endloop
endfacet
facet normal 0.000000 0.000000 1.000000
  outer loop
    vertex 34.5200 9.0993 7.0000
    vertex 39.0000 1.3397 7.0000
    vertex 40.0876 2.0665 7.0000
  endloop
endfacet
facet normal -0.000000 0.000000 1.000000
  outer loop
    vertex 34.5200 9.0993 7.0000
    vertex 40.0876 2.0665 7.0000
    vertex 34.6331 9.1749 7.0000
  endloop
endfacet
facet normal 0.555570 -0.831470 0.000000
  outer loop
    vertex 39.0000 1.3397 0.0000
    vertex 40.0876 2.0665 0.0000
    vertex 40.0876 2.0665 7.0000
  endloop
endfacet
facet normal 0.555570 -0.831470 0.000000
  outer loop
    vertex 39.0000 1.3397 0.0000
    vertex 40.0876 2.0665 7.0000
    vertex 39.0000 1.3397 7.0000
  endloop
endfacet
facet normal -0.555570 0.831470 0.000000
  outer loop
    vertex 34.5200 9.0993 0.0000
    vertex 34.6331 9.1749 7.0000
    vertex 34.6331 9.1749 0.0000
  endloop
endfacet
facet normal -0.555570 0.831470 0.000000
  outer loop
    vertex 34.5200 9.0993 0.0000
    vertex 34.5200 9.0993 7.0000
    vertex 34.6331 9.1749 7.0000
  endloop
endfacet
facet normal 0.000000 0.000000 -1.000000
  outer loop
    vertex 34.6331 9.1749 0.0000
    vertex 41.0711 2.9289 0.0000
    vertex 40.0876 2.0665 0.0000
  endloop
endfacet
facet normal 0.000000 0.000000 -1.000000
  outer loop
    vertex 34.6331 9.1749 0.0000
    vertex 34.7354 9.2646 0.0000
    vertex 41.0711 2.9289 0.0000
  endloop
endfacet
facet normal 0.000000 0.000000 1.000000
  outer loop
    vertex 34.6331 9.1749 7.0000
    vertex 40.0876 2.0665 7.0000
    vertex 41.0711 2.9289 7.0000
  endloop
endfacet
facet normal -0.000000 0.000000 1.000000
  outer loop
    vertex 34.6331 9.1749 7.0000
    vertex 41.0711 2.9289 7.0000
    vertex 34.7354 9.2646 7.0000
  endloop
endfacet
facet normal 0.659346 -0.751840 0.000000
  outer loop
    vertex 40.0876 2.0665 0.0000
    vertex 41.0711 2.9289 0.0000
    vertex 41.0711 2.9289 7.0000
  endloop
endfacet
facet normal 0.659346 -0.751840 0.000000
  outer loop
    vertex 40.0876 2.0665 0.0000
    vertex 41.0711 2.9289 7.0000
    vertex 40.0876 2.0665 7.0000
  endloop
endfacet
facet normal -0.659346 0.751840 0.000000
  outer loop
    vertex 34.6331 9.1749 0.0000
    vertex 34.7354 9.2646 7.0000
    vertex 34.7354 9.2646 0.0000
  endloop
endfacet
facet normal -0.659346 0.751840 0.000000
  outer loop
    vertex 34.6331 9.1749 0.0000
    vertex 34.6331 9.1749 7.0000
    vertex 34.7354 9.2646 7.0000
  endloop
endfacet
facet normal 0.000000 0.000000 -1.000000
  outer loop
    vertex 34.7354 9.2646 0.0000
    vertex 41.9335 3.9124 0.0000
    vertex 41.0711 2.9289 0.0000
  endloop
endfacet
facet normal 0.000000 0.000000 -1.000000
  outer loop
    vertex 34.7354 9.2646 0.0000
    vertex 34.8251 9.3669 0.0000
    vertex 41.9335 3.9124 0.0000
  endloop
endfacet
facet normal 0.000000 0.000000 1.000000
  outer loop
    vertex 34.7354 9.2646 7.0000
    vertex 41.0711 2.9289 7.0000
    vertex 41.9335 3.9124 7.0000
  endloop
endfacet
facet normal -0.000000 0.000000 1.000000
  outer loop
    vertex 34.7354 9.2646 7.0000
    vertex 41.9335 3.9124 7.0000
    vertex 34.8251 9.3669 7.0000
  endloop
endfacet
facet normal 0.751840 -0.659346 0.000000
  outer loop
    vertex 41.0711 2.9289 0.0000
    vertex 41.9335 3.9124 0.0000
    vertex 41.9335 3.9124 7.0000
  endloop
endfacet
facet normal 0.751840 -0.659346 0.000000
  outer loop
    vertex 41.0711 2.9289 0.0000
    vertex 41.9335 3.9124 7.0000
    vertex 41.0711 2.9289 7.0000
  endloop
endfacet
facet normal -0.751840 0.659346 0.000000
  outer loop
    vertex 34.7354 9.2646 0.0000
    vertex 34.8251 9.3669 7.0000
    vertex 34.8251 9.3669 0.0000
  endloop
endfacet
facet normal -0.751840 0.659346 0.000000
  outer loop
    vertex 34.7354 9.2646 0.0000
    vertex 34.7354 9.2646 7.0000
    vertex 34.8251 9.3669 7.0000
  endloop
endfacet
facet normal 0.000000 0.000000 -1.000000
  outer loop
    vertex 34.8251 9.3669 0.0000
    vertex 42.6603 5.0000 0.0000
    vertex 41.9335 3.9124 0.0000
  endloop
endfacet
facet normal 0.000000 0.000000 -1.000000
  outer loop
    vertex 34.8251 9.3669 0.0000
    vertex 34.9007 9.4800 0.0000
    vertex 42.6603 5.0000 0.0000
  endloop
endfacet
facet normal 0.000000 0.000000 1.000000
  outer loop
    vertex 34.8251 9.3669 7.0000
    vertex 41.9335 3.9124 7.0000
    vertex 42.6603 5.0000 7.0000
  endloop
endfacet
facet normal -0.000000 0.000000 1.000000
  outer loop
    vertex 34.8251 9.3669 7.0000
    vertex 42.6603 5.0000 7.0000
    vertex 34.9007 9.4800 7.0000
  endloop
endfacet
facet normal 0.831470 -0.555570 0.000000
  outer loop
    vertex 41.9335 3.9124 0.0000
    vertex 42.6603 5.0000 0.0000
    vertex 42.6603 5.0000 7.0000
  endloop
endfacet
facet normal 0.831470 -0.555570 0.000000
  outer loop
    vertex 41.9335 3.9124 0.0000
    vertex 42.6603 5.0000 7.0000
    vertex 41.9335 3.9124 7.0000
  endloop
endfacet
facet normal -0.831470 0.555570 0.000000
  outer loop
    vertex 34.8251 9.3669 0.0000
    vertex 34.9007 9.4800 7.0000
    vertex 34.9007 9.4800 0.0000
  endloop
endfacet
facet normal -0.831470 0.555570 0.000000
  outer loop
    vertex 34.8251 9.3669 0.0000
    vertex 34.8251 9.3669 7.0000
    vertex 34.9007 9.4800 7.0000
  endloop
endfacet
facet normal 0.000000 0.000000 -1.000000
  outer loop
    vertex 34.9007 9.4800 0.0000
    vertex 43.2388 6.1732 0.0000
    vertex 42.6603 5.0000 0.0000
  endloop
endfacet
facet normal 0.000000 0.000000 -1.000000
  outer loop
    vertex 34.9007 9.4800 0.0000
    vertex 34.9608 9.6020 0.0000
    vertex 43.2388 6.1732 0.0000
  endloop
endfacet
facet normal 0.000000 0.000000 1.000000
  outer loop
    vertex 34.9007 9.4800 7.0000
    vertex 42.6603 5.0000 7.0000
    vertex 43.2388 6.1732 7.0000
  endloop
endfacet
facet normal -0.000000 0.000000 1.000000
  outer loop
    vertex 34.9007 9.4800 7.0000
    vertex 43.2388 6.1732 7.0000
    vertex 34.9608 9.6020 7.0000
  endloop
endfacet
facet normal 0.896873 -0.442289 0.000000
  outer loop
    vertex 42.6603 5.0000 0.0000
    vertex 43.2388 6.1732 0.0000
    vertex 43.2388 6.1732 7.0000
  endloop
endfacet
facet normal 0.896873 -0.442289 0.000000
  outer loop
    vertex 42.6603 5.0000 0.0000
    vertex 43.2388 6.1732 7.0000
    vertex 42.6603 5.0000 7.0000
  endloop
endfacet
facet normal -0.896873 0.442289 0.000000
  outer loop
    vertex 34.9007 9.4800 0.0000
    vertex 34.9608 9.6020 7.0000
    vertex 34.9608 9.6020 0.0000
  endloop
endfacet
facet normal -0.896873 0.442289 0.000000
  outer loop
    vertex 34.9007 9.4800 0.0000
    vertex 34.9007 9.4800 7.0000
    vertex 34.9608 9.6020 7.0000
  endloop
endfacet
facet normal 0.000000 0.000000 -1.000000
  outer loop
    vertex 34.9608 9.6020 0.0000
    vertex 43.6593 7.4118 0.0000
    vertex 43.2388 6.1732 0.0000
  endloop
endfacet
facet normal 0.000000 0.000000 -1.000000
  outer loop
    vertex 34.9608 9.6020 0.0000
    vertex 35.0046 9.7308 0.0000
    vertex 43.6593 7.4118 0.0000
  endloop
endfacet
facet normal 0.000000 0.000000 1.000000
  outer loop
    vertex 34.9608 9.6020 7.0000
    vertex 43.2388 6.1732 7.0000
    vertex 43.6593 7.4118 7.0000
  endloop
endfacet
facet normal -0.000000 0.000000 1.000000
  outer loop
    vertex 34.9608 9.6020 7.0000
    vertex 43.6593 7.4118 7.0000
    vertex 35.0046 9.7308 7.0000
  endloop
endfacet
facet normal 0.946930 -0.321439 0.000000
  outer loop
    vertex 43.2388 6.1732 0.0000
    vertex 43.6593 7.4118 0.0000
    vertex 43.6593 7.4118 7.0000
  endloop
endfacet
facet normal 0.946930 -0.321439 0.000000
  outer loop
    vertex 43.2388 6.1732 0.0000
    vertex 43.6593 7.4118 7.0000
    vertex 43.2388 6.1732 7.0000
  endloop
endfacet
facet normal -0.946930 0.321439 0.000000
  outer loop
    vertex 34.9608 9.6020 0.0000
    vertex 35.0046 9.7308 7.0000
    vertex 35.0046 9.7308 0.0000
  endloop
endfacet
facet normal -0.946930 0.321439 0.000000
  outer loop
    vertex 34.9608 9.6020 0.0000
    vertex 34.9608 9.6020 7.0000
    vertex 35.0046 9.7308 7.0000
  endloop
endfacet
facet normal 0.000000 0.000000 -1.000000
  outer loop
    vertex 35.0046 9.7308 0.0000
    vertex 43.9144 8.6947 0.0000
    vertex 43.6593 7.4118 0.0000
  endloop
endfacet
facet normal 0.000000 0.000000 -1.000000
  outer loop
    vertex 35.0046 9.7308 0.0000
    vertex 35.0311 9.8643 0.0000
    vertex 43.9144 8.6947 0.0000
  endloop
endfacet
facet normal 0.000000 0.000000 1.000000
  outer loop
    vertex 35.0046 9.7308 7.0000
    vertex 43.6593 7.4118 7.0000
    vertex 43.9144 8.6947 7.0000
  endloop
endfacet
facet normal -0.000000 0.000000 1.000000
  outer loop
    vertex 35.0046 9.7308 7.0000
    vertex 43.9144 8.6947 7.0000
    vertex 35.0311 9.8643 7.0000
  endloop
endfacet
facet normal 0.980785 -0.195090 0.000000
  outer loop
    vertex 43.6593 7.4118 0.0000
    vertex 43.9144 8.6947 0.0000
    vertex 43.9144 8.6947 7.0000
  endloop
endfacet
facet normal 0.980785 -0.195090 0.000000
  outer loop
    vertex 43.6593 7.4118 0.0000
    vertex 43.9144 8.6947 7.0000
    vertex 43.6593 7.4118 7.0000
  endloop
endfacet
facet normal -0.980785 0.195090 0.000000
  outer loop
    vertex 35.0046 9.7308 0.0000
    vertex 35.0311 9.8643 7.0000
    vertex 35.0311 9.8643 0.0000
  endloop
endfacet
facet normal -0.980785 0.195090 0.000000
  outer loop
    vertex 35.0046 9.7308 0.0000
    vertex 35.0046 9.7308 7.0000
    vertex 35.0311 9.8643 7.0000
  endloop
endfacet
facet normal 0.000000 0.000000 -1.000000
  outer loop
    vertex 35.0311 9.8643 0.0000
    vertex 44.0000 10.0000 0.0000
    vertex 43.9144 8.6947 0.0000
  endloop
endfacet
facet normal 0.000000 0.000000 -1.000000
  outer loop
    vertex 35.0311 9.8643 0.0000
    vertex 35.0400 10.0000 0.0000
    vertex 44.0000 10.0000 0.0000
  endloop
endfacet
facet normal -0.000000 0.000000 1.000000
  outer loop
    vertex 35.0311 9.8643 7.0000
    vertex 43.9144 8.6947 7.0000
    vertex 44.0000 10.0000 7.0000
  endloop
endfacet
facet normal 0.000000 0.000000 1.000000
  outer loop
    vertex 35.0311 9.8643 7.0000
    vertex 44.0000 10.0000 7.0000
    vertex 35.0400 10.0000 7.0000
  endloop
endfacet
facet normal 0.997859 -0.065403 0.000000
  outer loop
    vertex 43.9144 8.6947 0.0000
    vertex 44.0000 10.0000 0.0000
    vertex 44.0000 10.0000 7.0000
  endloop
endfacet
facet normal 0.997859 -0.065403 0.000000
  outer loop
    vertex 43.9144 8.6947 0.0000
    vertex 44.0000 10.0000 7.0000
    vertex 43.9144 8.6947 7.0000
  endloop
endfacet
facet normal -0.997859 0.065403 0.000000
  outer loop
    vertex 35.0311 9.8643 0.0000
    vertex 35.0400 10.0000 7.0000
    vertex 35.0400 10.0000 0.0000
  endloop
endfacet
facet normal -0.997859 0.065403 0.000000
  outer loop
    vertex 35.0311 9.8643 0.0000
    vertex 35.0311 9.8643 7.0000
    vertex 35.0400 10.0000 7.0000
  endloop
endfacet
facet normal 0.000000 0.000000 -1.000000
  outer loop
    vertex 59.0500 10.0000 0.0000
    vertex 67.9144 11.3053 0.0000
    vertex 68.0000 10.0000 0.0000
  endloop
endfacet
facet normal 0.000000 0.000000 -1.000000
  outer loop
    vertex 59.0500 10.0000 0.0000
    vertex 59.0410 10.1371 0.0000
    vertex 67.9144 11.3053 0.0000
  endloop
endfacet
facet normal 0.000000 0.000000 1.000000
  outer loop
    vertex 59.0500 10.0000 8.0000
    vertex 68.0000 10.0000 8.0000
    vertex 67.9144 11.3053 8.0000
  endloop
endfacet
facet normal 0.000000 -0.000000 1.000000
  outer loop
    vertex 59.0500 10.0000 8.0000
    vertex 67.9144 11.3053 8.0000
    vertex 59.0410 10.1371 8.0000
  endloop
endfacet
facet normal 0.997859 0.065403 0.000000
  outer loop
    vertex 68.0000 10.0000 0.0000
    vertex 67.9144 11.3053 0.0000
    vertex 67.9144 11.3053 8.0000
  endloop
endfacet
facet normal 0.997859 0.065403 -0.000000
  outer loop
    vertex 68.0000 10.0000 0.0000
    vertex 67.9144 11.3053 8.0000
    vertex 68.0000 10.0000 8.0000
  endloop
endfacet
facet normal -0.997859 -0.065403 0.000000
  outer loop
    vertex 59.0500 10.0000 0.0000
    vertex 59.0410 10.1371 8.0000
    vertex 59.0410 10.1371 0.0000
  endloop
endfacet
facet normal -0.997859 -0.065403 0.000000
  outer loop
    vertex 59.0500 10.0000 0.0000
    vertex 59.0500 10.0000 8.0000
    vertex 59.0410 10.1371 8.0000
  endloop
endfacet
facet normal 0.000000 0.000000 -1.000000
  outer loop
    vertex 59.0410 10.1371 0.0000
    vertex 67.6593 12.5882 0.0000
    vertex 67.9144 11.3053 0.0000
  endloop
endfacet
facet normal 0.000000 0.000000 -1.000000
  outer loop
    vertex 59.0410 10.1371 0.0000
    vertex 59.0142 10.2718 0.0000
    vertex 67.6593 12.5882 0.0000
  endloop
endfacet
facet normal 0.000000 0.000000 1.000000
  outer loop
    vertex 59.0410 10.1371 8.0000
    vertex 67.9144 11.3053 8.0000
    vertex 67.6593 12.5882 8.0000
  endloop
endfacet
facet normal 0.000000 -0.000000 1.000000
  outer loop
    vertex 59.0410 10.1371 8.0000
    vertex 67.6593 12.5882 8.0000
    vertex 59.0142 10.2718 8.0000
  endloop
endfacet
facet normal 0.980785 0.195090 0.000000
  outer loop
    vertex 67.9144 11.3053 0.0000
    vertex 67.6593 12.5882 0.0000
    vertex 67.6593 12.5882 8.0000
  endloop
endfacet
facet normal 0.980785 0.195090 -0.000000
  outer loop
    vertex 67.9144 11.3053 0.0000
    vertex 67.6593 12.5882 8.0000
    vertex 67.9144 11.3053 8.0000
  endloop
endfacet
facet normal -0.980785 -0.195090 0.000000
  outer loop
    vertex 59.0410 10.1371 0.0000
    vertex 59.0142 10.2718 8.0000
    vertex 59.0142 10.2718 0.0000
  endloop
endfacet
facet normal -0.980785 -0.195090 0.000000
  outer loop
    vertex 59.0410 10.1371 0.0000
    vertex 59.0410 10.1371 8.0000
    vertex 59.0142 10.2718 8.0000
  endloop
endfacet
facet normal 0.000000 0.000000 -1.000000
  outer loop
    vertex 59.0142 10.2718 0.0000
    vertex 67.2388 13.8268 0.0000
    vertex 67.6593 12.5882 0.0000
  endloop
endfacet
facet normal 0.000000 0.000000 -1.000000
  outer loop
    vertex 59.0142 10.2718 0.0000
    vertex 58.9701 10.4018 0.0000
    vertex 67.2388 13.8268 0.0000
  endloop
endfacet
facet normal 0.000000 0.000000 1.000000
  outer loop
    vertex 59.0142 10.2718 8.0000
    vertex 67.6593 12.5882 8.0000
    vertex 67.2388 13.8268 8.0000
  endloop
endfacet
facet normal 0.000000 -0.000000 1.000000
  outer loop
    vertex 59.0142 10.2718 8.0000
    vertex 67.2388 13.8268 8.0000
    vertex 58.9701 10.4018 8.0000
  endloop
endfacet
facet normal 0.946930 0.321439 0.000000
  outer loop
    vertex 67.6593 12.5882 0.0000
    vertex 67.2388 13.8268 0.0000
    vertex 67.2388 13.8268 8.0000
  endloop
endfacet
facet normal 0.946930 0.321439 -0.000000
  outer loop
    vertex 67.6593 12.5882 0.0000
    vertex 67.2388 13.8268 8.0000
    vertex 67.6593 12.5882 8.0000
  endloop
endfacet
facet normal -0.946930 -0.321439 0.000000
  outer loop
    vertex 59.0142 10.2718 0.0000
    vertex 58.9701 10.4018 8.0000
    vertex 58.9701 10.4018 0.0000
  endloop
endfacet
facet normal -0.946930 -0.321439 0.000000
  outer loop
    vertex 59.0142 10.2718 0.0000
    vertex 59.0142 10.2718 8.0000
    vertex 58.9701 10.4018 8.0000
  endloop
endfacet
facet normal 0.000000 0.000000 -1.000000
  outer loop
    vertex 58.9701 10.4018 0.0000
    vertex 66.6603 15.0000 0.0000
    vertex 67.2388 13.8268 0.0000
  endloop
endfacet
facet normal 0.000000 0.000000 -1.000000
  outer loop
    vertex 58.9701 10.4018 0.0000
    vertex 58.9093 10.5250 0.0000
    vertex 66.6603 15.0000 0.0000
  endloop
endfacet
facet normal 0.000000 0.000000 1.000000
  outer loop
    vertex 58.9701 10.4018 8.0000
    vertex 67.2388 13.8268 8.0000
    vertex 66.6603 15.0000 8.0000
  endloop
endfacet
facet normal 0.000000 -0.000000 1.000000
  outer loop
    vertex 58.9701 10.4018 8.0000
    vertex 66.6603 15.0000 8.0000
    vertex 58.9093 10.5250 8.0000
  endloop
endfacet
facet normal 0.896873 0.442289 0.000000
  outer loop
    vertex 67.2388 13.8268 0.0000
    vertex 66.6603 15.0000 0.0000
    vertex 66.6603 15.0000 8.0000
  endloop
endfacet
facet normal 0.896873 0.442289 -0.000000
  outer loop
    vertex 67.2388 13.8268 0.0000
    vertex 66.6603 15.0000 8.0000
    vertex 67.2388 13.8268 8.0000
  endloop
endfacet
facet normal -0.896873 -0.442289 0.000000
  outer loop
    vertex 58.9701 10.4018 0.0000
    vertex 58.9093 10.5250 8.0000
    vertex 58.9093 10.5250 0.0000
  endloop
endfacet
facet normal -0.896873 -0.442289 0.000000
  outer loop
    vertex 58.9701 10.4018 0.0000
    vertex 58.9701 10.4018 8.0000
    vertex 58.9093 10.5250 8.0000
  endloop
endfacet
facet normal 0.000000 0.000000 -1.000000
  outer loop
    vertex 58.9093 10.5250 0.0000
    vertex 65.9335 16.0876 0.0000
    vertex 66.6603 15.0000 0.0000
  endloop
endfacet
facet normal 0.000000 0.000000 -1.000000
  outer loop
    vertex 58.9093 10.5250 0.0000
    vertex 58.8330 10.6392 0.0000
    vertex 65.9335 16.0876 0.0000
  endloop
endfacet
facet normal 0.000000 0.000000 1.000000
  outer loop
    vertex 58.9093 10.5250 8.0000
    vertex 66.6603 15.0000 8.0000
    vertex 65.9335 16.0876 8.0000
  endloop
endfacet
facet normal 0.000000 -0.000000 1.000000
  outer loop
    vertex 58.9093 10.5250 8.0000
    vertex 65.9335 16.0876 8.0000
    vertex 58.8330 10.6392 8.0000
  endloop
endfacet
facet normal 0.831470 0.555570 0.000000
  outer loop
    vertex 66.6603 15.0000 0.0000
    vertex 65.9335 16.0876 0.0000
    vertex 65.9335 16.0876 8.0000
  endloop
endfacet
facet normal 0.831470 0.555570 -0.000000
  outer loop
    vertex 66.6603 15.0000 0.0000
    vertex 65.9335 16.0876 8.0000
    vertex 66.6603 15.0000 8.0000
  endloop
endfacet
facet normal -0.831470 -0.555570 0.000000
  outer loop
    vertex 58.9093 10.5250 0.0000
    vertex 58.8330 10.6392 8.0000
    vertex 58.8330 10.6392 0.0000
  endloop
endfacet
facet normal -0.831470 -0.555570 0.000000
  outer loop
    vertex 58.9093 10.5250 0.0000
    vertex 58.9093 10.5250 8.0000
    vertex 58.8330 10.6392 8.0000
  endloop
endfacet
facet normal 0.000000 0.000000 -1.000000
  outer loop
    vertex 58.8330 10.6392 0.0000
    vertex 65.0711 17.0711 0.0000
    vertex 65.9335 16.0876 0.0000
  endloop
endfacet
facet normal 0.000000 0.000000 -1.000000
  outer loop
    vertex 58.8330 10.6392 0.0000
    vertex 58.7425 10.7425 0.0000
    vertex 65.0711 17.0711 0.0000
  endloop
endfacet
facet normal 0.000000 0.000000 1.000000
  outer loop
    vertex 58.8330 10.6392 8.0000
    vertex 65.9335 16.0876 8.0000
    vertex 65.0711 17.0711 8.0000
  endloop
endfacet
facet normal 0.000000 -0.000000 1.000000
  outer loop
    vertex 58.8330 10.6392 8.0000
    vertex 65.0711 17.0711 8.0000
    vertex 58.7425 10.7425 8.0000
  endloop
endfacet
facet normal 0.751840 0.659346 0.000000
  outer loop
    vertex 65.9335 16.0876 0.0000
    vertex 65.0711 17.0711 0.0000
    vertex 65.0711 17.0711 8.0000
  endloop
endfacet
facet normal 0.751840 0.659346 -0.000000
  outer loop
    vertex 65.9335 16.0876 0.0000
    vertex 65.0711 17.0711 8.0000
    vertex 65.9335 16.0876 8.0000
  endloop
endfacet
facet normal -0.751840 -0.659346 0.000000
  outer loop
    vertex 58.8330 10.6392 0.0000
    vertex 58.7425 10.7425 8.0000
    vertex 58.7425 10.7425 0.0000
  endloop
endfacet
facet normal -0.751840 -0.659346 0.000000
  outer loop
    vertex 58.8330 10.6392 0.0000
    vertex 58.8330 10.6392 8.0000
    vertex 58.7425 10.7425 8.0000
  endloop
endfacet
facet normal 0.000000 0.000000 -1.000000
  outer loop
    vertex 58.7425 10.7425 0.0000
    vertex 64.0876 17.9335 0.0000
    vertex 65.0711 17.0711 0.0000
  endloop
endfacet
facet normal 0.000000 0.000000 -1.000000
  outer loop
    vertex 58.7425 10.7425 0.0000
    vertex 58.6392 10.8330 0.0000
    vertex 64.0876 17.9335 0.0000
  endloop
endfacet
facet normal 0.000000 0.000000 1.000000
  outer loop
    vertex 58.7425 10.7425 8.0000
    vertex 65.0711 17.0711 8.0000
    vertex 64.0876 17.9335 8.0000
  endloop
endfacet
facet normal 0.000000 -0.000000 1.000000
  outer loop
    vertex 58.7425 10.7425 8.0000
    vertex 64.0876 17.9335 8.0000
    vertex 58.6392 10.8330 8.0000
  endloop
endfacet
facet normal 0.659346 0.751840 0.000000
  outer loop
    vertex 65.0711 17.0711 0.0000
    vertex 64.0876 17.9335 0.0000
    vertex 64.0876 17.9335 8.0000
  endloop
endfacet
facet normal 0.659346 0.751840 -0.000000
  outer loop
    vertex 65.0711 17.0711 0.0000
    vertex 64.0876 17.9335 8.0000
    vertex 65.0711 17.0711 8.0000
  endloop
endfacet
facet normal -0.659346 -0.751840 0.000000
  outer loop
    vertex 58.7425 10.7425 0.0000
    vertex 58.6392 10.8330 8.0000
    vertex 58.6392 10.8330 0.0000
  endloop
endfacet
facet normal -0.659346 -0.751840 0.000000
  outer loop
    vertex 58.7425 10.7425 0.0000
    vertex 58.7425 10.7425 8.0000
    vertex 58.6392 10.8330 8.0000
  endloop
endfacet
facet normal 0.000000 0.000000 -1.000000
  outer loop
    vertex 58.6392 10.8330 0.0000
    vertex 63.0000 18.6603 0.0000
    vertex 64.0876 17.9335 0.0000
  endloop
endfacet
facet normal 0.000000 0.000000 -1.000000
  outer loop
    vertex 58.6392 10.8330 0.0000
    vertex 58.5250 10.9093 0.0000
    vertex 63.0000 18.6603 0.0000
  endloop
endfacet
facet normal 0.000000 0.000000 1.000000
  outer loop
    vertex 58.6392 10.8330 8.0000
    vertex 64.0876 17.9335 8.0000
    vertex 63.0000 18.6603 8.0000
  endloop
endfacet
facet normal 0.000000 -0.000000 1.000000
  outer loop
    vertex 58.6392 10.8330 8.0000
    vertex 63.0000 18.6603 8.0000
    vertex 58.5250 10.9093 8.0000
  endloop
endfacet
facet normal 0.555570 0.831470 0.000000
  outer loop
    vertex 64.0876 17.9335 0.0000
    vertex 63.0000 18.6603 0.0000
    vertex 63.0000 18.6603 8.0000
  endloop
endfacet
facet normal 0.555570 0.831470 -0.000000
  outer loop
    vertex 64.0876 17.9335 0.0000
    vertex 63.0000 18.6603 8.0000
    vertex 64.0876 17.9335 8.0000
  endloop
endfacet
facet normal -0.555570 -0.831470 0.000000
  outer loop
    vertex 58.6392 10.8330 0.0000
    vertex 58.5250 10.9093 8.0000
    vertex 58.5250 10.9093 0.0000
  endloop
endfacet
facet normal -0.555570 -0.831470 0.000000
  outer loop
    vertex 58.6392 10.8330 0.0000
    vertex 58.6392 10.8330 8.0000
    vertex 58.5250 10.9093 8.0000
  endloop
endfacet
facet normal 0.000000 0.000000 -1.000000
  outer loop
    vertex 58.5250 10.9093 0.0000
    vertex 61.8268 19.2388 0.0000
    vertex 63.0000 18.6603 0.0000
  endloop
endfacet
facet normal 0.000000 0.000000 -1.000000
  outer loop
    vertex 58.5250 10.9093 0.0000
    vertex 58.4018 10.9701 0.0000
    vertex 61.8268 19.2388 0.0000
  endloop
endfacet
facet normal 0.000000 0.000000 1.000000
  outer loop
    vertex 58.5250 10.9093 8.0000
    vertex 63.0000 18.6603 8.0000
    vertex 61.8268 19.2388 8.0000
  endloop
endfacet
facet normal 0.000000 -0.000000 1.000000
  outer loop
    vertex 58.5250 10.9093 8.0000
    vertex 61.8268 19.2388 8.0000
    vertex 58.4018 10.9701 8.0000
  endloop
endfacet
facet normal 0.442289 0.896873 0.000000
  outer loop
    vertex 63.0000 18.6603 0.0000
    vertex 61.8268 19.2388 0.0000
    vertex 61.8268 19.2388 8.0000
  endloop
endfacet
facet normal 0.442289 0.896873 -0.000000
  outer loop
    vertex 63.0000 18.6603 0.0000
    vertex 61.8268 19.2388 8.0000
    vertex 63.0000 18.6603 8.0000
  endloop
endfacet
facet normal -0.442289 -0.896873 0.000000
  outer loop
    vertex 58.5250 10.9093 0.0000
    vertex 58.4018 10.9701 8.0000
    vertex 58.4018 10.9701 0.0000
  endloop
endfacet
facet normal -0.442289 -0.896873 0.000000
  outer loop
    vertex 58.5250 10.9093 0.0000
    vertex 58.5250 10.9093 8.0000
    vertex 58.4018 10.9701 8.0000
  endloop
endfacet
facet normal 0.000000 0.000000 -1.000000
  outer loop
    vertex 58.4018 10.9701 0.0000
    vertex 60.5882 19.6593 0.0000
    vertex 61.8268 19.2388 0.0000
  endloop
endfacet
facet normal 0.000000 0.000000 -1.000000
  outer loop
    vertex 58.4018 10.9701 0.0000
    vertex 58.2718 11.0142 0.0000
    vertex 60.5882 19.6593 0.0000
  endloop
endfacet
facet normal 0.000000 0.000000 1.000000
  outer loop
    vertex 58.4018 10.9701 8.0000
    vertex 61.8268 19.2388 8.0000
    vertex 60.5882 19.6593 8.0000
  endloop
endfacet
facet normal 0.000000 -0.000000 1.000000
  outer loop
    vertex 58.4018 10.9701 8.0000
    vertex 60.5882 19.6593 8.0000
    vertex 58.2718 11.0142 8.0000
  endloop
endfacet
facet normal 0.321439 0.946930 0.000000
  outer loop
    vertex 61.8268 19.2388 0.0000
    vertex 60.5882 19.6593 0.0000
    vertex 60.5882 19.6593 8.0000
  endloop
endfacet
facet normal 0.321439 0.946930 -0.000000
  outer loop
    vertex 61.8268 19.2388 0.0000
    vertex 60.5882 19.6593 8.0000
    vertex 61.8268 19.2388 8.0000
  endloop
endfacet
facet normal -0.321439 -0.946930 0.000000
  outer loop
    vertex 58.4018 10.9701 0.0000
    vertex 58.2718 11.0142 8.0000
    vertex 58.2718 11.0142 0.0000
  endloop
endfacet
facet normal -0.321439 -0.946930 0.000000
  outer loop
    vertex 58.4018 10.9701 0.0000
    vertex 58.4018 10.9701 8.0000
    vertex 58.2718 11.0142 8.0000
  endloop
endfacet
facet normal 0.000000 0.000000 -1.000000
  outer loop
    vertex 58.2718 11.0142 0.0000
    vertex 59.3053 19.9144 0.0000
    vertex 60.5882 19.6593 0.0000
  endloop
endfacet
facet normal 0.000000 0.000000 -1.000000
  outer loop
    vertex 58.2718 11.0142 0.0000
    vertex 58.1371 11.0410 0.0000
    vertex 59.3053 19.9144 0.0000
  endloop
endfacet
facet normal 0.000000 0.000000 1.000000
  outer loop
    vertex 58.2718 11.0142 8.0000
    vertex 60.5882 19.6593 8.0000
    vertex 59.3053 19.9144 8.0000
  endloop
endfacet
facet normal 0.000000 -0.000000 1.000000
  outer loop
    vertex 58.2718 11.0142 8.0000
    vertex 59.3053 19.9144 8.0000
    vertex 58.1371 11.0410 8.0000
  endloop
endfacet
facet normal 0.195090 0.980785 0.000000
  outer loop
    vertex 60.5882 19.6593 0.0000
    vertex 59.3053 19.9144 0.0000
    vertex 59.3053 19.9144 8.0000
  endloop
endfacet
facet normal 0.195090 0.980785 -0.000000
  outer loop
    vertex 60.5882 19.6593 0.0000
    vertex 59.3053 19.9144 8.0000
    vertex 60.5882 19.6593 8.0000
  endloop
endfacet
facet normal -0.195090 -0.980785 0.000000
  outer loop
    vertex 58.2718 11.0142 0.0000
    vertex 58.1371 11.0410 8.0000
    vertex 58.1371 11.0410 0.0000
  endloop
endfacet
facet normal -0.195090 -0.980785 0.000000
  outer loop
    vertex 58.2718 11.0142 0.0000
    vertex 58.2718 11.0142 8.0000
    vertex 58.1371 11.0410 8.0000
  endloop
endfacet
facet normal 0.000000 0.000000 -1.000000
  outer loop
    vertex 58.1371 11.0410 0.0000
    vertex 58.0000 20.0000 0.0000
    vertex 59.3053 19.9144 0.0000
  endloop
endfacet
facet normal 0.000000 0.000000 -1.000000
  outer loop
    vertex 58.1371 11.0410 0.0000
    vertex 58.0000 11.0500 0.0000
    vertex 58.0000 20.0000 0.0000
  endloop
endfacet
facet normal 0.000000 -0.000000 1.000000
  outer loop
    vertex 58.1371 11.0410 8.0000
    vertex 59.3053 19.9144 8.0000
    vertex 58.0000 20.0000 8.0000
  endloop
endfacet
facet normal 0.000000 0.000000 1.000000
  outer loop
    vertex 58.1371 11.0410 8.0000
    vertex 58.0000 20.0000 8.0000
    vertex 58.0000 11.0500 8.0000
  endloop
endfacet
facet normal 0.065403 0.997859 0.000000
  outer loop
    vertex 59.3053 19.9144 0.0000
    vertex 58.0000 20.0000 0.0000
    vertex 58.0000 20.0000 8.0000
  endloop
endfacet
facet normal 0.065403 0.997859 -0.000000
  outer loop
    vertex 59.3053 19.9144 0.0000
    vertex 58.0000 20.0000 8.0000
    vertex 59.3053 19.9144 8.0000
  endloop
endfacet
facet normal -0.065403 -0.997859 0.000000
  outer loop
    vertex 58.1371 11.0410 0.0000
    vertex 58.0000 11.0500 8.0000
    vertex 58.0000 11.0500 0.0000
  endloop
endfacet
facet normal -0.065403 -0.997859 0.000000
  outer loop
    vertex 58.1371 11.0410 0.0000
    vertex 58.1371 11.0410 8.0000
    vertex 58.0000 11.0500 8.0000
  endloop
endfacet
facet normal 0.000000 0.000000 -1.000000
  outer loop
    vertex 58.0000 11.0500 0.0000
    vertex 56.6947 19.9144 0.0000
    vertex 58.0000 20.0000 0.0000
  endloop
endfacet
facet normal -0.000000 0.000000 -1.000000
  outer loop
    vertex 58.0000 11.0500 0.0000
    vertex 57.8629 11.0410 0.0000
    vertex 56.6947 19.9144 0.0000
  endloop
endfacet
facet normal 0.000000 -0.000000 1.000000
  outer loop
    vertex 58.0000 11.0500 8.0000
    vertex 58.0000 20.0000 8.0000
    vertex 56.6947 19.9144 8.0000
  endloop
endfacet
facet normal 0.000000 0.000000 1.000000
  outer loop
    vertex 58.0000 11.0500 8.0000
    vertex 56.6947 19.9144 8.0000
    vertex 57.8629 11.0410 8.0000
  endloop
endfacet
facet normal -0.065403 0.997859 0.000000
  outer loop
    vertex 58.0000 20.0000 0.0000
    vertex 56.6947 19.9144 0.0000
    vertex 56.6947 19.9144 8.0000
  endloop
endfacet
facet normal -0.065403 0.997859 0.000000
  outer loop
    vertex 58.0000 20.0000 0.0000
    vertex 56.6947 19.9144 8.0000
    vertex 58.0000 20.0000 8.0000
  endloop
endfacet
facet normal 0.065403 -0.997859 0.000000
  outer loop
    vertex 58.0000 11.0500 0.0000
    vertex 57.8629 11.0410 8.0000
    vertex 57.8629 11.0410 0.0000
  endloop
endfacet
facet normal 0.065403 -0.997859 0.000000
  outer loop
    vertex 58.0000 11.0500 0.0000
    vertex 58.0000 11.0500 8.0000
    vertex 57.8629 11.0410 8.0000
  endloop
endfacet
facet normal 0.000000 0.000000 -1.000000
  outer loop
    vertex 57.8629 11.0410 0.0000
    vertex 55.4118 19.6593 0.0000
    vertex 56.6947 19.9144 0.0000
  endloop
endfacet
facet normal -0.000000 0.000000 -1.000000
  outer loop
    vertex 57.8629 11.0410 0.0000
    vertex 57.7282 11.0142 0.0000
    vertex 55.4118 19.6593 0.0000
  endloop
endfacet
facet normal 0.000000 0.000000 1.000000
  outer loop
    vertex 57.8629 11.0410 8.0000
    vertex 56.6947 19.9144 8.0000
    vertex 55.4118 19.6593 8.0000
  endloop
endfacet
facet normal 0.000000 0.000000 1.000000
  outer loop
    vertex 57.8629 11.0410 8.0000
    vertex 55.4118 19.6593 8.0000
    vertex 57.7282 11.0142 8.0000
  endloop
endfacet
facet normal -0.195090 0.980785 0.000000
  outer loop
    vertex 56.6947 19.9144 0.0000
    vertex 55.4118 19.6593 0.0000
    vertex 55.4118 19.6593 8.0000
  endloop
endfacet
facet normal -0.195090 0.980785 0.000000
  outer loop
    vertex 56.6947 19.9144 0.0000
    vertex 55.4118 19.6593 8.0000
    vertex 56.6947 19.9144 8.0000
  endloop
endfacet
facet normal 0.195090 -0.980785 0.000000
  outer loop
    vertex 57.8629 11.0410 0.0000
    vertex 57.7282 11.0142 8.0000
    vertex 57.7282 11.0142 0.0000
  endloop
endfacet
facet normal 0.195090 -0.980785 0.000000
  outer loop
    vertex 57.8629 11.0410 0.0000
    vertex 57.8629 11.0410 8.0000
    vertex 57.7282 11.0142 8.0000
  endloop
endfacet
facet normal 0.000000 0.000000 -1.000000
  outer loop
    vertex 57.7282 11.0142 0.0000
    vertex 54.1732 19.2388 0.0000
    vertex 55.4118 19.6593 0.0000
  endloop
endfacet
facet normal -0.000000 0.000000 -1.000000
  outer loop
    vertex 57.7282 11.0142 0.0000
    vertex 57.5982 10.9701 0.0000
    vertex 54.1732 19.2388 0.0000
  endloop
endfacet
facet normal 0.000000 0.000000 1.000000
  outer loop
    vertex 57.7282 11.0142 8.0000
    vertex 55.4118 19.6593 8.0000
    vertex 54.1732 19.2388 8.0000
  endloop
endfacet
facet normal 0.000000 0.000000 1.000000
  outer loop
    vertex 57.7282 11.0142 8.0000
    vertex 54.1732 19.2388 8.0000
    vertex 57.5982 10.9701 8.0000
  endloop
endfacet
facet normal -0.321439 0.946930 0.000000
  outer loop
    vertex 55.4118 19.6593 0.0000
    vertex 54.1732 19.2388 0.0000
    vertex 54.1732 19.2388 8.0000
  endloop
endfacet
facet normal -0.321439 0.946930 0.000000
  outer loop
    vertex 55.4118 19.6593 0.0000
    vertex 54.1732 19.2388 8.0000
    vertex 55.4118 19.6593 8.0000
  endloop
endfacet
facet normal 0.321439 -0.946930 0.000000
  outer loop
    vertex 57.7282 11.0142 0.0000
    vertex 57.5982 10.9701 8.0000
    vertex 57.5982 10.9701 0.0000
  endloop
endfacet
facet normal 0.321439 -0.946930 0.000000
  outer loop
    vertex 57.7282 11.0142 0.0000
    vertex 57.7282 11.0142 8.0000
    vertex 57.5982 10.9701 8.0000
  endloop
endfacet
facet normal 0.000000 0.000000 -1.000000
  outer loop
    vertex 57.5982 10.9701 0.0000
    vertex 53.0000 18.6603 0.0000
    vertex 54.1732 19.2388 0.0000
  endloop
endfacet
facet normal -0.000000 0.000000 -1.000000
  outer loop
    vertex 57.5982 10.9701 0.0000
    vertex 57.4750 10.9093 0.0000
    vertex 53.0000 18.6603 0.0000
  endloop
endfacet
facet normal 0.000000 0.000000 1.000000
  outer loop
    vertex 57.5982 10.9701 8.0000
    vertex 54.1732 19.2388 8.0000
    vertex 53.0000 18.6603 8.0000
  endloop
endfacet
facet normal 0.000000 0.000000 1.000000
  outer loop
    vertex 57.5982 10.9701 8.0000
    vertex 53.0000 18.6603 8.0000
    vertex 57.4750 10.9093 8.0000
  endloop
endfacet
facet normal -0.442289 0.896873 0.000000
  outer loop
    vertex 54.1732 19.2388 0.0000
    vertex 53.0000 18.6603 0.0000
    vertex 53.0000 18.6603 8.0000
  endloop
endfacet
facet normal -0.442289 0.896873 0.000000
  outer loop
    vertex 54.1732 19.2388 0.0000
    vertex 53.0000 18.6603 8.0000
    vertex 54.1732 19.2388 8.0000
  endloop
endfacet
facet normal 0.442289 -0.896873 0.000000
  outer loop
    vertex 57.5982 10.9701 0.0000
    vertex 57.4750 10.9093 8.0000
    vertex 57.4750 10.9093 0.0000
  endloop
endfacet
facet normal 0.442289 -0.896873 0.000000
  outer loop
    vertex 57.5982 10.9701 0.0000
    vertex 57.5982 10.9701 8.0000
    vertex 57.4750 10.9093 8.0000
  endloop
endfacet
facet normal 0.000000 0.000000 -1.000000
  outer loop
    vertex 57.4750 10.9093 0.0000
    vertex 51.9124 17.9335 0.0000
    vertex 53.0000 18.6603 0.0000
  endloop
endfacet
facet normal -0.000000 0.000000 -1.000000
  outer loop
    vertex 57.4750 10.9093 0.0000
    vertex 57.3608 10.8330 0.0000
    vertex 51.9124 17.9335 0.0000
  endloop
endfacet
facet normal 0.000000 0.000000 1.000000
  outer loop
    vertex 57.4750 10.9093 8.0000
    vertex 53.0000 18.6603 8.0000
    vertex 51.9124 17.9335 8.0000
  endloop
endfacet
facet normal 0.000000 0.000000 1.000000
  outer loop
    vertex 57.4750 10.9093 8.0000
    vertex 51.9124 17.9335 8.0000
    vertex 57.3608 10.8330 8.0000
  endloop
endfacet
facet normal -0.555570 0.831470 0.000000
  outer loop
    vertex 53.0000 18.6603 0.0000
    vertex 51.9124 17.9335 0.0000
    vertex 51.9124 17.9335 8.0000
  endloop
endfacet
facet normal -0.555570 0.831470 0.000000
  outer loop
    vertex 53.0000 18.6603 0.0000
    vertex 51.9124 17.9335 8.0000
    vertex 53.0000 18.6603 8.0000
  endloop
endfacet
facet normal 0.555570 -0.831470 0.000000
  outer loop
    vertex 57.4750 10.9093 0.0000
    vertex 57.3608 10.8330 8.0000
    vertex 57.3608 10.8330 0.0000
  endloop
endfacet
facet normal 0.555570 -0.831470 0.000000
  outer loop
    vertex 57.4750 10.9093 0.0000
    vertex 57.4750 10.9093 8.0000
    vertex 57.3608 10.8330 8.0000
  endloop
endfacet
facet normal 0.000000 0.000000 -1.000000
  outer loop
    vertex 57.3608 10.8330 0.0000
    vertex 50.9289 17.0711 0.0000
    vertex 51.9124 17.9335 0.0000
  endloop
endfacet
facet normal -0.000000 0.000000 -1.000000
  outer loop
    vertex 57.3608 10.8330 0.0000
    vertex 57.2575 10.7425 0.0000
    vertex 50.9289 17.0711 0.0000
  endloop
endfacet
facet normal 0.000000 0.000000 1.000000
  outer loop
    vertex 57.3608 10.8330 8.0000
    vertex 51.9124 17.9335 8.0000
    vertex 50.9289 17.0711 8.0000
  endloop
endfacet
facet normal 0.000000 0.000000 1.000000
  outer loop
    vertex 57.3608 10.8330 8.0000
    vertex 50.9289 17.0711 8.0000
    vertex 57.2575 10.7425 8.0000
  endloop
endfacet
facet normal -0.659346 0.751840 0.000000
  outer loop
    vertex 51.9124 17.9335 0.0000
    vertex 50.9289 17.0711 0.0000
    vertex 50.9289 17.0711 8.0000
  endloop
endfacet
facet normal -0.659346 0.751840 0.000000
  outer loop
    vertex 51.9124 17.9335 0.0000
    vertex 50.9289 17.0711 8.0000
    vertex 51.9124 17.9335 8.0000
  endloop
endfacet
facet normal 0.659346 -0.751840 0.000000
  outer loop
    vertex 57.3608 10.8330 0.0000
    vertex 57.2575 10.7425 8.0000
    vertex 57.2575 10.7425 0.0000
  endloop
endfacet
facet normal 0.659346 -0.751840 0.000000
  outer loop
    vertex 57.3608 10.8330 0.0000
    vertex 57.3608 10.8330 8.0000
    vertex 57.2575 10.7425 8.0000
  endloop
endfacet
facet normal 0.000000 0.000000 -1.000000
  outer loop
    vertex 57.2575 10.7425 0.0000
    vertex 50.0665 16.0876 0.0000
    vertex 50.9289 17.0711 0.0000
  endloop
endfacet
facet normal -0.000000 0.000000 -1.000000
  outer loop
    vertex 57.2575 10.7425 0.0000
    vertex 57.1670 10.6392 0.0000
    vertex 50.0665 16.0876 0.0000
  endloop
endfacet
facet normal 0.000000 0.000000 1.000000
  outer loop
    vertex 57.2575 10.7425 8.0000
    vertex 50.9289 17.0711 8.0000
    vertex 50.0665 16.0876 8.0000
  endloop
endfacet
facet normal 0.000000 0.000000 1.000000
  outer loop
    vertex 57.2575 10.7425 8.0000
    vertex 50.0665 16.0876 8.0000
    vertex 57.1670 10.6392 8.0000
  endloop
endfacet
facet normal -0.751840 0.659346 0.000000
  outer loop
    vertex 50.9289 17.0711 0.0000
    vertex 50.0665 16.0876 0.0000
    vertex 50.0665 16.0876 8.0000
  endloop
endfacet
facet normal -0.751840 0.659346 0.000000
  outer loop
    vertex 50.9289 17.0711 0.0000
    vertex 50.0665 16.0876 8.0000
    vertex 50.9289 17.0711 8.0000
  endloop
endfacet
facet normal 0.751840 -0.659346 0.000000
  outer loop
    vertex 57.2575 10.7425 0.0000
    vertex 57.1670 10.6392 8.0000
    vertex 57.1670 10.6392 0.0000
  endloop
endfacet
facet normal 0.751840 -0.659346 0.000000
  outer loop
    vertex 57.2575 10.7425 0.0000
    vertex 57.2575 10.7425 8.0000
    vertex 57.1670 10.6392 8.0000
  endloop
endfacet
facet normal 0.000000 0.000000 -1.000000
  outer loop
    vertex 57.1670 10.6392 0.0000
    vertex 49.3397 15.0000 0.0000
    vertex 50.0665 16.0876 0.0000
  endloop
endfacet
facet normal -0.000000 0.000000 -1.000000
  outer loop
    vertex 57.1670 10.6392 0.0000
    vertex 57.0907 10.5250 0.0000
    vertex 49.3397 15.0000 0.0000
  endloop
endfacet
facet normal 0.000000 0.000000 1.000000
  outer loop
    vertex 57.1670 10.6392 8.0000
    vertex 50.0665 16.0876 8.0000
    vertex 49.3397 15.0000 8.0000
  endloop
endfacet
facet normal 0.000000 0.000000 1.000000
  outer loop
    vertex 57.1670 10.6392 8.0000
    vertex 49.3397 15.0000 8.0000
    vertex 57.0907 10.5250 8.0000
  endloop
endfacet
facet normal -0.831470 0.555570 0.000000
  outer loop
    vertex 50.0665 16.0876 0.0000
    vertex 49.3397 15.0000 0.0000
    vertex 49.3397 15.0000 8.0000
  endloop
endfacet
facet normal -0.831470 0.555570 0.000000
  outer loop
    vertex 50.0665 16.0876 0.0000
    vertex 49.3397 15.0000 8.0000
    vertex 50.0665 16.0876 8.0000
  endloop
endfacet
facet normal 0.831470 -0.555570 0.000000
  outer loop
    vertex 57.1670 10.6392 0.0000
    vertex 57.0907 10.5250 8.0000
    vertex 57.0907 10.5250 0.0000
  endloop
endfacet
facet normal 0.831470 -0.555570 0.000000
  outer loop
    vertex 57.1670 10.6392 0.0000
    vertex 57.1670 10.6392 8.0000
    vertex 57.0907 10.5250 8.0000
  endloop
endfacet
facet normal 0.000000 0.000000 -1.000000
  outer loop
    vertex 57.0907 10.5250 0.0000
    vertex 48.7612 13.8268 0.0000
    vertex 49.3397 15.0000 0.0000
  endloop
endfacet
facet normal -0.000000 0.000000 -1.000000
  outer loop
    vertex 57.0907 10.5250 0.0000
    vertex 57.0299 10.4018 0.0000
    vertex 48.7612 13.8268 0.0000
  endloop
endfacet
facet normal 0.000000 0.000000 1.000000
  outer loop
    vertex 57.0907 10.5250 8.0000
    vertex 49.3397 15.0000 8.0000
    vertex 48.7612 13.8268 8.0000
  endloop
endfacet
facet normal 0.000000 0.000000 1.000000
  outer loop
    vertex 57.0907 10.5250 8.0000
    vertex 48.7612 13.8268 8.0000
    vertex 57.0299 10.4018 8.0000
  endloop
endfacet
facet normal -0.896873 0.442289 0.000000
  outer loop
    vertex 49.3397 15.0000 0.0000
    vertex 48.7612 13.8268 0.0000
    vertex 48.7612 13.8268 8.0000
  endloop
endfacet
facet normal -0.896873 0.442289 0.000000
  outer loop
    vertex 49.3397 15.0000 0.0000
    vertex 48.7612 13.8268 8.0000
    vertex 49.3397 15.0000 8.0000
  endloop
endfacet
facet normal 0.896873 -0.442289 0.000000
  outer loop
    vertex 57.0907 10.5250 0.0000
    vertex 57.0299 10.4018 8.0000
    vertex 57.0299 10.4018 0.0000
  endloop
endfacet
facet normal 0.896873 -0.442289 0.000000
  outer loop
    vertex 57.0907 10.5250 0.0000
    vertex 57.0907 10.5250 8.0000
    vertex 57.0299 10.4018 8.0000
  endloop
endfacet
facet normal 0.000000 0.000000 -1.000000
  outer loop
    vertex 57.0299 10.4018 0.0000
    vertex 48.3407 12.5882 0.0000
    vertex 48.7612 13.8268 0.0000
  endloop
endfacet
facet normal -0.000000 0.000000 -1.000000
  outer loop
    vertex 57.0299 10.4018 0.0000
    vertex 56.9858 10.2718 0.0000
    vertex 48.3407 12.5882 0.0000
  endloop
endfacet
facet normal 0.000000 0.000000 1.000000
  outer loop
    vertex 57.0299 10.4018 8.0000
    vertex 48.7612 13.8268 8.0000
    vertex 48.3407 12.5882 8.0000
  endloop
endfacet
facet normal 0.000000 0.000000 1.000000
  outer loop
    vertex 57.0299 10.4018 8.0000
    vertex 48.3407 12.5882 8.0000
    vertex 56.9858 10.2718 8.0000
  endloop
endfacet
facet normal -0.946930 0.321439 0.000000
  outer loop
    vertex 48.7612 13.8268 0.0000
    vertex 48.3407 12.5882 0.0000
    vertex 48.3407 12.5882 8.0000
  endloop
endfacet
facet normal -0.946930 0.321439 0.000000
  outer loop
    vertex 48.7612 13.8268 0.0000
    vertex 48.3407 12.5882 8.0000
    vertex 48.7612 13.8268 8.0000
  endloop
endfacet
facet normal 0.946930 -0.321439 0.000000
  outer loop
    vertex 57.0299 10.4018 0.0000
    vertex 56.9858 10.2718 8.0000
    vertex 56.9858 10.2718 0.0000
  endloop
endfacet
facet normal 0.946930 -0.321439 0.000000
  outer loop
    vertex 57.0299 10.4018 0.0000
    vertex 57.0299 10.4018 8.0000
    vertex 56.9858 10.2718 8.0000
  endloop
endfacet
facet normal 0.000000 0.000000 -1.000000
  outer loop
    vertex 56.9858 10.2718 0.0000
    vertex 48.0856 11.3053 0.0000
    vertex 48.3407 12.5882 0.0000
  endloop
endfacet
facet normal -0.000000 0.000000 -1.000000
  outer loop
    vertex 56.9858 10.2718 0.0000
    vertex 56.9590 10.1371 0.0000
    vertex 48.0856 11.3053 0.0000
  endloop
endfacet
facet normal 0.000000 0.000000 1.000000
  outer loop
    vertex 56.9858 10.2718 8.0000
    vertex 48.3407 12.5882 8.0000
    vertex 48.0856 11.3053 8.0000
  endloop
endfacet
facet normal 0.000000 0.000000 1.000000
  outer loop
    vertex 56.9858 10.2718 8.0000
    vertex 48.0856 11.3053 8.0000
    vertex 56.9590 10.1371 8.0000
  endloop
endfacet
facet normal -0.980785 0.195090 0.000000
  outer loop
    vertex 48.3407 12.5882 0.0000
    vertex 48.0856 11.3053 0.0000
    vertex 48.0856 11.3053 8.0000
  endloop
endfacet
facet normal -0.980785 0.195090 0.000000
  outer loop
    vertex 48.3407 12.5882 0.0000
    vertex 48.0856 11.3053 8.0000
    vertex 48.3407 12.5882 8.0000
  endloop
endfacet
facet normal 0.980785 -0.195090 0.000000
  outer loop
    vertex 56.9858 10.2718 0.0000
    vertex 56.9590 10.1371 8.0000
    vertex 56.9590 10.1371 0.0000
  endloop
endfacet
facet normal 0.980785 -0.195090 0.000000
  outer loop
    vertex 56.9858 10.2718 0.0000
    vertex 56.9858 10.2718 8.0000
    vertex 56.9590 10.1371 8.0000
  endloop
endfacet
facet normal -0.000000 0.000000 -1.000000
  outer loop
    vertex 56.9590 10.1371 0.0000
    vertex 48.0000 10.0000 0.0000
    vertex 48.0856 11.3053 0.0000
  endloop
endfacet
facet normal 0.000000 0.000000 -1.000000
  outer loop
    vertex 56.9590 10.1371 0.0000
    vertex 56.9500 10.0000 0.0000
    vertex 48.0000 10.0000 0.0000
  endloop
endfacet
facet normal 0.000000 0.000000 1.000000
  outer loop
    vertex 56.9590 10.1371 8.0000
    vertex 48.0856 11.3053 8.0000
    vertex 48.0000 10.0000 8.0000
  endloop
endfacet
facet normal 0.000000 0.000000 1.000000
  outer loop
    vertex 56.9590 10.1371 8.0000
    vertex 48.0000 10.0000 8.0000
    vertex 56.9500 10.0000 8.0000
  endloop
endfacet
facet normal -0.997859 0.065403 0.000000
  outer loop
    vertex 48.0856 11.3053 0.0000
    vertex 48.0000 10.0000 0.0000
    vertex 48.0000 10.0000 8.0000
  endloop
endfacet
facet normal -0.997859 0.065403 0.000000
  outer loop
    vertex 48.0856 11.3053 0.0000
    vertex 48.0000 10.0000 8.0000
    vertex 48.0856 11.3053 8.0000
  endloop
endfacet
facet normal 0.997859 -0.065403 0.000000
  outer loop
    vertex 56.9590 10.1371 0.0000
    vertex 56.9500 10.0000 8.0000
    vertex 56.9500 10.0000 0.0000
  endloop
endfacet
facet normal 0.997859 -0.065403 0.000000
  outer loop
    vertex 56.9590 10.1371 0.0000
    vertex 56.9590 10.1371 8.0000
    vertex 56.9500 10.0000 8.0000
  endloop
endfacet
facet normal -0.000000 0.000000 -1.000000
  outer loop
    vertex 56.9500 10.0000 0.0000
    vertex 48.0856 8.6947 0.0000
    vertex 48.0000 10.0000 0.0000
  endloop
endfacet
facet normal 0.000000 -0.000000 -1.000000
  outer loop
    vertex 56.9500 10.0000 0.0000
    vertex 56.9590 9.8629 0.0000
    vertex 48.0856 8.6947 0.0000
  endloop
endfacet
facet normal 0.000000 0.000000 1.000000
  outer loop
    vertex 56.9500 10.0000 8.0000
    vertex 48.0000 10.0000 8.0000
    vertex 48.0856 8.6947 8.0000
  endloop
endfacet
facet normal 0.000000 0.000000 1.000000
  outer loop
    vertex 56.9500 10.0000 8.0000
    vertex 48.0856 8.6947 8.0000
    vertex 56.9590 9.8629 8.0000
  endloop
endfacet
facet normal -0.997859 -0.065403 0.000000
  outer loop
    vertex 48.0000 10.0000 0.0000
    vertex 48.0856 8.6947 0.0000
    vertex 48.0856 8.6947 8.0000
  endloop
endfacet
facet normal -0.997859 -0.065403 0.000000
  outer loop
    vertex 48.0000 10.0000 0.0000
    vertex 48.0856 8.6947 8.0000
    vertex 48.0000 10.0000 8.0000
  endloop
endfacet
facet normal 0.997859 0.065403 0.000000
  outer loop
    vertex 56.9500 10.0000 0.0000
    vertex 56.9590 9.8629 8.0000
    vertex 56.9590 9.8629 0.0000
  endloop
endfacet
facet normal 0.997859 0.065403 -0.000000
  outer loop
    vertex 56.9500 10.0000 0.0000
    vertex 56.9500 10.0000 8.0000
    vertex 56.9590 9.8629 8.0000
  endloop
endfacet
facet normal 0.000000 0.000000 -1.000000
  outer loop
    vertex 56.9590 9.8629 0.0000
    vertex 48.3407 7.4118 0.0000
    vertex 48.0856 8.6947 0.0000
  endloop
endfacet
facet normal 0.000000 -0.000000 -1.000000
  outer loop
    vertex 56.9590 9.8629 0.0000
    vertex 56.9858 9.7282 0.0000
    vertex 48.3407 7.4118 0.0000
  endloop
endfacet
facet normal 0.000000 0.000000 1.000000
  outer loop
    vertex 56.9590 9.8629 8.0000
    vertex 48.0856 8.6947 8.0000
    vertex 48.3407 7.4118 8.0000
  endloop
endfacet
facet normal 0.000000 0.000000 1.000000
  outer loop
    vertex 56.9590 9.8629 8.0000
    vertex 48.3407 7.4118 8.0000
    vertex 56.9858 9.7282 8.0000
  endloop
endfacet
facet normal -0.980785 -0.195090 0.000000
  outer loop
    vertex 48.0856 8.6947 0.0000
    vertex 48.3407 7.4118 0.0000
    vertex 48.3407 7.4118 8.0000
  endloop
endfacet
facet normal -0.980785 -0.195090 0.000000
  outer loop
    vertex 48.0856 8.6947 0.0000
    vertex 48.3407 7.4118 8.0000
    vertex 48.0856 8.6947 8.0000
  endloop
endfacet
facet normal 0.980785 0.195090 0.000000
  outer loop
    vertex 56.9590 9.8629 0.0000
    vertex 56.9858 9.7282 8.0000
    vertex 56.9858 9.7282 0.0000
  endloop
endfacet
facet normal 0.980785 0.195090 -0.000000
  outer loop
    vertex 56.9590 9.8629 0.0000
    vertex 56.9590 9.8629 8.0000
    vertex 56.9858 9.7282 8.0000
  endloop
endfacet
facet normal 0.000000 0.000000 -1.000000
  outer loop
    vertex 56.9858 9.7282 0.0000
    vertex 48.7612 6.1732 0.0000
    vertex 48.3407 7.4118 0.0000
  endloop
endfacet
facet normal 0.000000 -0.000000 -1.000000
  outer loop
    vertex 56.9858 9.7282 0.0000
    vertex 57.0299 9.5982 0.0000
    vertex 48.7612 6.1732 0.0000
  endloop
endfacet
facet normal 0.000000 0.000000 1.000000
  outer loop
    vertex 56.9858 9.7282 8.0000
    vertex 48.3407 7.4118 8.0000
    vertex 48.7612 6.1732 8.0000
  endloop
endfacet
facet normal 0.000000 0.000000 1.000000
  outer loop
    vertex 56.9858 9.7282 8.0000
    vertex 48.7612 6.1732 8.0000
    vertex 57.0299 9.5982 8.0000
  endloop
endfacet
facet normal -0.946930 -0.321439 0.000000
  outer loop
    vertex 48.3407 7.4118 0.0000
    vertex 48.7612 6.1732 0.0000
    vertex 48.7612 6.1732 8.0000
  endloop
endfacet
facet normal -0.946930 -0.321439 0.000000
  outer loop
    vertex 48.3407 7.4118 0.0000
    vertex 48.7612 6.1732 8.0000
    vertex 48.3407 7.4118 8.0000
  endloop
endfacet
facet normal 0.946930 0.321439 0.000000
  outer loop
    vertex 56.9858 9.7282 0.0000
    vertex 57.0299 9.5982 8.0000
    vertex 57.0299 9.5982 0.0000
  endloop
endfacet
facet normal 0.946930 0.321439 -0.000000
  outer loop
    vertex 56.9858 9.7282 0.0000
    vertex 56.9858 9.7282 8.0000
    vertex 57.0299 9.5982 8.0000
  endloop
endfacet
facet normal 0.000000 0.000000 -1.000000
  outer loop
    vertex 57.0299 9.5982 0.0000
    vertex 49.3397 5.0000 0.0000
    vertex 48.7612 6.1732 0.0000
  endloop
endfacet
facet normal 0.000000 -0.000000 -1.000000
  outer loop
    vertex 57.0299 9.5982 0.0000
    vertex 57.0907 9.4750 0.0000
    vertex 49.3397 5.0000 0.0000
  endloop
endfacet
facet normal 0.000000 0.000000 1.000000
  outer loop
    vertex 57.0299 9.5982 8.0000
    vertex 48.7612 6.1732 8.0000
    vertex 49.3397 5.0000 8.0000
  endloop
endfacet
facet normal 0.000000 0.000000 1.000000
  outer loop
    vertex 57.0299 9.5982 8.0000
    vertex 49.3397 5.0000 8.0000
    vertex 57.0907 9.4750 8.0000
  endloop
endfacet
facet normal -0.896873 -0.442289 0.000000
  outer loop
    vertex 48.7612 6.1732 0.0000
    vertex 49.3397 5.0000 0.0000
    vertex 49.3397 5.0000 8.0000
  endloop
endfacet
facet normal -0.896873 -0.442289 0.000000
  outer loop
    vertex 48.7612 6.1732 0.0000
    vertex 49.3397 5.0000 8.0000
    vertex 48.7612 6.1732 8.0000
  endloop
endfacet
facet normal 0.896873 0.442289 0.000000
  outer loop
    vertex 57.0299 9.5982 0.0000
    vertex 57.0907 9.4750 8.0000
    vertex 57.0907 9.4750 0.0000
  endloop
endfacet
facet normal 0.896873 0.442289 -0.000000
  outer loop
    vertex 57.0299 9.5982 0.0000
    vertex 57.0299 9.5982 8.0000
    vertex 57.0907 9.4750 8.0000
  endloop
endfacet
facet normal 0.000000 0.000000 -1.000000
  outer loop
    vertex 57.0907 9.4750 0.0000
    vertex 50.0665 3.9124 0.0000
    vertex 49.3397 5.0000 0.0000
  endloop
endfacet
facet normal 0.000000 -0.000000 -1.000000
  outer loop
    vertex 57.0907 9.4750 0.0000
    vertex 57.1670 9.3608 0.0000
    vertex 50.0665 3.9124 0.0000
  endloop
endfacet
facet normal 0.000000 0.000000 1.000000
  outer loop
    vertex 57.0907 9.4750 8.0000
    vertex 49.3397 5.0000 8.0000
    vertex 50.0665 3.9124 8.0000
  endloop
endfacet
facet normal 0.000000 0.000000 1.000000
  outer loop
    vertex 57.0907 9.4750 8.0000
    vertex 50.0665 3.9124 8.0000
    vertex 57.1670 9.3608 8.0000
  endloop
endfacet
facet normal -0.831470 -0.555570 0.000000
  outer loop
    vertex 49.3397 5.0000 0.0000
    vertex 50.0665 3.9124 0.0000
    vertex 50.0665 3.9124 8.0000
  endloop
endfacet
facet normal -0.831470 -0.555570 0.000000
  outer loop
    vertex 49.3397 5.0000 0.0000
    vertex 50.0665 3.9124 8.0000
    vertex 49.3397 5.0000 8.0000
  endloop
endfacet
facet normal 0.831470 0.555570 0.000000
  outer loop
    vertex 57.0907 9.4750 0.0000
    vertex 57.1670 9.3608 8.0000
    vertex 57.1670 9.3608 0.0000
  endloop
endfacet
facet normal 0.831470 0.555570 -0.000000
  outer loop
    vertex 57.0907 9.4750 0.0000
    vertex 57.0907 9.4750 8.0000
    vertex 57.1670 9.3608 8.0000
  endloop
endfacet
facet normal 0.000000 0.000000 -1.000000
  outer loop
    vertex 57.1670 9.3608 0.0000
    vertex 50.9289 2.9289 0.0000
    vertex 50.0665 3.9124 0.0000
  endloop
endfacet
facet normal 0.000000 -0.000000 -1.000000
  outer loop
    vertex 57.1670 9.3608 0.0000
    vertex 57.2575 9.2575 0.0000
    vertex 50.9289 2.9289 0.0000
  endloop
endfacet
facet normal 0.000000 0.000000 1.000000
  outer loop
    vertex 57.1670 9.3608 8.0000
    vertex 50.0665 3.9124 8.0000
    vertex 50.9289 2.9289 8.0000
  endloop
endfacet
facet normal 0.000000 0.000000 1.000000
  outer loop
    vertex 57.1670 9.3608 8.0000
    vertex 50.9289 2.9289 8.0000
    vertex 57.2575 9.2575 8.0000
  endloop
endfacet
facet normal -0.751840 -0.659346 0.000000
  outer loop
    vertex 50.0665 3.9124 0.0000
    vertex 50.9289 2.9289 0.0000
    vertex 50.9289 2.9289 8.0000
  endloop
endfacet
facet normal -0.751840 -0.659346 0.000000
  outer loop
    vertex 50.0665 3.9124 0.0000
    vertex 50.9289 2.9289 8.0000
    vertex 50.0665 3.9124 8.0000
  endloop
endfacet
facet normal 0.751840 0.659346 0.000000
  outer loop
    vertex 57.1670 9.3608 0.0000
    vertex 57.2575 9.2575 8.0000
    vertex 57.2575 9.2575 0.0000
  endloop
endfacet
facet normal 0.751840 0.659346 -0.000000
  outer loop
    vertex 57.1670 9.3608 0.0000
    vertex 57.1670 9.3608 8.0000
    vertex 57.2575 9.2575 8.0000
  endloop
endfacet
facet normal 0.000000 0.000000 -1.000000
  outer loop
    vertex 57.2575 9.2575 0.0000
    vertex 51.9124 2.0665 0.0000
    vertex 50.9289 2.9289 0.0000
  endloop
endfacet
facet normal 0.000000 -0.000000 -1.000000
  outer loop
    vertex 57.2575 9.2575 0.0000
    vertex 57.3608 9.1670 0.0000
    vertex 51.9124 2.0665 0.0000
  endloop
endfacet
facet normal 0.000000 0.000000 1.000000
  outer loop
    vertex 57.2575 9.2575 8.0000
    vertex 50.9289 2.9289 8.0000
    vertex 51.9124 2.0665 8.0000
  endloop
endfacet
facet normal 0.000000 0.000000 1.000000
  outer loop
    vertex 57.2575 9.2575 8.0000
    vertex 51.9124 2.0665 8.0000
    vertex 57.3608 9.1670 8.0000
  endloop
endfacet
facet normal -0.659346 -0.751840 0.000000
  outer loop
    vertex 50.9289 2.9289 0.0000
    vertex 51.9124 2.0665 0.0000
    vertex 51.9124 2.0665 8.0000
  endloop
endfacet
facet normal -0.659346 -0.751840 0.000000
  outer loop
    vertex 50.9289 2.9289 0.0000
    vertex 51.9124 2.0665 8.0000
    vertex 50.9289 2.9289 8.0000
  endloop
endfacet
facet normal 0.659346 0.751840 0.000000
  outer loop
    vertex 57.2575 9.2575 0.0000
    vertex 57.3608 9.1670 8.0000
    vertex 57.3608 9.1670 0.0000
  endloop
endfacet
facet normal 0.659346 0.751840 -0.000000
  outer loop
    vertex 57.2575 9.2575 0.0000
    vertex 57.2575 9.2575 8.0000
    vertex 57.3608 9.1670 8.0000
  endloop
endfacet
facet normal 0.000000 0.000000 -1.000000
  outer loop
    vertex 57.3608 9.1670 0.0000
    vertex 53.0000 1.3397 0.0000
    vertex 51.9124 2.0665 0.0000
  endloop
endfacet
facet normal 0.000000 -0.000000 -1.000000
  outer loop
    vertex 57.3608 9.1670 0.0000
    vertex 57.4750 9.0907 0.0000
    vertex 53.0000 1.3397 0.0000
  endloop
endfacet
facet normal 0.000000 0.000000 1.000000
  outer loop
    vertex 57.3608 9.1670 8.0000
    vertex 51.9124 2.0665 8.0000
    vertex 53.0000 1.3397 8.0000
  endloop
endfacet
facet normal 0.000000 0.000000 1.000000
  outer loop
    vertex 57.3608 9.1670 8.0000
    vertex 53.0000 1.3397 8.0000
    vertex 57.4750 9.0907 8.0000
  endloop
endfacet
facet normal -0.555570 -0.831470 0.000000
  outer loop
    vertex 51.9124 2.0665 0.0000
    vertex 53.0000 1.3397 0.0000
    vertex 53.0000 1.3397 8.0000
  endloop
endfacet
facet normal -0.555570 -0.831470 0.000000
  outer loop
    vertex 51.9124 2.0665 0.0000
    vertex 53.0000 1.3397 8.0000
    vertex 51.9124 2.0665 8.0000
  endloop
endfacet
facet normal 0.555570 0.831470 0.000000
  outer loop
    vertex 57.3608 9.1670 0.0000
    vertex 57.4750 9.0907 8.0000
    vertex 57.4750 9.0907 0.0000
  endloop
endfacet
facet normal 0.555570 0.831470 -0.000000
  outer loop
    vertex 57.3608 9.1670 0.0000
    vertex 57.3608 9.1670 8.0000
    vertex 57.4750 9.0907 8.0000
  endloop
endfacet
facet normal 0.000000 0.000000 -1.000000
  outer loop
    vertex 57.4750 9.0907 0.0000
    vertex 54.1732 0.7612 0.0000
    vertex 53.0000 1.3397 0.0000
  endloop
endfacet
facet normal 0.000000 -0.000000 -1.000000
  outer loop
    vertex 57.4750 9.0907 0.0000
    vertex 57.5982 9.0299 0.0000
    vertex 54.1732 0.7612 0.0000
  endloop
endfacet
facet normal 0.000000 0.000000 1.000000
  outer loop
    vertex 57.4750 9.0907 8.0000
    vertex 53.0000 1.3397 8.0000
    vertex 54.1732 0.7612 8.0000
  endloop
endfacet
facet normal 0.000000 0.000000 1.000000
  outer loop
    vertex 57.4750 9.0907 8.0000
    vertex 54.1732 0.7612 8.0000
    vertex 57.5982 9.0299 8.0000
  endloop
endfacet
facet normal -0.442289 -0.896873 0.000000
  outer loop
    vertex 53.0000 1.3397 0.0000
    vertex 54.1732 0.7612 0.0000
    vertex 54.1732 0.7612 8.0000
  endloop
endfacet
facet normal -0.442289 -0.896873 0.000000
  outer loop
    vertex 53.0000 1.3397 0.0000
    vertex 54.1732 0.7612 8.0000
    vertex 53.0000 1.3397 8.0000
  endloop
endfacet
facet normal 0.442289 0.896873 0.000000
  outer loop
    vertex 57.4750 9.0907 0.0000
    vertex 57.5982 9.0299 8.0000
    vertex 57.5982 9.0299 0.0000
  endloop
endfacet
facet normal 0.442289 0.896873 -0.000000
  outer loop
    vertex 57.4750 9.0907 0.0000
    vertex 57.4750 9.0907 8.0000
    vertex 57.5982 9.0299 8.0000
  endloop
endfacet
facet normal 0.000000 0.000000 -1.000000
  outer loop
    vertex 57.5982 9.0299 0.0000
    vertex 55.4118 0.3407 0.0000
    vertex 54.1732 0.7612 0.0000
  endloop
endfacet
facet normal 0.000000 -0.000000 -1.000000
  outer loop
    vertex 57.5982 9.0299 0.0000
    vertex 57.7282 8.9858 0.0000
    vertex 55.4118 0.3407 0.0000
  endloop
endfacet
facet normal 0.000000 0.000000 1.000000
  outer loop
    vertex 57.5982 9.0299 8.0000
    vertex 54.1732 0.7612 8.0000
    vertex 55.4118 0.3407 8.0000
  endloop
endfacet
facet normal 0.000000 0.000000 1.000000
  outer loop
    vertex 57.5982 9.0299 8.0000
    vertex 55.4118 0.3407 8.0000
    vertex 57.7282 8.9858 8.0000
  endloop
endfacet
facet normal -0.321439 -0.946930 0.000000
  outer loop
    vertex 54.1732 0.7612 0.0000
    vertex 55.4118 0.3407 0.0000
    vertex 55.4118 0.3407 8.0000
  endloop
endfacet
facet normal -0.321439 -0.946930 0.000000
  outer loop
    vertex 54.1732 0.7612 0.0000
    vertex 55.4118 0.3407 8.0000
    vertex 54.1732 0.7612 8.0000
  endloop
endfacet
facet normal 0.321439 0.946930 0.000000
  outer loop
    vertex 57.5982 9.0299 0.0000
    vertex 57.7282 8.9858 8.0000
    vertex 57.7282 8.9858 0.0000
  endloop
endfacet
facet normal 0.321439 0.946930 -0.000000
  outer loop
    vertex 57.5982 9.0299 0.0000
    vertex 57.5982 9.0299 8.0000
    vertex 57.7282 8.9858 8.0000
  endloop
endfacet
facet normal 0.000000 0.000000 -1.000000
  outer loop
    vertex 57.7282 8.9858 0.0000
    vertex 56.6947 0.0856 0.0000
    vertex 55.4118 0.3407 0.0000
  endloop
endfacet
facet normal 0.000000 -0.000000 -1.000000
  outer loop
    vertex 57.7282 8.9858 0.0000
    vertex 57.8629 8.9590 0.0000
    vertex 56.6947 0.0856 0.0000
  endloop
endfacet
facet normal 0.000000 0.000000 1.000000
  outer loop
    vertex 57.7282 8.9858 8.0000
    vertex 55.4118 0.3407 8.0000
    vertex 56.6947 0.0856 8.0000
  endloop
endfacet
facet normal 0.000000 0.000000 1.000000
  outer loop
    vertex 57.7282 8.9858 8.0000
    vertex 56.6947 0.0856 8.0000
    vertex 57.8629 8.9590 8.0000
  endloop
endfacet
facet normal -0.195090 -0.980785 0.000000
  outer loop
    vertex 55.4118 0.3407 0.0000
    vertex 56.6947 0.0856 0.0000
    vertex 56.6947 0.0856 8.0000
  endloop
endfacet
facet normal -0.195090 -0.980785 0.000000
  outer loop
    vertex 55.4118 0.3407 0.0000
    vertex 56.6947 0.0856 8.0000
    vertex 55.4118 0.3407 8.0000
  endloop
endfacet
facet normal 0.195090 0.980785 0.000000
  outer loop
    vertex 57.7282 8.9858 0.0000
    vertex 57.8629 8.9590 8.0000
    vertex 57.8629 8.9590 0.0000
  endloop
endfacet
facet normal 0.195090 0.980785 -0.000000
  outer loop
    vertex 57.7282 8.9858 0.0000
    vertex 57.7282 8.9858 8.0000
    vertex 57.8629 8.9590 8.0000
  endloop
endfacet
facet normal 0.000000 -0.000000 -1.000000
  outer loop
    vertex 57.8629 8.9590 0.0000
    vertex 58.0000 0.0000 0.0000
    vertex 56.6947 0.0856 0.0000
  endloop
endfacet
facet normal 0.000000 0.000000 -1.000000
  outer loop
    vertex 57.8629 8.9590 0.0000
    vertex 58.0000 8.9500 0.0000
    vertex 58.0000 0.0000 0.0000
  endloop
endfacet
facet normal 0.000000 0.000000 1.000000
  outer loop
    vertex 57.8629 8.9590 8.0000
    vertex 56.6947 0.0856 8.0000
    vertex 58.0000 0.0000 8.0000
  endloop
endfacet
facet normal 0.000000 0.000000 1.000000
  outer loop
    vertex 57.8629 8.9590 8.0000
    vertex 58.0000 0.0000 8.0000
    vertex 58.0000 8.9500 8.0000
  endloop
endfacet
facet normal -0.065403 -0.997859 0.000000
  outer loop
    vertex 56.6947 0.0856 0.0000
    vertex 58.0000 0.0000 0.0000
    vertex 58.0000 0.0000 8.0000
  endloop
endfacet
facet normal -0.065403 -0.997859 0.000000
  outer loop
    vertex 56.6947 0.0856 0.0000
    vertex 58.0000 0.0000 8.0000
    vertex 56.6947 0.0856 8.0000
  endloop
endfacet
facet normal 0.065403 0.997859 0.000000
  outer loop
    vertex 57.8629 8.9590 0.0000
    vertex 58.0000 8.9500 8.0000
    vertex 58.0000 8.9500 0.0000
  endloop
endfacet
facet normal 0.065403 0.997859 -0.000000
  outer loop
    vertex 57.8629 8.9590 0.0000
    vertex 57.8629 8.9590 8.0000
    vertex 58.0000 8.9500 8.0000
  endloop
endfacet
facet normal 0.000000 0.000000 -1.000000
  outer loop
    vertex 58.0000 8.9500 0.0000
    vertex 59.3053 0.0856 0.0000
    vertex 58.0000 0.0000 0.0000
  endloop
endfacet
facet normal 0.000000 0.000000 -1.000000
  outer loop
    vertex 58.0000 8.9500 0.0000
    vertex 58.1371 8.9590 0.0000
    vertex 59.3053 0.0856 0.0000
  endloop
endfacet
facet normal 0.000000 0.000000 1.000000
  outer loop
    vertex 58.0000 8.9500 8.0000
    vertex 58.0000 0.0000 8.0000
    vertex 59.3053 0.0856 8.0000
  endloop
endfacet
facet normal -0.000000 0.000000 1.000000
  outer loop
    vertex 58.0000 8.9500 8.0000
    vertex 59.3053 0.0856 8.0000
    vertex 58.1371 8.9590 8.0000
  endloop
endfacet
facet normal 0.065403 -0.997859 0.000000
  outer loop
    vertex 58.0000 0.0000 0.0000
    vertex 59.3053 0.0856 0.0000
    vertex 59.3053 0.0856 8.0000
  endloop
endfacet
facet normal 0.065403 -0.997859 0.000000
  outer loop
    vertex 58.0000 0.0000 0.0000
    vertex 59.3053 0.0856 8.0000
    vertex 58.0000 0.0000 8.0000
  endloop
endfacet
facet normal -0.065403 0.997859 0.000000
  outer loop
    vertex 58.0000 8.9500 0.0000
    vertex 58.1371 8.9590 8.0000
    vertex 58.1371 8.9590 0.0000
  endloop
endfacet
facet normal -0.065403 0.997859 0.000000
  outer loop
    vertex 58.0000 8.9500 0.0000
    vertex 58.0000 8.9500 8.0000
    vertex 58.1371 8.9590 8.0000
  endloop
endfacet
facet normal 0.000000 0.000000 -1.000000
  outer loop
    vertex 58.1371 8.9590 0.0000
    vertex 60.5882 0.3407 0.0000
    vertex 59.3053 0.0856 0.0000
  endloop
endfacet
facet normal 0.000000 0.000000 -1.000000
  outer loop
    vertex 58.1371 8.9590 0.0000
    vertex 58.2718 8.9858 0.0000
    vertex 60.5882 0.3407 0.0000
  endloop
endfacet
facet normal 0.000000 0.000000 1.000000
  outer loop
    vertex 58.1371 8.9590 8.0000
    vertex 59.3053 0.0856 8.0000
    vertex 60.5882 0.3407 8.0000
  endloop
endfacet
facet normal -0.000000 0.000000 1.000000
  outer loop
    vertex 58.1371 8.9590 8.0000
    vertex 60.5882 0.3407 8.0000
    vertex 58.2718 8.9858 8.0000
  endloop
endfacet
facet normal 0.195090 -0.980785 0.000000
  outer loop
    vertex 59.3053 0.0856 0.0000
    vertex 60.5882 0.3407 0.0000
    vertex 60.5882 0.3407 8.0000
  endloop
endfacet
facet normal 0.195090 -0.980785 0.000000
  outer loop
    vertex 59.3053 0.0856 0.0000
    vertex 60.5882 0.3407 8.0000
    vertex 59.3053 0.0856 8.0000
  endloop
endfacet
facet normal -0.195090 0.980785 0.000000
  outer loop
    vertex 58.1371 8.9590 0.0000
    vertex 58.2718 8.9858 8.0000
    vertex 58.2718 8.9858 0.0000
  endloop
endfacet
facet normal -0.195090 0.980785 0.000000
  outer loop
    vertex 58.1371 8.9590 0.0000
    vertex 58.1371 8.9590 8.0000
    vertex 58.2718 8.9858 8.0000
  endloop
endfacet
facet normal 0.000000 0.000000 -1.000000
  outer loop
    vertex 58.2718 8.9858 0.0000
    vertex 61.8268 0.7612 0.0000
    vertex 60.5882 0.3407 0.0000
  endloop
endfacet
facet normal 0.000000 0.000000 -1.000000
  outer loop
    vertex 58.2718 8.9858 0.0000
    vertex 58.4018 9.0299 0.0000
    vertex 61.8268 0.7612 0.0000
  endloop
endfacet
facet normal 0.000000 0.000000 1.000000
  outer loop
    vertex 58.2718 8.9858 8.0000
    vertex 60.5882 0.3407 8.0000
    vertex 61.8268 0.7612 8.0000
  endloop
endfacet
facet normal -0.000000 0.000000 1.000000
  outer loop
    vertex 58.2718 8.9858 8.0000
    vertex 61.8268 0.7612 8.0000
    vertex 58.4018 9.0299 8.0000
  endloop
endfacet
facet normal 0.321439 -0.946930 0.000000
  outer loop
    vertex 60.5882 0.3407 0.0000
    vertex 61.8268 0.7612 0.0000
    vertex 61.8268 0.7612 8.0000
  endloop
endfacet
facet normal 0.321439 -0.946930 0.000000
  outer loop
    vertex 60.5882 0.3407 0.0000
    vertex 61.8268 0.7612 8.0000
    vertex 60.5882 0.3407 8.0000
  endloop
endfacet
facet normal -0.321439 0.946930 0.000000
  outer loop
    vertex 58.2718 8.9858 0.0000
    vertex 58.4018 9.0299 8.0000
    vertex 58.4018 9.0299 0.0000
  endloop
endfacet
facet normal -0.321439 0.946930 0.000000
  outer loop
    vertex 58.2718 8.9858 0.0000
    vertex 58.2718 8.9858 8.0000
    vertex 58.4018 9.0299 8.0000
  endloop
endfacet
facet normal 0.000000 0.000000 -1.000000
  outer loop
    vertex 58.4018 9.0299 0.0000
    vertex 63.0000 1.3397 0.0000
    vertex 61.8268 0.7612 0.0000
  endloop
endfacet
facet normal 0.000000 0.000000 -1.000000
  outer loop
    vertex 58.4018 9.0299 0.0000
    vertex 58.5250 9.0907 0.0000
    vertex 63.0000 1.3397 0.0000
  endloop
endfacet
facet normal 0.000000 0.000000 1.000000
  outer loop
    vertex 58.4018 9.0299 8.0000
    vertex 61.8268 0.7612 8.0000
    vertex 63.0000 1.3397 8.0000
  endloop
endfacet
facet normal -0.000000 0.000000 1.000000
  outer loop
    vertex 58.4018 9.0299 8.0000
    vertex 63.0000 1.3397 8.0000
    vertex 58.5250 9.0907 8.0000
  endloop
endfacet
facet normal 0.442289 -0.896873 0.000000
  outer loop
    vertex 61.8268 0.7612 0.0000
    vertex 63.0000 1.3397 0.0000
    vertex 63.0000 1.3397 8.0000
  endloop
endfacet
facet normal 0.442289 -0.896873 0.000000
  outer loop
    vertex 61.8268 0.7612 0.0000
    vertex 63.0000 1.3397 8.0000
    vertex 61.8268 0.7612 8.0000
  endloop
endfacet
facet normal -0.442289 0.896873 0.000000
  outer loop
    vertex 58.4018 9.0299 0.0000
    vertex 58.5250 9.0907 8.0000
    vertex 58.5250 9.0907 0.0000
  endloop
endfacet
facet normal -0.442289 0.896873 0.000000
  outer loop
    vertex 58.4018 9.0299 0.0000
    vertex 58.4018 9.0299 8.0000
    vertex 58.5250 9.0907 8.0000
  endloop
endfacet
facet normal 0.000000 0.000000 -1.000000
  outer loop
    vertex 58.5250 9.0907 0.0000
    vertex 64.0876 2.0665 0.0000
    vertex 63.0000 1.3397 0.0000
  endloop
endfacet
facet normal 0.000000 0.000000 -1.000000
  outer loop
    vertex 58.5250 9.0907 0.0000
    vertex 58.6392 9.1670 0.0000
    vertex 64.0876 2.0665 0.0000
  endloop
endfacet
facet normal 0.000000 0.000000 1.000000
  outer loop
    vertex 58.5250 9.0907 8.0000
    vertex 63.0000 1.3397 8.0000
    vertex 64.0876 2.0665 8.0000
  endloop
endfacet
facet normal -0.000000 0.000000 1.000000
  outer loop
    vertex 58.5250 9.0907 8.0000
    vertex 64.0876 2.0665 8.0000
    vertex 58.6392 9.1670 8.0000
  endloop
endfacet
facet normal 0.555570 -0.831470 0.000000
  outer loop
    vertex 63.0000 1.3397 0.0000
    vertex 64.0876 2.0665 0.0000
    vertex 64.0876 2.0665 8.0000
  endloop
endfacet
facet normal 0.555570 -0.831470 0.000000
  outer loop
    vertex 63.0000 1.3397 0.0000
    vertex 64.0876 2.0665 8.0000
    vertex 63.0000 1.3397 8.0000
  endloop
endfacet
facet normal -0.555570 0.831470 0.000000
  outer loop
    vertex 58.5250 9.0907 0.0000
    vertex 58.6392 9.1670 8.0000
    vertex 58.6392 9.1670 0.0000
  endloop
endfacet
facet normal -0.555570 0.831470 0.000000
  outer loop
    vertex 58.5250 9.0907 0.0000
    vertex 58.5250 9.0907 8.0000
    vertex 58.6392 9.1670 8.0000
  endloop
endfacet
facet normal 0.000000 0.000000 -1.000000
  outer loop
    vertex 58.6392 9.1670 0.0000
    vertex 65.0711 2.9289 0.0000
    vertex 64.0876 2.0665 0.0000
  endloop
endfacet
facet normal 0.000000 0.000000 -1.000000
  outer loop
    vertex 58.6392 9.1670 0.0000
    vertex 58.7425 9.2575 0.0000
    vertex 65.0711 2.9289 0.0000
  endloop
endfacet
facet normal 0.000000 0.000000 1.000000
  outer loop
    vertex 58.6392 9.1670 8.0000
    vertex 64.0876 2.0665 8.0000
    vertex 65.0711 2.9289 8.0000
  endloop
endfacet
facet normal -0.000000 0.000000 1.000000
  outer loop
    vertex 58.6392 9.1670 8.0000
    vertex 65.0711 2.9289 8.0000
    vertex 58.7425 9.2575 8.0000
  endloop
endfacet
facet normal 0.659346 -0.751840 0.000000
  outer loop
    vertex 64.0876 2.0665 0.0000
    vertex 65.0711 2.9289 0.0000
    vertex 65.0711 2.9289 8.0000
  endloop
endfacet
facet normal 0.659346 -0.751840 0.000000
  outer loop
    vertex 64.0876 2.0665 0.0000
    vertex 65.0711 2.9289 8.0000
    vertex 64.0876 2.0665 8.0000
  endloop
endfacet
facet normal -0.659346 0.751840 0.000000
  outer loop
    vertex 58.6392 9.1670 0.0000
    vertex 58.7425 9.2575 8.0000
    vertex 58.7425 9.2575 0.0000
  endloop
endfacet
facet normal -0.659346 0.751840 0.000000
  outer loop
    vertex 58.6392 9.1670 0.0000
    vertex 58.6392 9.1670 8.0000
    vertex 58.7425 9.2575 8.0000
  endloop
endfacet
facet normal 0.000000 0.000000 -1.000000
  outer loop
    vertex 58.7425 9.2575 0.0000
    vertex 65.9335 3.9124 0.0000
    vertex 65.0711 2.9289 0.0000
  endloop
endfacet
facet normal 0.000000 0.000000 -1.000000
  outer loop
    vertex 58.7425 9.2575 0.0000
    vertex 58.8330 9.3608 0.0000
    vertex 65.9335 3.9124 0.0000
  endloop
endfacet
facet normal 0.000000 0.000000 1.000000
  outer loop
    vertex 58.7425 9.2575 8.0000
    vertex 65.0711 2.9289 8.0000
    vertex 65.9335 3.9124 8.0000
  endloop
endfacet
facet normal -0.000000 0.000000 1.000000
  outer loop
    vertex 58.7425 9.2575 8.0000
    vertex 65.9335 3.9124 8.0000
    vertex 58.8330 9.3608 8.0000
  endloop
endfacet
facet normal 0.751840 -0.659346 0.000000
  outer loop
    vertex 65.0711 2.9289 0.0000
    vertex 65.9335 3.9124 0.0000
    vertex 65.9335 3.9124 8.0000
  endloop
endfacet
facet normal 0.751840 -0.659346 0.000000
  outer loop
    vertex 65.0711 2.9289 0.0000
    vertex 65.9335 3.9124 8.0000
    vertex 65.0711 2.9289 8.0000
  endloop
endfacet
facet normal -0.751840 0.659346 0.000000
  outer loop
    vertex 58.7425 9.2575 0.0000
    vertex 58.8330 9.3608 8.0000
    vertex 58.8330 9.3608 0.0000
  endloop
endfacet
facet normal -0.751840 0.659346 0.000000
  outer loop
    vertex 58.7425 9.2575 0.0000
    vertex 58.7425 9.2575 8.0000
    vertex 58.8330 9.3608 8.0000
  endloop
endfacet
facet normal 0.000000 0.000000 -1.000000
  outer loop
    vertex 58.8330 9.3608 0.0000
    vertex 66.6603 5.0000 0.0000
    vertex 65.9335 3.9124 0.0000
  endloop
endfacet
facet normal 0.000000 0.000000 -1.000000
  outer loop
    vertex 58.8330 9.3608 0.0000
    vertex 58.9093 9.4750 0.0000
    vertex 66.6603 5.0000 0.0000
  endloop
endfacet
facet normal 0.000000 0.000000 1.000000
  outer loop
    vertex 58.8330 9.3608 8.0000
    vertex 65.9335 3.9124 8.0000
    vertex 66.6603 5.0000 8.0000
  endloop
endfacet
facet normal -0.000000 0.000000 1.000000
  outer loop
    vertex 58.8330 9.3608 8.0000
    vertex 66.6603 5.0000 8.0000
    vertex 58.9093 9.4750 8.0000
  endloop
endfacet
facet normal 0.831470 -0.555570 0.000000
  outer loop
    vertex 65.9335 3.9124 0.0000
    vertex 66.6603 5.0000 0.0000
    vertex 66.6603 5.0000 8.0000
  endloop
endfacet
facet normal 0.831470 -0.555570 0.000000
  outer loop
    vertex 65.9335 3.9124 0.0000
    vertex 66.6603 5.0000 8.0000
    vertex 65.9335 3.9124 8.0000
  endloop
endfacet
facet normal -0.831470 0.555570 0.000000
  outer loop
    vertex 58.8330 9.3608 0.0000
    vertex 58.9093 9.4750 8.0000
    vertex 58.9093 9.4750 0.0000
  endloop
endfacet
facet normal -0.831470 0.555570 0.000000
  outer loop
    vertex 58.8330 9.3608 0.0000
    vertex 58.8330 9.3608 8.0000
    vertex 58.9093 9.4750 8.0000
  endloop
endfacet
facet normal 0.000000 0.000000 -1.000000
  outer loop
    vertex 58.9093 9.4750 0.0000
    vertex 67.2388 6.1732 0.0000
    vertex 66.6603 5.0000 0.0000
  endloop
endfacet
facet normal 0.000000 0.000000 -1.000000
  outer loop
    vertex 58.9093 9.4750 0.0000
    vertex 58.9701 9.5982 0.0000
    vertex 67.2388 6.1732 0.0000
  endloop
endfacet
facet normal 0.000000 0.000000 1.000000
  outer loop
    vertex 58.9093 9.4750 8.0000
    vertex 66.6603 5.0000 8.0000
    vertex 67.2388 6.1732 8.0000
  endloop
endfacet
facet normal -0.000000 0.000000 1.000000
  outer loop
    vertex 58.9093 9.4750 8.0000
    vertex 67.2388 6.1732 8.0000
    vertex 58.9701 9.5982 8.0000
  endloop
endfacet
facet normal 0.896873 -0.442289 0.000000
  outer loop
    vertex 66.6603 5.0000 0.0000
    vertex 67.2388 6.1732 0.0000
    vertex 67.2388 6.1732 8.0000
  endloop
endfacet
facet normal 0.896873 -0.442289 0.000000
  outer loop
    vertex 66.6603 5.0000 0.0000
    vertex 67.2388 6.1732 8.0000
    vertex 66.6603 5.0000 8.0000
  endloop
endfacet
facet normal -0.896873 0.442289 0.000000
  outer loop
    vertex 58.9093 9.4750 0.0000
    vertex 58.9701 9.5982 8.0000
    vertex 58.9701 9.5982 0.0000
  endloop
endfacet
facet normal -0.896873 0.442289 0.000000
  outer loop
    vertex 58.9093 9.4750 0.0000
    vertex 58.9093 9.4750 8.0000
    vertex 58.9701 9.5982 8.0000
  endloop
endfacet
facet normal 0.000000 0.000000 -1.000000
  outer loop
    vertex 58.9701 9.5982 0.0000
    vertex 67.6593 7.4118 0.0000
    vertex 67.2388 6.1732 0.0000
  endloop
endfacet
facet normal 0.000000 0.000000 -1.000000
  outer loop
    vertex 58.9701 9.5982 0.0000
    vertex 59.0142 9.7282 0.0000
    vertex 67.6593 7.4118 0.0000
  endloop
endfacet
facet normal 0.000000 0.000000 1.000000
  outer loop
    vertex 58.9701 9.5982 8.0000
    vertex 67.2388 6.1732 8.0000
    vertex 67.6593 7.4118 8.0000
  endloop
endfacet
facet normal -0.000000 0.000000 1.000000
  outer loop
    vertex 58.9701 9.5982 8.0000
    vertex 67.6593 7.4118 8.0000
    vertex 59.0142 9.7282 8.0000
  endloop
endfacet
facet normal 0.946930 -0.321439 0.000000
  outer loop
    vertex 67.2388 6.1732 0.0000
    vertex 67.6593 7.4118 0.0000
    vertex 67.6593 7.4118 8.0000
  endloop
endfacet
facet normal 0.946930 -0.321439 0.000000
  outer loop
    vertex 67.2388 6.1732 0.0000
    vertex 67.6593 7.4118 8.0000
    vertex 67.2388 6.1732 8.0000
  endloop
endfacet
facet normal -0.946930 0.321439 0.000000
  outer loop
    vertex 58.9701 9.5982 0.0000
    vertex 59.0142 9.7282 8.0000
    vertex 59.0142 9.7282 0.0000
  endloop
endfacet
facet normal -0.946930 0.321439 0.000000
  outer loop
    vertex 58.9701 9.5982 0.0000
    vertex 58.9701 9.5982 8.0000
    vertex 59.0142 9.7282 8.0000
  endloop
endfacet
facet normal 0.000000 0.000000 -1.000000
  outer loop
    vertex 59.0142 9.7282 0.0000
    vertex 67.9144 8.6947 0.0000
    vertex 67.6593 7.4118 0.0000
  endloop
endfacet
facet normal 0.000000 0.000000 -1.000000
  outer loop
    vertex 59.0142 9.7282 0.0000
    vertex 59.0410 9.8629 0.0000
    vertex 67.9144 8.6947 0.0000
  endloop
endfacet
facet normal 0.000000 0.000000 1.000000
  outer loop
    vertex 59.0142 9.7282 8.0000
    vertex 67.6593 7.4118 8.0000
    vertex 67.9144 8.6947 8.0000
  endloop
endfacet
facet normal -0.000000 0.000000 1.000000
  outer loop
    vertex 59.0142 9.7282 8.0000
    vertex 67.9144 8.6947 8.0000
    vertex 59.0410 9.8629 8.0000
  endloop
endfacet
facet normal 0.980785 -0.195090 0.000000
  outer loop
    vertex 67.6593 7.4118 0.0000
    vertex 67.9144 8.6947 0.0000
    vertex 67.9144 8.6947 8.0000
  endloop
endfacet
facet normal 0.980785 -0.195090 0.000000
  outer loop
    vertex 67.6593 7.4118 0.0000
    vertex 67.9144 8.6947 8.0000
    vertex 67.6593 7.4118 8.0000
  endloop
endfacet
facet normal -0.980785 0.195090 0.000000
  outer loop
    vertex 59.0142 9.7282 0.0000
    vertex 59.0410 9.8629 8.0000
    vertex 59.0410 9.8629 0.0000
  endloop
endfacet
facet normal -0.980785 0.195090 0.000000
  outer loop
    vertex 59.0142 9.7282 0.0000
    vertex 59.0142 9.7282 8.0000
    vertex 59.0410 9.8629 8.0000
  endloop
endfacet
facet normal 0.000000 0.000000 -1.000000
  outer loop
    vertex 59.0410 9.8629 0.0000
    vertex 68.0000 10.0000 0.0000
    vertex 67.9144 8.6947 0.0000
  endloop
endfacet
facet normal 0.000000 0.000000 -1.000000
  outer loop
    vertex 59.0410 9.8629 0.0000
    vertex 59.0500 10.0000 0.0000
    vertex 68.0000 10.0000 0.0000
  endloop
endfacet
facet normal -0.000000 0.000000 1.000000
  outer loop
    vertex 59.0410 9.8629 8.0000
    vertex 67.9144 8.6947 8.0000
    vertex 68.0000 10.0000 8.0000
  endloop
endfacet
facet normal 0.000000 0.000000 1.000000
  outer loop
    vertex 59.0410 9.8629 8.0000
    vertex 68.0000 10.0000 8.0000
    vertex 59.0500 10.0000 8.0000
  endloop
endfacet
facet normal 0.997859 -0.065403 0.000000
  outer loop
    vertex 67.9144 8.6947 0.0000
    vertex 68.0000 10.0000 0.0000
    vertex 68.0000 10.0000 8.0000
  endloop
endfacet
facet normal 0.997859 -0.065403 0.000000
  outer loop
    vertex 67.9144 8.6947 0.0000
    vertex 68.0000 10.0000 8.0000
    vertex 67.9144 8.6947 8.0000
  endloop
endfacet
facet normal -0.997859 0.065403 0.000000
  outer loop
    vertex 59.0410 9.8629 0.0000
    vertex 59.0500 10.0000 8.0000
    vertex 59.0500 10.0000 0.0000
  endloop
endfacet
facet normal -0.997859 0.065403 0.000000
  outer loop
    vertex 59.0410 9.8629 0.0000
    vertex 59.0410 9.8629 8.0000
    vertex 59.0500 10.0000 8.0000
  endloop
endfacet
facet normal 0.000000 0.000000 -1.000000
  outer loop
    vertex 83.1000 10.0000 0.0000
    vertex 91.9144 11.3053 0.0000
    vertex 92.0000 10.0000 0.0000
  endloop
endfacet
facet normal 0.000000 0.000000 -1.000000
  outer loop
    vertex 83.1000 10.0000 0.0000
    vertex 83.0906 10.1436 0.0000
    vertex 91.9144 11.3053 0.0000
  endloop
endfacet
facet normal 0.000000 0.000000 1.000000
  outer loop
    vertex 83.1000 10.0000 9.0000
    vertex 92.0000 10.0000 9.0000
    vertex 91.9144 11.3053 9.0000
  endloop
endfacet
facet normal 0.000000 -0.000000 1.000000
  outer loop
    vertex 83.1000 10.0000 9.0000
    vertex 91.9144 11.3053 9.0000
    vertex 83.0906 10.1436 9.0000
  endloop
endfacet
facet normal 0.997859 0.065403 0.000000
  outer loop
    vertex 92.0000 10.0000 0.0000
    vertex 91.9144 11.3053 0.0000
    vertex 91.9144 11.3053 9.0000
  endloop
endfacet
facet normal 0.997859 0.065403 -0.000000
  outer loop
    vertex 92.0000 10.0000 0.0000
    vertex 91.9144 11.3053 9.0000
    vertex 92.0000 10.0000 9.0000
  endloop
endfacet
facet normal -0.997859 -0.065403 0.000000
  outer loop
    vertex 83.1000 10.0000 0.0000
    vertex 83.0906 10.1436 9.0000
    vertex 83.0906 10.1436 0.0000
  endloop
endfacet
facet normal -0.997859 -0.065403 0.000000
  outer loop
    vertex 83.1000 10.0000 0.0000
    vertex 83.1000 10.0000 9.0000
    vertex 83.0906 10.1436 9.0000
  endloop
endfacet
facet normal 0.000000 0.000000 -1.000000
  outer loop
    vertex 83.0906 10.1436 0.0000
    vertex 91.6593 12.5882 0.0000
    vertex 91.9144 11.3053 0.0000
  endloop
endfacet
facet normal 0.000000 0.000000 -1.000000
  outer loop
    vertex 83.0906 10.1436 0.0000
    vertex 83.0625 10.2847 0.0000
    vertex 91.6593 12.5882 0.0000
  endloop
endfacet
facet normal 0.000000 0.000000 1.000000
  outer loop
    vertex 83.0906 10.1436 9.0000
    vertex 91.9144 11.3053 9.0000
    vertex 91.6593 12.5882 9.0000
  endloop
endfacet
facet normal 0.000000 -0.000000 1.000000
  outer loop
    vertex 83.0906 10.1436 9.0000
    vertex 91.6593 12.5882 9.0000
    vertex 83.0625 10.2847 9.0000
  endloop
endfacet
facet normal 0.980785 0.195090 0.000000
  outer loop
    vertex 91.9144 11.3053 0.0000
    vertex 91.6593 12.5882 0.0000
    vertex 91.6593 12.5882 9.0000
  endloop
endfacet
facet normal 0.980785 0.195090 -0.000000
  outer loop
    vertex 91.9144 11.3053 0.0000
    vertex 91.6593 12.5882 9.0000
    vertex 91.9144 11.3053 9.0000
  endloop
endfacet
facet normal -0.980785 -0.195090 0.000000
  outer loop
    vertex 83.0906 10.1436 0.0000
    vertex 83.0625 10.2847 9.0000
    vertex 83.0625 10.2847 0.0000
  endloop
endfacet
facet normal -0.980785 -0.195090 0.000000
  outer loop
    vertex 83.0906 10.1436 0.0000
    vertex 83.0906 10.1436 9.0000
    vertex 83.0625 10.2847 9.0000
  endloop
endfacet
facet normal 0.000000 0.000000 -1.000000
  outer loop
    vertex 83.0625 10.2847 0.0000
    vertex 91.2388 13.8268 0.0000
    vertex 91.6593 12.5882 0.0000
  endloop
endfacet
facet normal 0.000000 0.000000 -1.000000
  outer loop
    vertex 83.0625 10.2847 0.0000
    vertex 83.0163 10.4210 0.0000
    vertex 91.2388 13.8268 0.0000
  endloop
endfacet
facet normal 0.000000 0.000000 1.000000
  outer loop
    vertex 83.0625 10.2847 9.0000
    vertex 91.6593 12.5882 9.0000
    vertex 91.2388 13.8268 9.0000
  endloop
endfacet
facet normal 0.000000 -0.000000 1.000000
  outer loop
    vertex 83.0625 10.2847 9.0000
    vertex 91.2388 13.8268 9.0000
    vertex 83.0163 10.4210 9.0000
  endloop
endfacet
facet normal 0.946930 0.321439 0.000000
  outer loop
    vertex 91.6593 12.5882 0.0000
    vertex 91.2388 13.8268 0.0000
    vertex 91.2388 13.8268 9.0000
  endloop
endfacet
facet normal 0.946930 0.321439 -0.000000
  outer loop
    vertex 91.6593 12.5882 0.0000
    vertex 91.2388 13.8268 9.0000
    vertex 91.6593 12.5882 9.0000
  endloop
endfacet
facet normal -0.946930 -0.321439 0.000000
  outer loop
    vertex 83.0625 10.2847 0.0000
    vertex 83.0163 10.4210 9.0000
    vertex 83.0163 10.4210 0.0000
  endloop
endfacet
facet normal -0.946930 -0.321439 0.000000
  outer loop
    vertex 83.0625 10.2847 0.0000
    vertex 83.0625 10.2847 9.0000
    vertex 83.0163 10.4210 9.0000
  endloop
endfacet
facet normal 0.000000 0.000000 -1.000000
  outer loop
    vertex 83.0163 10.4210 0.0000
    vertex 90.6603 15.0000 0.0000
    vertex 91.2388 13.8268 0.0000
  endloop
endfacet
facet normal 0.000000 0.000000 -1.000000
  outer loop
    vertex 83.0163 10.4210 0.0000
    vertex 82.9526 10.5500 0.0000
    vertex 90.6603 15.0000 0.0000
  endloop
endfacet
facet normal 0.000000 0.000000 1.000000
  outer loop
    vertex 83.0163 10.4210 9.0000
    vertex 91.2388 13.8268 9.0000
    vertex 90.6603 15.0000 9.0000
  endloop
endfacet
facet normal 0.000000 -0.000000 1.000000
  outer loop
    vertex 83.0163 10.4210 9.0000
    vertex 90.6603 15.0000 9.0000
    vertex 82.9526 10.5500 9.0000
  endloop
endfacet
facet normal 0.896873 0.442289 0.000000
  outer loop
    vertex 91.2388 13.8268 0.0000
    vertex 90.6603 15.0000 0.0000
    vertex 90.6603 15.0000 9.0000
  endloop
endfacet
facet normal 0.896873 0.442289 -0.000000
  outer loop
    vertex 91.2388 13.8268 0.0000
    vertex 90.6603 15.0000 9.0000
    vertex 91.2388 13.8268 9.0000
  endloop
endfacet
facet normal -0.896873 -0.442289 0.000000
  outer loop
    vertex 83.0163 10.4210 0.0000
    vertex 82.9526 10.5500 9.0000
    vertex 82.9526 10.5500 0.0000
  endloop
endfacet
facet normal -0.896873 -0.442289 0.000000
  outer loop
    vertex 83.0163 10.4210 0.0000
    vertex 83.0163 10.4210 9.0000
    vertex 82.9526 10.5500 9.0000
  endloop
endfacet
facet normal 0.000000 0.000000 -1.000000
  outer loop
    vertex 82.9526 10.5500 0.0000
    vertex 89.9335 16.0876 0.0000
    vertex 90.6603 15.0000 0.0000
  endloop
endfacet
facet normal 0.000000 0.000000 -1.000000
  outer loop
    vertex 82.9526 10.5500 0.0000
    vertex 82.8727 10.6696 0.0000
    vertex 89.9335 16.0876 0.0000
  endloop
endfacet
facet normal 0.000000 0.000000 1.000000
  outer loop
    vertex 82.9526 10.5500 9.0000
    vertex 90.6603 15.0000 9.0000
    vertex 89.9335 16.0876 9.0000
  endloop
endfacet
facet normal 0.000000 -0.000000 1.000000
  outer loop
    vertex 82.9526 10.5500 9.0000
    vertex 89.9335 16.0876 9.0000
    vertex 82.8727 10.6696 9.0000
  endloop
endfacet
facet normal 0.831470 0.555570 0.000000
  outer loop
    vertex 90.6603 15.0000 0.0000
    vertex 89.9335 16.0876 0.0000
    vertex 89.9335 16.0876 9.0000
  endloop
endfacet
facet normal 0.831470 0.555570 -0.000000
  outer loop
    vertex 90.6603 15.0000 0.0000
    vertex 89.9335 16.0876 9.0000
    vertex 90.6603 15.0000 9.0000
  endloop
endfacet
facet normal -0.831470 -0.555570 0.000000
  outer loop
    vertex 82.9526 10.5500 0.0000
    vertex 82.8727 10.6696 9.0000
    vertex 82.8727 10.6696 0.0000
  endloop
endfacet
facet normal -0.831470 -0.555570 0.000000
  outer loop
    vertex 82.9526 10.5500 0.0000
    vertex 82.9526 10.5500 9.0000
    vertex 82.8727 10.6696 9.0000
  endloop
endfacet
facet normal 0.000000 0.000000 -1.000000
  outer loop
    vertex 82.8727 10.6696 0.0000
    vertex 89.0711 17.0711 0.0000
    vertex 89.9335 16.0876 0.0000
  endloop
endfacet
facet normal 0.000000 0.000000 -1.000000
  outer loop
    vertex 82.8727 10.6696 0.0000
    vertex 82.7778 10.7778 0.0000
    vertex 89.0711 17.0711 0.0000
  endloop
endfacet
facet normal 0.000000 0.000000 1.000000
  outer loop
    vertex 82.8727 10.6696 9.0000
    vertex 89.9335 16.0876 9.0000
    vertex 89.0711 17.0711 9.0000
  endloop
endfacet
facet normal 0.000000 -0.000000 1.000000
  outer loop
    vertex 82.8727 10.6696 9.0000
    vertex 89.0711 17.0711 9.0000
    vertex 82.7778 10.7778 9.0000
  endloop
endfacet
facet normal 0.751840 0.659346 0.000000
  outer loop
    vertex 89.9335 16.0876 0.0000
    vertex 89.0711 17.0711 0.0000
    vertex 89.0711 17.0711 9.0000
  endloop
endfacet
facet normal 0.751840 0.659346 -0.000000
  outer loop
    vertex 89.9335 16.0876 0.0000
    vertex 89.0711 17.0711 9.0000
    vertex 89.9335 16.0876 9.0000
  endloop
endfacet
facet normal -0.751840 -0.659346 0.000000
  outer loop
    vertex 82.8727 10.6696 0.0000
    vertex 82.7778 10.7778 9.0000
    vertex 82.7778 10.7778 0.0000
  endloop
endfacet
facet normal -0.751840 -0.659346 0.000000
  outer loop
    vertex 82.8727 10.6696 0.0000
    vertex 82.8727 10.6696 9.0000
    vertex 82.7778 10.7778 9.0000
  endloop
endfacet
facet normal 0.000000 0.000000 -1.000000
  outer loop
    vertex 82.7778 10.7778 0.0000
    vertex 88.0876 17.9335 0.0000
    vertex 89.0711 17.0711 0.0000
  endloop
endfacet
facet normal 0.000000 0.000000 -1.000000
  outer loop
    vertex 82.7778 10.7778 0.0000
    vertex 82.6696 10.8727 0.0000
    vertex 88.0876 17.9335 0.0000
  endloop
endfacet
facet normal 0.000000 0.000000 1.000000
  outer loop
    vertex 82.7778 10.7778 9.0000
    vertex 89.0711 17.0711 9.0000
    vertex 88.0876 17.9335 9.0000
  endloop
endfacet
facet normal 0.000000 -0.000000 1.000000
  outer loop
    vertex 82.7778 10.7778 9.0000
    vertex 88.0876 17.9335 9.0000
    vertex 82.6696 10.8727 9.0000
  endloop
endfacet
facet normal 0.659346 0.751840 0.000000
  outer loop
    vertex 89.0711 17.0711 0.0000
    vertex 88.0876 17.9335 0.0000
    vertex 88.0876 17.9335 9.0000
  endloop
endfacet
facet normal 0.659346 0.751840 -0.000000
  outer loop
    vertex 89.0711 17.0711 0.0000
    vertex 88.0876 17.9335 9.0000
    vertex 89.0711 17.0711 9.0000
  endloop
endfacet
facet normal -0.659346 -0.751840 0.000000
  outer loop
    vertex 82.7778 10.7778 0.0000
    vertex 82.6696 10.8727 9.0000
    vertex 82.6696 10.8727 0.0000
  endloop
endfacet
facet normal -0.659346 -0.751840 0.000000
  outer loop
    vertex 82.7778 10.7778 0.0000
    vertex 82.7778 10.7778 9.0000
    vertex 82.6696 10.8727 9.0000
  endloop
endfacet
facet normal 0.000000 0.000000 -1.000000
  outer loop
    vertex 82.6696 10.8727 0.0000
    vertex 87.0000 18.6603 0.0000
    vertex 88.0876 17.9335 0.0000
  endloop
endfacet
facet normal 0.000000 0.000000 -1.000000
  outer loop
    vertex 82.6696 10.8727 0.0000
    vertex 82.5500 10.9526 0.0000
    vertex 87.0000 18.6603 0.0000
  endloop
endfacet
facet normal 0.000000 0.000000 1.000000
  outer loop
    vertex 82.6696 10.8727 9.0000
    vertex 88.0876 17.9335 9.0000
    vertex 87.0000 18.6603 9.0000
  endloop
endfacet
facet normal 0.000000 -0.000000 1.000000
  outer loop
    vertex 82.6696 10.8727 9.0000
    vertex 87.0000 18.6603 9.0000
    vertex 82.5500 10.9526 9.0000
  endloop
endfacet
facet normal 0.555570 0.831470 0.000000
  outer loop
    vertex 88.0876 17.9335 0.0000
    vertex 87.0000 18.6603 0.0000
    vertex 87.0000 18.6603 9.0000
  endloop
endfacet
facet normal 0.555570 0.831470 -0.000000
  outer loop
    vertex 88.0876 17.9335 0.0000
    vertex 87.0000 18.6603 9.0000
    vertex 88.0876 17.9335 9.0000
  endloop
endfacet
facet normal -0.555570 -0.831470 0.000000
  outer loop
    vertex 82.6696 10.8727 0.0000
    vertex 82.5500 10.9526 9.0000
    vertex 82.5500 10.9526 0.0000
  endloop
endfacet
facet normal -0.555570 -0.831470 0.000000
  outer loop
    vertex 82.6696 10.8727 0.0000
    vertex 82.6696 10.8727 9.0000
    vertex 82.5500 10.9526 9.0000
  endloop
endfacet
facet normal 0.000000 0.000000 -1.000000
  outer loop
    vertex 82.5500 10.9526 0.0000
    vertex 85.8268 19.2388 0.0000
    vertex 87.0000 18.6603 0.0000
  endloop
endfacet
facet normal 0.000000 0.000000 -1.000000
  outer loop
    vertex 82.5500 10.9526 0.0000
    vertex 82.4210 11.0163 0.0000
    vertex 85.8268 19.2388 0.0000
  endloop
endfacet
facet normal 0.000000 0.000000 1.000000
  outer loop
    vertex 82.5500 10.9526 9.0000
    vertex 87.0000 18.6603 9.0000
    vertex 85.8268 19.2388 9.0000
  endloop
endfacet
facet normal 0.000000 -0.000000 1.000000
  outer loop
    vertex 82.5500 10.9526 9.0000
    vertex 85.8268 19.2388 9.0000
    vertex 82.4210 11.0163 9.0000
  endloop
endfacet
facet normal 0.442289 0.896873 0.000000
  outer loop
    vertex 87.0000 18.6603 0.0000
    vertex 85.8268 19.2388 0.0000
    vertex 85.8268 19.2388 9.0000
  endloop
endfacet
facet normal 0.442289 0.896873 -0.000000
  outer loop
    vertex 87.0000 18.6603 0.0000
    vertex 85.8268 19.2388 9.0000
    vertex 87.0000 18.6603 9.0000
  endloop
endfacet
facet normal -0.442289 -0.896873 0.000000
  outer loop
    vertex 82.5500 10.9526 0.0000
    vertex 82.4210 11.0163 9.0000
    vertex 82.4210 11.0163 0.0000
  endloop
endfacet
facet normal -0.442289 -0.896873 0.000000
  outer loop
    vertex 82.5500 10.9526 0.0000
    vertex 82.5500 10.9526 9.0000
    vertex 82.4210 11.0163 9.0000
  endloop
endfacet
facet normal 0.000000 0.000000 -1.000000
  outer loop
    vertex 82.4210 11.0163 0.0000
    vertex 84.5882 19.6593 0.0000
    vertex 85.8268 19.2388 0.0000
  endloop
endfacet
facet normal 0.000000 0.000000 -1.000000
  outer loop
    vertex 82.4210 11.0163 0.0000
    vertex 82.2847 11.0625 0.0000
    vertex 84.5882 19.6593 0.0000
  endloop
endfacet
facet normal 0.000000 0.000000 1.000000
  outer loop
    vertex 82.4210 11.0163 9.0000
    vertex 85.8268 19.2388 9.0000
    vertex 84.5882 19.6593 9.0000
  endloop
endfacet
facet normal 0.000000 -0.000000 1.000000
  outer loop
    vertex 82.4210 11.0163 9.0000
    vertex 84.5882 19.6593 9.0000
    vertex 82.2847 11.0625 9.0000
  endloop
endfacet
facet normal 0.321439 0.946930 0.000000
  outer loop
    vertex 85.8268 19.2388 0.0000
    vertex 84.5882 19.6593 0.0000
    vertex 84.5882 19.6593 9.0000
  endloop
endfacet
facet normal 0.321439 0.946930 -0.000000
  outer loop
    vertex 85.8268 19.2388 0.0000
    vertex 84.5882 19.6593 9.0000
    vertex 85.8268 19.2388 9.0000
  endloop
endfacet
facet normal -0.321439 -0.946930 0.000000
  outer loop
    vertex 82.4210 11.0163 0.0000
    vertex 82.2847 11.0625 9.0000
    vertex 82.2847 11.0625 0.0000
  endloop
endfacet
facet normal -0.321439 -0.946930 0.000000
  outer loop
    vertex 82.4210 11.0163 0.0000
    vertex 82.4210 11.0163 9.0000
    vertex 82.2847 11.0625 9.0000
  endloop
endfacet
facet normal 0.000000 0.000000 -1.000000
  outer loop
    vertex 82.2847 11.0625 0.0000
    vertex 83.3053 19.9144 0.0000
    vertex 84.5882 19.6593 0.0000
  endloop
endfacet
facet normal 0.000000 0.000000 -1.000000
  outer loop
    vertex 82.2847 11.0625 0.0000
    vertex 82.1436 11.0906 0.0000
    vertex 83.3053 19.9144 0.0000
  endloop
endfacet
facet normal 0.000000 0.000000 1.000000
  outer loop
    vertex 82.2847 11.0625 9.0000
    vertex 84.5882 19.6593 9.0000
    vertex 83.3053 19.9144 9.0000
  endloop
endfacet
facet normal 0.000000 -0.000000 1.000000
  outer loop
    vertex 82.2847 11.0625 9.0000
    vertex 83.3053 19.9144 9.0000
    vertex 82.1436 11.0906 9.0000
  endloop
endfacet
facet normal 0.195090 0.980785 0.000000
  outer loop
    vertex 84.5882 19.6593 0.0000
    vertex 83.3053 19.9144 0.0000
    vertex 83.3053 19.9144 9.0000
  endloop
endfacet
facet normal 0.195090 0.980785 -0.000000
  outer loop
    vertex 84.5882 19.6593 0.0000
    vertex 83.3053 19.9144 9.0000
    vertex 84.5882 19.6593 9.0000
  endloop
endfacet
facet normal -0.195090 -0.980785 0.000000
  outer loop
    vertex 82.2847 11.0625 0.0000
    vertex 82.1436 11.0906 9.0000
    vertex 82.1436 11.0906 0.0000
  endloop
endfacet
facet normal -0.195090 -0.980785 0.000000
  outer loop
    vertex 82.2847 11.0625 0.0000
    vertex 82.2847 11.0625 9.0000
    vertex 82.1436 11.0906 9.0000
  endloop
endfacet
facet normal 0.000000 0.000000 -1.000000
  outer loop
    vertex 82.1436 11.0906 0.0000
    vertex 82.0000 20.0000 0.0000
    vertex 83.3053 19.9144 0.0000
  endloop
endfacet
facet normal 0.000000 0.000000 -1.000000
  outer loop
    vertex 82.1436 11.0906 0.0000
    vertex 82.0000 11.1000 0.0000
    vertex 82.0000 20.0000 0.0000
  endloop
endfacet
facet normal 0.000000 -0.000000 1.000000
  outer loop
    vertex 82.1436 11.0906 9.0000
    vertex 83.3053 19.9144 9.0000
    vertex 82.0000 20.0000 9.0000
  endloop
endfacet
facet normal 0.000000 0.000000 1.000000
  outer loop
    vertex 82.1436 11.0906 9.0000
    vertex 82.0000 20.0000 9.0000
    vertex 82.0000 11.1000 9.0000
  endloop
endfacet
facet normal 0.065403 0.997859 0.000000
  outer loop
    vertex 83.3053 19.9144 0.0000
    vertex 82.0000 20.0000 0.0000
    vertex 82.0000 20.0000 9.0000
  endloop
endfacet
facet normal 0.065403 0.997859 -0.000000
  outer loop
    vertex 83.3053 19.9144 0.0000
    vertex 82.0000 20.0000 9.0000
    vertex 83.3053 19.9144 9.0000
  endloop
endfacet
facet normal -0.065403 -0.997859 0.000000
  outer loop
    vertex 82.1436 11.0906 0.0000
    vertex 82.0000 11.1000 9.0000
    vertex 82.0000 11.1000 0.0000
  endloop
endfacet
facet normal -0.065403 -0.997859 0.000000
  outer loop
    vertex 82.1436 11.0906 0.0000
    vertex 82.1436 11.0906 9.0000
    vertex 82.0000 11.1000 9.0000
  endloop
endfacet
facet normal 0.000000 0.000000 -1.000000
  outer loop
    vertex 82.0000 11.1000 0.0000
    vertex 80.6947 19.9144 0.0000
    vertex 82.0000 20.0000 0.0000
  endloop
endfacet
facet normal -0.000000 0.000000 -1.000000
  outer loop
    vertex 82.0000 11.1000 0.0000
    vertex 81.8564 11.0906 0.0000
    vertex 80.6947 19.9144 0.0000
  endloop
endfacet
facet normal 0.000000 -0.000000 1.000000
  outer loop
    vertex 82.0000 11.1000 9.0000
    vertex 82.0000 20.0000 9.0000
    vertex 80.6947 19.9144 9.0000
  endloop
endfacet
facet normal 0.000000 0.000000 1.000000
  outer loop
    vertex 82.0000 11.1000 9.0000
    vertex 80.6947 19.9144 9.0000
    vertex 81.8564 11.0906 9.0000
  endloop
endfacet
facet normal -0.065403 0.997859 0.000000
  outer loop
    vertex 82.0000 20.0000 0.0000
    vertex 80.6947 19.9144 0.0000
    vertex 80.6947 19.9144 9.0000
  endloop
endfacet
facet normal -0.065403 0.997859 0.000000
  outer loop
    vertex 82.0000 20.0000 0.0000
    vertex 80.6947 19.9144 9.0000
    vertex 82.0000 20.0000 9.0000
  endloop
endfacet
facet normal 0.065403 -0.997859 0.000000
  outer loop
    vertex 82.0000 11.1000 0.0000
    vertex 81.8564 11.0906 9.0000
    vertex 81.8564 11.0906 0.0000
  endloop
endfacet
facet normal 0.065403 -0.997859 0.000000
  outer loop
    vertex 82.0000 11.1000 0.0000
    vertex 82.0000 11.1000 9.0000
    vertex 81.8564 11.0906 9.0000
  endloop
endfacet
facet normal 0.000000 0.000000 -1.000000
  outer loop
    vertex 81.8564 11.0906 0.0000
    vertex 79.4118 19.6593 0.0000
    vertex 80.6947 19.9144 0.0000
  endloop
endfacet
facet normal -0.000000 0.000000 -1.000000
  outer loop
    vertex 81.8564 11.0906 0.0000
    vertex 81.7153 11.0625 0.0000
    vertex 79.4118 19.6593 0.0000
  endloop
endfacet
facet normal 0.000000 0.000000 1.000000
  outer loop
    vertex 81.8564 11.0906 9.0000
    vertex 80.6947 19.9144 9.0000
    vertex 79.4118 19.6593 9.0000
  endloop
endfacet
facet normal 0.000000 0.000000 1.000000
  outer loop
    vertex 81.8564 11.0906 9.0000
    vertex 79.4118 19.6593 9.0000
    vertex 81.7153 11.0625 9.0000
  endloop
endfacet
facet normal -0.195090 0.980785 0.000000
  outer loop
    vertex 80.6947 19.9144 0.0000
    vertex 79.4118 19.6593 0.0000
    vertex 79.4118 19.6593 9.0000
  endloop
endfacet
facet normal -0.195090 0.980785 0.000000
  outer loop
    vertex 80.6947 19.9144 0.0000
    vertex 79.4118 19.6593 9.0000
    vertex 80.6947 19.9144 9.0000
  endloop
endfacet
facet normal 0.195090 -0.980785 0.000000
  outer loop
    vertex 81.8564 11.0906 0.0000
    vertex 81.7153 11.0625 9.0000
    vertex 81.7153 11.0625 0.0000
  endloop
endfacet
facet normal 0.195090 -0.980785 0.000000
  outer loop
    vertex 81.8564 11.0906 0.0000
    vertex 81.8564 11.0906 9.0000
    vertex 81.7153 11.0625 9.0000
  endloop
endfacet
facet normal 0.000000 0.000000 -1.000000
  outer loop
    vertex 81.7153 11.0625 0.0000
    vertex 78.1732 19.2388 0.0000
    vertex 79.4118 19.6593 0.0000
  endloop
endfacet
facet normal -0.000000 0.000000 -1.000000
  outer loop
    vertex 81.7153 11.0625 0.0000
    vertex 81.5790 11.0163 0.0000
    vertex 78.1732 19.2388 0.0000
  endloop
endfacet
facet normal 0.000000 0.000000 1.000000
  outer loop
    vertex 81.7153 11.0625 9.0000
    vertex 79.4118 19.6593 9.0000
    vertex 78.1732 19.2388 9.0000
  endloop
endfacet
facet normal 0.000000 0.000000 1.000000
  outer loop
    vertex 81.7153 11.0625 9.0000
    vertex 78.1732 19.2388 9.0000
    vertex 81.5790 11.0163 9.0000
  endloop
endfacet
facet normal -0.321439 0.946930 0.000000
  outer loop
    vertex 79.4118 19.6593 0.0000
    vertex 78.1732 19.2388 0.0000
    vertex 78.1732 19.2388 9.0000
  endloop
endfacet
facet normal -0.321439 0.946930 0.000000
  outer loop
    vertex 79.4118 19.6593 0.0000
    vertex 78.1732 19.2388 9.0000
    vertex 79.4118 19.6593 9.0000
  endloop
endfacet
facet normal 0.321439 -0.946930 0.000000
  outer loop
    vertex 81.7153 11.0625 0.0000
    vertex 81.5790 11.0163 9.0000
    vertex 81.5790 11.0163 0.0000
  endloop
endfacet
facet normal 0.321439 -0.946930 0.000000
  outer loop
    vertex 81.7153 11.0625 0.0000
    vertex 81.7153 11.0625 9.0000
    vertex 81.5790 11.0163 9.0000
  endloop
endfacet
facet normal 0.000000 0.000000 -1.000000
  outer loop
    vertex 81.5790 11.0163 0.0000
    vertex 77.0000 18.6603 0.0000
    vertex 78.1732 19.2388 0.0000
  endloop
endfacet
facet normal -0.000000 0.000000 -1.000000
  outer loop
    vertex 81.5790 11.0163 0.0000
    vertex 81.4500 10.9526 0.0000
    vertex 77.0000 18.6603 0.0000
  endloop
endfacet
facet normal 0.000000 0.000000 1.000000
  outer loop
    vertex 81.5790 11.0163 9.0000
    vertex 78.1732 19.2388 9.0000
    vertex 77.0000 18.6603 9.0000
  endloop
endfacet
facet normal 0.000000 0.000000 1.000000
  outer loop
    vertex 81.5790 11.0163 9.0000
    vertex 77.0000 18.6603 9.0000
    vertex 81.4500 10.9526 9.0000
  endloop
endfacet
facet normal -0.442289 0.896873 0.000000
  outer loop
    vertex 78.1732 19.2388 0.0000
    vertex 77.0000 18.6603 0.0000
    vertex 77.0000 18.6603 9.0000
  endloop
endfacet
facet normal -0.442289 0.896873 0.000000
  outer loop
    vertex 78.1732 19.2388 0.0000
    vertex 77.0000 18.6603 9.0000
    vertex 78.1732 19.2388 9.0000
  endloop
endfacet
facet normal 0.442289 -0.896873 0.000000
  outer loop
    vertex 81.5790 11.0163 0.0000
    vertex 81.4500 10.9526 9.0000
    vertex 81.4500 10.9526 0.0000
  endloop
endfacet
facet normal 0.442289 -0.896873 0.000000
  outer loop
    vertex 81.5790 11.0163 0.0000
    vertex 81.5790 11.0163 9.0000
    vertex 81.4500 10.9526 9.0000
  endloop
endfacet
facet normal 0.000000 0.000000 -1.000000
  outer loop
    vertex 81.4500 10.9526 0.0000
    vertex 75.9124 17.9335 0.0000
    vertex 77.0000 18.6603 0.0000
  endloop
endfacet
facet normal -0.000000 0.000000 -1.000000
  outer loop
    vertex 81.4500 10.9526 0.0000
    vertex 81.3304 10.8727 0.0000
    vertex 75.9124 17.9335 0.0000
  endloop
endfacet
facet normal 0.000000 0.000000 1.000000
  outer loop
    vertex 81.4500 10.9526 9.0000
    vertex 77.0000 18.6603 9.0000
    vertex 75.9124 17.9335 9.0000
  endloop
endfacet
facet normal 0.000000 0.000000 1.000000
  outer loop
    vertex 81.4500 10.9526 9.0000
    vertex 75.9124 17.9335 9.0000
    vertex 81.3304 10.8727 9.0000
  endloop
endfacet
facet normal -0.555570 0.831470 0.000000
  outer loop
    vertex 77.0000 18.6603 0.0000
    vertex 75.9124 17.9335 0.0000
    vertex 75.9124 17.9335 9.0000
  endloop
endfacet
facet normal -0.555570 0.831470 0.000000
  outer loop
    vertex 77.0000 18.6603 0.0000
    vertex 75.9124 17.9335 9.0000
    vertex 77.0000 18.6603 9.0000
  endloop
endfacet
facet normal 0.555570 -0.831470 0.000000
  outer loop
    vertex 81.4500 10.9526 0.0000
    vertex 81.3304 10.8727 9.0000
    vertex 81.3304 10.8727 0.0000
  endloop
endfacet
facet normal 0.555570 -0.831470 0.000000
  outer loop
    vertex 81.4500 10.9526 0.0000
    vertex 81.4500 10.9526 9.0000
    vertex 81.3304 10.8727 9.0000
  endloop
endfacet
facet normal 0.000000 0.000000 -1.000000
  outer loop
    vertex 81.3304 10.8727 0.0000
    vertex 74.9289 17.0711 0.0000
    vertex 75.9124 17.9335 0.0000
  endloop
endfacet
facet normal -0.000000 0.000000 -1.000000
  outer loop
    vertex 81.3304 10.8727 0.0000
    vertex 81.2222 10.7778 0.0000
    vertex 74.9289 17.0711 0.0000
  endloop
endfacet
facet normal 0.000000 0.000000 1.000000
  outer loop
    vertex 81.3304 10.8727 9.0000
    vertex 75.9124 17.9335 9.0000
    vertex 74.9289 17.0711 9.0000
  endloop
endfacet
facet normal 0.000000 0.000000 1.000000
  outer loop
    vertex 81.3304 10.8727 9.0000
    vertex 74.9289 17.0711 9.0000
    vertex 81.2222 10.7778 9.0000
  endloop
endfacet
facet normal -0.659346 0.751840 0.000000
  outer loop
    vertex 75.9124 17.9335 0.0000
    vertex 74.9289 17.0711 0.0000
    vertex 74.9289 17.0711 9.0000
  endloop
endfacet
facet normal -0.659346 0.751840 0.000000
  outer loop
    vertex 75.9124 17.9335 0.0000
    vertex 74.9289 17.0711 9.0000
    vertex 75.9124 17.9335 9.0000
  endloop
endfacet
facet normal 0.659346 -0.751840 0.000000
  outer loop
    vertex 81.3304 10.8727 0.0000
    vertex 81.2222 10.7778 9.0000
    vertex 81.2222 10.7778 0.0000
  endloop
endfacet
facet normal 0.659346 -0.751840 0.000000
  outer loop
    vertex 81.3304 10.8727 0.0000
    vertex 81.3304 10.8727 9.0000
    vertex 81.2222 10.7778 9.0000
  endloop
endfacet
facet normal 0.000000 0.000000 -1.000000
  outer loop
    vertex 81.2222 10.7778 0.0000
    vertex 74.0665 16.0876 0.0000
    vertex 74.9289 17.0711 0.0000
  endloop
endfacet
facet normal -0.000000 0.000000 -1.000000
  outer loop
    vertex 81.2222 10.7778 0.0000
    vertex 81.1273 10.6696 0.0000
    vertex 74.0665 16.0876 0.0000
  endloop
endfacet
facet normal 0.000000 0.000000 1.000000
  outer loop
    vertex 81.2222 10.7778 9.0000
    vertex 74.9289 17.0711 9.0000
    vertex 74.0665 16.0876 9.0000
  endloop
endfacet
facet normal 0.000000 0.000000 1.000000
  outer loop
    vertex 81.2222 10.7778 9.0000
    vertex 74.0665 16.0876 9.0000
    vertex 81.1273 10.6696 9.0000
  endloop
endfacet
facet normal -0.751840 0.659346 0.000000
  outer loop
    vertex 74.9289 17.0711 0.0000
    vertex 74.0665 16.0876 0.0000
    vertex 74.0665 16.0876 9.0000
  endloop
endfacet
facet normal -0.751840 0.659346 0.000000
  outer loop
    vertex 74.9289 17.0711 0.0000
    vertex 74.0665 16.0876 9.0000
    vertex 74.9289 17.0711 9.0000
  endloop
endfacet
facet normal 0.751840 -0.659346 0.000000
  outer loop
    vertex 81.2222 10.7778 0.0000
    vertex 81.1273 10.6696 9.0000
    vertex 81.1273 10.6696 0.0000
  endloop
endfacet
facet normal 0.751840 -0.659346 0.000000
  outer loop
    vertex 81.2222 10.7778 0.0000
    vertex 81.2222 10.7778 9.0000
    vertex 81.1273 10.6696 9.0000
  endloop
endfacet
facet normal 0.000000 0.000000 -1.000000
  outer loop
    vertex 81.1273 10.6696 0.0000
    vertex 73.3397 15.0000 0.0000
    vertex 74.0665 16.0876 0.0000
  endloop
endfacet
facet normal -0.000000 0.000000 -1.000000
  outer loop
    vertex 81.1273 10.6696 0.0000
    vertex 81.0474 10.5500 0.0000
    vertex 73.3397 15.0000 0.0000
  endloop
endfacet
facet normal 0.000000 0.000000 1.000000
  outer loop
    vertex 81.1273 10.6696 9.0000
    vertex 74.0665 16.0876 9.0000
    vertex 73.3397 15.0000 9.0000
  endloop
endfacet
facet normal 0.000000 0.000000 1.000000
  outer loop
    vertex 81.1273 10.6696 9.0000
    vertex 73.3397 15.0000 9.0000
    vertex 81.0474 10.5500 9.0000
  endloop
endfacet
facet normal -0.831470 0.555570 0.000000
  outer loop
    vertex 74.0665 16.0876 0.0000
    vertex 73.3397 15.0000 0.0000
    vertex 73.3397 15.0000 9.0000
  endloop
endfacet
facet normal -0.831470 0.555570 0.000000
  outer loop
    vertex 74.0665 16.0876 0.0000
    vertex 73.3397 15.0000 9.0000
    vertex 74.0665 16.0876 9.0000
  endloop
endfacet
facet normal 0.831470 -0.555570 0.000000
  outer loop
    vertex 81.1273 10.6696 0.0000
    vertex 81.0474 10.5500 9.0000
    vertex 81.0474 10.5500 0.0000
  endloop
endfacet
facet normal 0.831470 -0.555570 0.000000
  outer loop
    vertex 81.1273 10.6696 0.0000
    vertex 81.1273 10.6696 9.0000
    vertex 81.0474 10.5500 9.0000
  endloop
endfacet
facet normal 0.000000 0.000000 -1.000000
  outer loop
    vertex 81.0474 10.5500 0.0000
    vertex 72.7612 13.8268 0.0000
    vertex 73.3397 15.0000 0.0000
  endloop
endfacet
facet normal -0.000000 0.000000 -1.000000
  outer loop
    vertex 81.0474 10.5500 0.0000
    vertex 80.9837 10.4210 0.0000
    vertex 72.7612 13.8268 0.0000
  endloop
endfacet
facet normal 0.000000 0.000000 1.000000
  outer loop
    vertex 81.0474 10.5500 9.0000
    vertex 73.3397 15.0000 9.0000
    vertex 72.7612 13.8268 9.0000
  endloop
endfacet
facet normal 0.000000 0.000000 1.000000
  outer loop
    vertex 81.0474 10.5500 9.0000
    vertex 72.7612 13.8268 9.0000
    vertex 80.9837 10.4210 9.0000
  endloop
endfacet
facet normal -0.896873 0.442289 0.000000
  outer loop
    vertex 73.3397 15.0000 0.0000
    vertex 72.7612 13.8268 0.0000
    vertex 72.7612 13.8268 9.0000
  endloop
endfacet
facet normal -0.896873 0.442289 0.000000
  outer loop
    vertex 73.3397 15.0000 0.0000
    vertex 72.7612 13.8268 9.0000
    vertex 73.3397 15.0000 9.0000
  endloop
endfacet
facet normal 0.896873 -0.442289 0.000000
  outer loop
    vertex 81.0474 10.5500 0.0000
    vertex 80.9837 10.4210 9.0000
    vertex 80.9837 10.4210 0.0000
  endloop
endfacet
facet normal 0.896873 -0.442289 0.000000
  outer loop
    vertex 81.0474 10.5500 0.0000
    vertex 81.0474 10.5500 9.0000
    vertex 80.9837 10.4210 9.0000
  endloop
endfacet
facet normal 0.000000 0.000000 -1.000000
  outer loop
    vertex 80.9837 10.4210 0.0000
    vertex 72.3407 12.5882 0.0000
    vertex 72.7612 13.8268 0.0000
  endloop
endfacet
facet normal -0.000000 0.000000 -1.000000
  outer loop
    vertex 80.9837 10.4210 0.0000
    vertex 80.9375 10.2847 0.0000
    vertex 72.3407 12.5882 0.0000
  endloop
endfacet
facet normal 0.000000 0.000000 1.000000
  outer loop
    vertex 80.9837 10.4210 9.0000
    vertex 72.7612 13.8268 9.0000
    vertex 72.3407 12.5882 9.0000
  endloop
endfacet
facet normal 0.000000 0.000000 1.000000
  outer loop
    vertex 80.9837 10.4210 9.0000
    vertex 72.3407 12.5882 9.0000
    vertex 80.9375 10.2847 9.0000
  endloop
endfacet
facet normal -0.946930 0.321439 0.000000
  outer loop
    vertex 72.7612 13.8268 0.0000
    vertex 72.3407 12.5882 0.0000
    vertex 72.3407 12.5882 9.0000
  endloop
endfacet
facet normal -0.946930 0.321439 0.000000
  outer loop
    vertex 72.7612 13.8268 0.0000
    vertex 72.3407 12.5882 9.0000
    vertex 72.7612 13.8268 9.0000
  endloop
endfacet
facet normal 0.946930 -0.321439 0.000000
  outer loop
    vertex 80.9837 10.4210 0.0000
    vertex 80.9375 10.2847 9.0000
    vertex 80.9375 10.2847 0.0000
  endloop
endfacet
facet normal 0.946930 -0.321439 0.000000
  outer loop
    vertex 80.9837 10.4210 0.0000
    vertex 80.9837 10.4210 9.0000
    vertex 80.9375 10.2847 9.0000
  endloop
endfacet
facet normal 0.000000 0.000000 -1.000000
  outer loop
    vertex 80.9375 10.2847 0.0000
    vertex 72.0856 11.3053 0.0000
    vertex 72.3407 12.5882 0.0000
  endloop
endfacet
facet normal -0.000000 0.000000 -1.000000
  outer loop
    vertex 80.9375 10.2847 0.0000
    vertex 80.9094 10.1436 0.0000
    vertex 72.0856 11.3053 0.0000
  endloop
endfacet
facet normal 0.000000 0.000000 1.000000
  outer loop
    vertex 80.9375 10.2847 9.0000
    vertex 72.3407 12.5882 9.0000
    vertex 72.0856 11.3053 9.0000
  endloop
endfacet
facet normal 0.000000 0.000000 1.000000
  outer loop
    vertex 80.9375 10.2847 9.0000
    vertex 72.0856 11.3053 9.0000
    vertex 80.9094 10.1436 9.0000
  endloop
endfacet
facet normal -0.980785 0.195090 0.000000
  outer loop
    vertex 72.3407 12.5882 0.0000
    vertex 72.0856 11.3053 0.0000
    vertex 72.0856 11.3053 9.0000
  endloop
endfacet
facet normal -0.980785 0.195090 0.000000
  outer loop
    vertex 72.3407 12.5882 0.0000
    vertex 72.0856 11.3053 9.0000
    vertex 72.3407 12.5882 9.0000
  endloop
endfacet
facet normal 0.980785 -0.195090 0.000000
  outer loop
    vertex 80.9375 10.2847 0.0000
    vertex 80.9094 10.1436 9.0000
    vertex 80.9094 10.1436 0.0000
  endloop
endfacet
facet normal 0.980785 -0.195090 0.000000
  outer loop
    vertex 80.9375 10.2847 0.0000
    vertex 80.9375 10.2847 9.0000
    vertex 80.9094 10.1436 9.0000
  endloop
endfacet
facet normal -0.000000 0.000000 -1.000000
  outer loop
    vertex 80.9094 10.1436 0.0000
    vertex 72.0000 10.0000 0.0000
    vertex 72.0856 11.3053 0.0000
  endloop
endfacet
facet normal 0.000000 0.000000 -1.000000
  outer loop
    vertex 80.9094 10.1436 0.0000
    vertex 80.9000 10.0000 0.0000
    vertex 72.0000 10.0000 0.0000
  endloop
endfacet
facet normal 0.000000 0.000000 1.000000
  outer loop
    vertex 80.9094 10.1436 9.0000
    vertex 72.0856 11.3053 9.0000
    vertex 72.0000 10.0000 9.0000
  endloop
endfacet
facet normal 0.000000 0.000000 1.000000
  outer loop
    vertex 80.9094 10.1436 9.0000
    vertex 72.0000 10.0000 9.0000
    vertex 80.9000 10.0000 9.0000
  endloop
endfacet
facet normal -0.997859 0.065403 0.000000
  outer loop
    vertex 72.0856 11.3053 0.0000
    vertex 72.0000 10.0000 0.0000
    vertex 72.0000 10.0000 9.0000
  endloop
endfacet
facet normal -0.997859 0.065403 0.000000
  outer loop
    vertex 72.0856 11.3053 0.0000
    vertex 72.0000 10.0000 9.0000
    vertex 72.0856 11.3053 9.0000
  endloop
endfacet
facet normal 0.997859 -0.065403 0.000000
  outer loop
    vertex 80.9094 10.1436 0.0000
    vertex 80.9000 10.0000 9.0000
    vertex 80.9000 10.0000 0.0000
  endloop
endfacet
facet normal 0.997859 -0.065403 0.000000
  outer loop
    vertex 80.9094 10.1436 0.0000
    vertex 80.9094 10.1436 9.0000
    vertex 80.9000 10.0000 9.0000
  endloop
endfacet
facet normal -0.000000 0.000000 -1.000000
  outer loop
    vertex 80.9000 10.0000 0.0000
    vertex 72.0856 8.6947 0.0000
    vertex 72.0000 10.0000 0.0000
  endloop
endfacet
facet normal 0.000000 -0.000000 -1.000000
  outer loop
    vertex 80.9000 10.0000 0.0000
    vertex 80.9094 9.8564 0.0000
    vertex 72.0856 8.6947 0.0000
  endloop
endfacet
facet normal 0.000000 0.000000 1.000000
  outer loop
    vertex 80.9000 10.0000 9.0000
    vertex 72.0000 10.0000 9.0000
    vertex 72.0856 8.6947 9.0000
  endloop
endfacet
facet normal 0.000000 0.000000 1.000000
  outer loop
    vertex 80.9000 10.0000 9.0000
    vertex 72.0856 8.6947 9.0000
    vertex 80.9094 9.8564 9.0000
  endloop
endfacet
facet normal -0.997859 -0.065403 0.000000
  outer loop
    vertex 72.0000 10.0000 0.0000
    vertex 72.0856 8.6947 0.0000
    vertex 72.0856 8.6947 9.0000
  endloop
endfacet
facet normal -0.997859 -0.065403 0.000000
  outer loop
    vertex 72.0000 10.0000 0.0000
    vertex 72.0856 8.6947 9.0000
    vertex 72.0000 10.0000 9.0000
  endloop
endfacet
facet normal 0.997859 0.065403 0.000000
  outer loop
    vertex 80.9000 10.0000 0.0000
    vertex 80.9094 9.8564 9.0000
    vertex 80.9094 9.8564 0.0000
  endloop
endfacet
facet normal 0.997859 0.065403 -0.000000
  outer loop
    vertex 80.9000 10.0000 0.0000
    vertex 80.9000 10.0000 9.0000
    vertex 80.9094 9.8564 9.0000
  endloop
endfacet
facet normal 0.000000 0.000000 -1.000000
  outer loop
    vertex 80.9094 9.8564 0.0000
    vertex 72.3407 7.4118 0.0000
    vertex 72.0856 8.6947 0.0000
  endloop
endfacet
facet normal 0.000000 -0.000000 -1.000000
  outer loop
    vertex 80.9094 9.8564 0.0000
    vertex 80.9375 9.7153 0.0000
    vertex 72.3407 7.4118 0.0000
  endloop
endfacet
facet normal 0.000000 0.000000 1.000000
  outer loop
    vertex 80.9094 9.8564 9.0000
    vertex 72.0856 8.6947 9.0000
    vertex 72.3407 7.4118 9.0000
  endloop
endfacet
facet normal 0.000000 0.000000 1.000000
  outer loop
    vertex 80.9094 9.8564 9.0000
    vertex 72.3407 7.4118 9.0000
    vertex 80.9375 9.7153 9.0000
  endloop
endfacet
facet normal -0.980785 -0.195090 0.000000
  outer loop
    vertex 72.0856 8.6947 0.0000
    vertex 72.3407 7.4118 0.0000
    vertex 72.3407 7.4118 9.0000
  endloop
endfacet
facet normal -0.980785 -0.195090 0.000000
  outer loop
    vertex 72.0856 8.6947 0.0000
    vertex 72.3407 7.4118 9.0000
    vertex 72.0856 8.6947 9.0000
  endloop
endfacet
facet normal 0.980785 0.195090 0.000000
  outer loop
    vertex 80.9094 9.8564 0.0000
    vertex 80.9375 9.7153 9.0000
    vertex 80.9375 9.7153 0.0000
  endloop
endfacet
facet normal 0.980785 0.195090 -0.000000
  outer loop
    vertex 80.9094 9.8564 0.0000
    vertex 80.9094 9.8564 9.0000
    vertex 80.9375 9.7153 9.0000
  endloop
endfacet
facet normal 0.000000 0.000000 -1.000000
  outer loop
    vertex 80.9375 9.7153 0.0000
    vertex 72.7612 6.1732 0.0000
    vertex 72.3407 7.4118 0.0000
  endloop
endfacet
facet normal 0.000000 -0.000000 -1.000000
  outer loop
    vertex 80.9375 9.7153 0.0000
    vertex 80.9837 9.5790 0.0000
    vertex 72.7612 6.1732 0.0000
  endloop
endfacet
facet normal 0.000000 0.000000 1.000000
  outer loop
    vertex 80.9375 9.7153 9.0000
    vertex 72.3407 7.4118 9.0000
    vertex 72.7612 6.1732 9.0000
  endloop
endfacet
facet normal 0.000000 0.000000 1.000000
  outer loop
    vertex 80.9375 9.7153 9.0000
    vertex 72.7612 6.1732 9.0000
    vertex 80.9837 9.5790 9.0000
  endloop
endfacet
facet normal -0.946930 -0.321439 0.000000
  outer loop
    vertex 72.3407 7.4118 0.0000
    vertex 72.7612 6.1732 0.0000
    vertex 72.7612 6.1732 9.0000
  endloop
endfacet
facet normal -0.946930 -0.321439 0.000000
  outer loop
    vertex 72.3407 7.4118 0.0000
    vertex 72.7612 6.1732 9.0000
    vertex 72.3407 7.4118 9.0000
  endloop
endfacet
facet normal 0.946930 0.321439 0.000000
  outer loop
    vertex 80.9375 9.7153 0.0000
    vertex 80.9837 9.5790 9.0000
    vertex 80.9837 9.5790 0.0000
  endloop
endfacet
facet normal 0.946930 0.321439 -0.000000
  outer loop
    vertex 80.9375 9.7153 0.0000
    vertex 80.9375 9.7153 9.0000
    vertex 80.9837 9.5790 9.0000
  endloop
endfacet
facet normal 0.000000 0.000000 -1.000000
  outer loop
    vertex 80.9837 9.5790 0.0000
    vertex 73.3397 5.0000 0.0000
    vertex 72.7612 6.1732 0.0000
  endloop
endfacet
facet normal 0.000000 -0.000000 -1.000000
  outer loop
    vertex 80.9837 9.5790 0.0000
    vertex 81.0474 9.4500 0.0000
    vertex 73.3397 5.0000 0.0000
  endloop
endfacet
facet normal 0.000000 0.000000 1.000000
  outer loop
    vertex 80.9837 9.5790 9.0000
    vertex 72.7612 6.1732 9.0000
    vertex 73.3397 5.0000 9.0000
  endloop
endfacet
facet normal 0.000000 0.000000 1.000000
  outer loop
    vertex 80.9837 9.5790 9.0000
    vertex 73.3397 5.0000 9.0000
    vertex 81.0474 9.4500 9.0000
  endloop
endfacet
facet normal -0.896873 -0.442289 0.000000
  outer loop
    vertex 72.7612 6.1732 0.0000
    vertex 73.3397 5.0000 0.0000
    vertex 73.3397 5.0000 9.0000
  endloop
endfacet
facet normal -0.896873 -0.442289 0.000000
  outer loop
    vertex 72.7612 6.1732 0.0000
    vertex 73.3397 5.0000 9.0000
    vertex 72.7612 6.1732 9.0000
  endloop
endfacet
facet normal 0.896873 0.442289 0.000000
  outer loop
    vertex 80.9837 9.5790 0.0000
    vertex 81.0474 9.4500 9.0000
    vertex 81.0474 9.4500 0.0000
  endloop
endfacet
facet normal 0.896873 0.442289 -0.000000
  outer loop
    vertex 80.9837 9.5790 0.0000
    vertex 80.9837 9.5790 9.0000
    vertex 81.0474 9.4500 9.0000
  endloop
endfacet
facet normal 0.000000 0.000000 -1.000000
  outer loop
    vertex 81.0474 9.4500 0.0000
    vertex 74.0665 3.9124 0.0000
    vertex 73.3397 5.0000 0.0000
  endloop
endfacet
facet normal 0.000000 -0.000000 -1.000000
  outer loop
    vertex 81.0474 9.4500 0.0000
    vertex 81.1273 9.3304 0.0000
    vertex 74.0665 3.9124 0.0000
  endloop
endfacet
facet normal 0.000000 0.000000 1.000000
  outer loop
    vertex 81.0474 9.4500 9.0000
    vertex 73.3397 5.0000 9.0000
    vertex 74.0665 3.9124 9.0000
  endloop
endfacet
facet normal 0.000000 0.000000 1.000000
  outer loop
    vertex 81.0474 9.4500 9.0000
    vertex 74.0665 3.9124 9.0000
    vertex 81.1273 9.3304 9.0000
  endloop
endfacet
facet normal -0.831470 -0.555570 0.000000
  outer loop
    vertex 73.3397 5.0000 0.0000
    vertex 74.0665 3.9124 0.0000
    vertex 74.0665 3.9124 9.0000
  endloop
endfacet
facet normal -0.831470 -0.555570 0.000000
  outer loop
    vertex 73.3397 5.0000 0.0000
    vertex 74.0665 3.9124 9.0000
    vertex 73.3397 5.0000 9.0000
  endloop
endfacet
facet normal 0.831470 0.555570 0.000000
  outer loop
    vertex 81.0474 9.4500 0.0000
    vertex 81.1273 9.3304 9.0000
    vertex 81.1273 9.3304 0.0000
  endloop
endfacet
facet normal 0.831470 0.555570 -0.000000
  outer loop
    vertex 81.0474 9.4500 0.0000
    vertex 81.0474 9.4500 9.0000
    vertex 81.1273 9.3304 9.0000
  endloop
endfacet
facet normal 0.000000 0.000000 -1.000000
  outer loop
    vertex 81.1273 9.3304 0.0000
    vertex 74.9289 2.9289 0.0000
    vertex 74.0665 3.9124 0.0000
  endloop
endfacet
facet normal 0.000000 -0.000000 -1.000000
  outer loop
    vertex 81.1273 9.3304 0.0000
    vertex 81.2222 9.2222 0.0000
    vertex 74.9289 2.9289 0.0000
  endloop
endfacet
facet normal 0.000000 0.000000 1.000000
  outer loop
    vertex 81.1273 9.3304 9.0000
    vertex 74.0665 3.9124 9.0000
    vertex 74.9289 2.9289 9.0000
  endloop
endfacet
facet normal 0.000000 0.000000 1.000000
  outer loop
    vertex 81.1273 9.3304 9.0000
    vertex 74.9289 2.9289 9.0000
    vertex 81.2222 9.2222 9.0000
  endloop
endfacet
facet normal -0.751840 -0.659346 0.000000
  outer loop
    vertex 74.0665 3.9124 0.0000
    vertex 74.9289 2.9289 0.0000
    vertex 74.9289 2.9289 9.0000
  endloop
endfacet
facet normal -0.751840 -0.659346 0.000000
  outer loop
    vertex 74.0665 3.9124 0.0000
    vertex 74.9289 2.9289 9.0000
    vertex 74.0665 3.9124 9.0000
  endloop
endfacet
facet normal 0.751840 0.659346 0.000000
  outer loop
    vertex 81.1273 9.3304 0.0000
    vertex 81.2222 9.2222 9.0000
    vertex 81.2222 9.2222 0.0000
  endloop
endfacet
facet normal 0.751840 0.659346 -0.000000
  outer loop
    vertex 81.1273 9.3304 0.0000
    vertex 81.1273 9.3304 9.0000
    vertex 81.2222 9.2222 9.0000
  endloop
endfacet
facet normal 0.000000 0.000000 -1.000000
  outer loop
    vertex 81.2222 9.2222 0.0000
    vertex 75.9124 2.0665 0.0000
    vertex 74.9289 2.9289 0.0000
  endloop
endfacet
facet normal 0.000000 -0.000000 -1.000000
  outer loop
    vertex 81.2222 9.2222 0.0000
    vertex 81.3304 9.1273 0.0000
    vertex 75.9124 2.0665 0.0000
  endloop
endfacet
facet normal 0.000000 0.000000 1.000000
  outer loop
    vertex 81.2222 9.2222 9.0000
    vertex 74.9289 2.9289 9.0000
    vertex 75.9124 2.0665 9.0000
  endloop
endfacet
facet normal 0.000000 0.000000 1.000000
  outer loop
    vertex 81.2222 9.2222 9.0000
    vertex 75.9124 2.0665 9.0000
    vertex 81.3304 9.1273 9.0000
  endloop
endfacet
facet normal -0.659346 -0.751840 0.000000
  outer loop
    vertex 74.9289 2.9289 0.0000
    vertex 75.9124 2.0665 0.0000
    vertex 75.9124 2.0665 9.0000
  endloop
endfacet
facet normal -0.659346 -0.751840 0.000000
  outer loop
    vertex 74.9289 2.9289 0.0000
    vertex 75.9124 2.0665 9.0000
    vertex 74.9289 2.9289 9.0000
  endloop
endfacet
facet normal 0.659346 0.751840 0.000000
  outer loop
    vertex 81.2222 9.2222 0.0000
    vertex 81.3304 9.1273 9.0000
    vertex 81.3304 9.1273 0.0000
  endloop
endfacet
facet normal 0.659346 0.751840 -0.000000
  outer loop
    vertex 81.2222 9.2222 0.0000
    vertex 81.2222 9.2222 9.0000
    vertex 81.3304 9.1273 9.0000
  endloop
endfacet
facet normal 0.000000 0.000000 -1.000000
  outer loop
    vertex 81.3304 9.1273 0.0000
    vertex 77.0000 1.3397 0.0000
    vertex 75.9124 2.0665 0.0000
  endloop
endfacet
facet normal 0.000000 -0.000000 -1.000000
  outer loop
    vertex 81.3304 9.1273 0.0000
    vertex 81.4500 9.0474 0.0000
    vertex 77.0000 1.3397 0.0000
  endloop
endfacet
facet normal 0.000000 0.000000 1.000000
  outer loop
    vertex 81.3304 9.1273 9.0000
    vertex 75.9124 2.0665 9.0000
    vertex 77.0000 1.3397 9.0000
  endloop
endfacet
facet normal 0.000000 0.000000 1.000000
  outer loop
    vertex 81.3304 9.1273 9.0000
    vertex 77.0000 1.3397 9.0000
    vertex 81.4500 9.0474 9.0000
  endloop
endfacet
facet normal -0.555570 -0.831470 0.000000
  outer loop
    vertex 75.9124 2.0665 0.0000
    vertex 77.0000 1.3397 0.0000
    vertex 77.0000 1.3397 9.0000
  endloop
endfacet
facet normal -0.555570 -0.831470 0.000000
  outer loop
    vertex 75.9124 2.0665 0.0000
    vertex 77.0000 1.3397 9.0000
    vertex 75.9124 2.0665 9.0000
  endloop
endfacet
facet normal 0.555570 0.831470 0.000000
  outer loop
    vertex 81.3304 9.1273 0.0000
    vertex 81.4500 9.0474 9.0000
    vertex 81.4500 9.0474 0.0000
  endloop
endfacet
facet normal 0.555570 0.831470 -0.000000
  outer loop
    vertex 81.3304 9.1273 0.0000
    vertex 81.3304 9.1273 9.0000
    vertex 81.4500 9.0474 9.0000
  endloop
endfacet
facet normal 0.000000 0.000000 -1.000000
  outer loop
    vertex 81.4500 9.0474 0.0000
    vertex 78.1732 0.7612 0.0000
    vertex 77.0000 1.3397 0.0000
  endloop
endfacet
facet normal 0.000000 -0.000000 -1.000000
  outer loop
    vertex 81.4500 9.0474 0.0000
    vertex 81.5790 8.9837 0.0000
    vertex 78.1732 0.7612 0.0000
  endloop
endfacet
facet normal 0.000000 0.000000 1.000000
  outer loop
    vertex 81.4500 9.0474 9.0000
    vertex 77.0000 1.3397 9.0000
    vertex 78.1732 0.7612 9.0000
  endloop
endfacet
facet normal 0.000000 0.000000 1.000000
  outer loop
    vertex 81.4500 9.0474 9.0000
    vertex 78.1732 0.7612 9.0000
    vertex 81.5790 8.9837 9.0000
  endloop
endfacet
facet normal -0.442289 -0.896873 0.000000
  outer loop
    vertex 77.0000 1.3397 0.0000
    vertex 78.1732 0.7612 0.0000
    vertex 78.1732 0.7612 9.0000
  endloop
endfacet
facet normal -0.442289 -0.896873 0.000000
  outer loop
    vertex 77.0000 1.3397 0.0000
    vertex 78.1732 0.7612 9.0000
    vertex 77.0000 1.3397 9.0000
  endloop
endfacet
facet normal 0.442289 0.896873 0.000000
  outer loop
    vertex 81.4500 9.0474 0.0000
    vertex 81.5790 8.9837 9.0000
    vertex 81.5790 8.9837 0.0000
  endloop
endfacet
facet normal 0.442289 0.896873 -0.000000
  outer loop
    vertex 81.4500 9.0474 0.0000
    vertex 81.4500 9.0474 9.0000
    vertex 81.5790 8.9837 9.0000
  endloop
endfacet
facet normal 0.000000 0.000000 -1.000000
  outer loop
    vertex 81.5790 8.9837 0.0000
    vertex 79.4118 0.3407 0.0000
    vertex 78.1732 0.7612 0.0000
  endloop
endfacet
facet normal 0.000000 -0.000000 -1.000000
  outer loop
    vertex 81.5790 8.9837 0.0000
    vertex 81.7153 8.9375 0.0000
    vertex 79.4118 0.3407 0.0000
  endloop
endfacet
facet normal 0.000000 0.000000 1.000000
  outer loop
    vertex 81.5790 8.9837 9.0000
    vertex 78.1732 0.7612 9.0000
    vertex 79.4118 0.3407 9.0000
  endloop
endfacet
facet normal 0.000000 0.000000 1.000000
  outer loop
    vertex 81.5790 8.9837 9.0000
    vertex 79.4118 0.3407 9.0000
    vertex 81.7153 8.9375 9.0000
  endloop
endfacet
facet normal -0.321439 -0.946930 0.000000
  outer loop
    vertex 78.1732 0.7612 0.0000
    vertex 79.4118 0.3407 0.0000
    vertex 79.4118 0.3407 9.0000
  endloop
endfacet
facet normal -0.321439 -0.946930 0.000000
  outer loop
    vertex 78.1732 0.7612 0.0000
    vertex 79.4118 0.3407 9.0000
    vertex 78.1732 0.7612 9.0000
  endloop
endfacet
facet normal 0.321439 0.946930 0.000000
  outer loop
    vertex 81.5790 8.9837 0.0000
    vertex 81.7153 8.9375 9.0000
    vertex 81.7153 8.9375 0.0000
  endloop
endfacet
facet normal 0.321439 0.946930 -0.000000
  outer loop
    vertex 81.5790 8.9837 0.0000
    vertex 81.5790 8.9837 9.0000
    vertex 81.7153 8.9375 9.0000
  endloop
endfacet
facet normal 0.000000 0.000000 -1.000000
  outer loop
    vertex 81.7153 8.9375 0.0000
    vertex 80.6947 0.0856 0.0000
    vertex 79.4118 0.3407 0.0000
  endloop
endfacet
facet normal 0.000000 -0.000000 -1.000000
  outer loop
    vertex 81.7153 8.9375 0.0000
    vertex 81.8564 8.9094 0.0000
    vertex 80.6947 0.0856 0.0000
  endloop
endfacet
facet normal 0.000000 0.000000 1.000000
  outer loop
    vertex 81.7153 8.9375 9.0000
    vertex 79.4118 0.3407 9.0000
    vertex 80.6947 0.0856 9.0000
  endloop
endfacet
facet normal 0.000000 0.000000 1.000000
  outer loop
    vertex 81.7153 8.9375 9.0000
    vertex 80.6947 0.0856 9.0000
    vertex 81.8564 8.9094 9.0000
  endloop
endfacet
facet normal -0.195090 -0.980785 0.000000
  outer loop
    vertex 79.4118 0.3407 0.0000
    vertex 80.6947 0.0856 0.0000
    vertex 80.6947 0.0856 9.0000
  endloop
endfacet
facet normal -0.195090 -0.980785 0.000000
  outer loop
    vertex 79.4118 0.3407 0.0000
    vertex 80.6947 0.0856 9.0000
    vertex 79.4118 0.3407 9.0000
  endloop
endfacet
facet normal 0.195090 0.980785 0.000000
  outer loop
    vertex 81.7153 8.9375 0.0000
    vertex 81.8564 8.9094 9.0000
    vertex 81.8564 8.9094 0.0000
  endloop
endfacet
facet normal 0.195090 0.980785 -0.000000
  outer loop
    vertex 81.7153 8.9375 0.0000
    vertex 81.7153 8.9375 9.0000
    vertex 81.8564 8.9094 9.0000
  endloop
endfacet
facet normal 0.000000 -0.000000 -1.000000
  outer loop
    vertex 81.8564 8.9094 0.0000
    vertex 82.0000 0.0000 0.0000
    vertex 80.6947 0.0856 0.0000
  endloop
endfacet
facet normal 0.000000 0.000000 -1.000000
  outer loop
    vertex 81.8564 8.9094 0.0000
    vertex 82.0000 8.9000 0.0000
    vertex 82.0000 0.0000 0.0000
  endloop
endfacet
facet normal 0.000000 0.000000 1.000000
  outer loop
    vertex 81.8564 8.9094 9.0000
    vertex 80.6947 0.0856 9.0000
    vertex 82.0000 0.0000 9.0000
  endloop
endfacet
facet normal 0.000000 0.000000 1.000000
  outer loop
    vertex 81.8564 8.9094 9.0000
    vertex 82.0000 0.0000 9.0000
    vertex 82.0000 8.9000 9.0000
  endloop
endfacet
facet normal -0.065403 -0.997859 0.000000
  outer loop
    vertex 80.6947 0.0856 0.0000
    vertex 82.0000 0.0000 0.0000
    vertex 82.0000 0.0000 9.0000
  endloop
endfacet
facet normal -0.065403 -0.997859 0.000000
  outer loop
    vertex 80.6947 0.0856 0.0000
    vertex 82.0000 0.0000 9.0000
    vertex 80.6947 0.0856 9.0000
  endloop
endfacet
facet normal 0.065403 0.997859 0.000000
  outer loop
    vertex 81.8564 8.9094 0.0000
    vertex 82.0000 8.9000 9.0000
    vertex 82.0000 8.9000 0.0000
  endloop
endfacet
facet normal 0.065403 0.997859 -0.000000
  outer loop
    vertex 81.8564 8.9094 0.0000
    vertex 81.8564 8.9094 9.0000
    vertex 82.0000 8.9000 9.0000
  endloop
endfacet
facet normal 0.000000 0.000000 -1.000000
  outer loop
    vertex 82.0000 8.9000 0.0000
    vertex 83.3053 0.0856 0.0000
    vertex 82.0000 0.0000 0.0000
  endloop
endfacet
facet normal 0.000000 0.000000 -1.000000
  outer loop
    vertex 82.0000 8.9000 0.0000
    vertex 82.1436 8.9094 0.0000
    vertex 83.3053 0.0856 0.0000
  endloop
endfacet
facet normal 0.000000 0.000000 1.000000
  outer loop
    vertex 82.0000 8.9000 9.0000
    vertex 82.0000 0.0000 9.0000
    vertex 83.3053 0.0856 9.0000
  endloop
endfacet
facet normal -0.000000 0.000000 1.000000
  outer loop
    vertex 82.0000 8.9000 9.0000
    vertex 83.3053 0.0856 9.0000
    vertex 82.1436 8.9094 9.0000
  endloop
endfacet
facet normal 0.065403 -0.997859 0.000000
  outer loop
    vertex 82.0000 0.0000 0.0000
    vertex 83.3053 0.0856 0.0000
    vertex 83.3053 0.0856 9.0000
  endloop
endfacet
facet normal 0.065403 -0.997859 0.000000
  outer loop
    vertex 82.0000 0.0000 0.0000
    vertex 83.3053 0.0856 9.0000
    vertex 82.0000 0.0000 9.0000
  endloop
endfacet
facet normal -0.065403 0.997859 0.000000
  outer loop
    vertex 82.0000 8.9000 0.0000
    vertex 82.1436 8.9094 9.0000
    vertex 82.1436 8.9094 0.0000
  endloop
endfacet
facet normal -0.065403 0.997859 0.000000
  outer loop
    vertex 82.0000 8.9000 0.0000
    vertex 82.0000 8.9000 9.0000
    vertex 82.1436 8.9094 9.0000
  endloop
endfacet
facet normal 0.000000 0.000000 -1.000000
  outer loop
    vertex 82.1436 8.9094 0.0000
    vertex 84.5882 0.3407 0.0000
    vertex 83.3053 0.0856 0.0000
  endloop
endfacet
facet normal 0.000000 0.000000 -1.000000
  outer loop
    vertex 82.1436 8.9094 0.0000
    vertex 82.2847 8.9375 0.0000
    vertex 84.5882 0.3407 0.0000
  endloop
endfacet
facet normal 0.000000 0.000000 1.000000
  outer loop
    vertex 82.1436 8.9094 9.0000
    vertex 83.3053 0.0856 9.0000
    vertex 84.5882 0.3407 9.0000
  endloop
endfacet
facet normal -0.000000 0.000000 1.000000
  outer loop
    vertex 82.1436 8.9094 9.0000
    vertex 84.5882 0.3407 9.0000
    vertex 82.2847 8.9375 9.0000
  endloop
endfacet
facet normal 0.195090 -0.980785 0.000000
  outer loop
    vertex 83.3053 0.0856 0.0000
    vertex 84.5882 0.3407 0.0000
    vertex 84.5882 0.3407 9.0000
  endloop
endfacet
facet normal 0.195090 -0.980785 0.000000
  outer loop
    vertex 83.3053 0.0856 0.0000
    vertex 84.5882 0.3407 9.0000
    vertex 83.3053 0.0856 9.0000
  endloop
endfacet
facet normal -0.195090 0.980785 0.000000
  outer loop
    vertex 82.1436 8.9094 0.0000
    vertex 82.2847 8.9375 9.0000
    vertex 82.2847 8.9375 0.0000
  endloop
endfacet
facet normal -0.195090 0.980785 0.000000
  outer loop
    vertex 82.1436 8.9094 0.0000
    vertex 82.1436 8.9094 9.0000
    vertex 82.2847 8.9375 9.0000
  endloop
endfacet
facet normal 0.000000 0.000000 -1.000000
  outer loop
    vertex 82.2847 8.9375 0.0000
    vertex 85.8268 0.7612 0.0000
    vertex 84.5882 0.3407 0.0000
  endloop
endfacet
facet normal 0.000000 0.000000 -1.000000
  outer loop
    vertex 82.2847 8.9375 0.0000
    vertex 82.4210 8.9837 0.0000
    vertex 85.8268 0.7612 0.0000
  endloop
endfacet
facet normal 0.000000 0.000000 1.000000
  outer loop
    vertex 82.2847 8.9375 9.0000
    vertex 84.5882 0.3407 9.0000
    vertex 85.8268 0.7612 9.0000
  endloop
endfacet
facet normal -0.000000 0.000000 1.000000
  outer loop
    vertex 82.2847 8.9375 9.0000
    vertex 85.8268 0.7612 9.0000
    vertex 82.4210 8.9837 9.0000
  endloop
endfacet
facet normal 0.321439 -0.946930 0.000000
  outer loop
    vertex 84.5882 0.3407 0.0000
    vertex 85.8268 0.7612 0.0000
    vertex 85.8268 0.7612 9.0000
  endloop
endfacet
facet normal 0.321439 -0.946930 0.000000
  outer loop
    vertex 84.5882 0.3407 0.0000
    vertex 85.8268 0.7612 9.0000
    vertex 84.5882 0.3407 9.0000
  endloop
endfacet
facet normal -0.321439 0.946930 0.000000
  outer loop
    vertex 82.2847 8.9375 0.0000
    vertex 82.4210 8.9837 9.0000
    vertex 82.4210 8.9837 0.0000
  endloop
endfacet
facet normal -0.321439 0.946930 0.000000
  outer loop
    vertex 82.2847 8.9375 0.0000
    vertex 82.2847 8.9375 9.0000
    vertex 82.4210 8.9837 9.0000
  endloop
endfacet
facet normal 0.000000 0.000000 -1.000000
  outer loop
    vertex 82.4210 8.9837 0.0000
    vertex 87.0000 1.3397 0.0000
    vertex 85.8268 0.7612 0.0000
  endloop
endfacet
facet normal 0.000000 0.000000 -1.000000
  outer loop
    vertex 82.4210 8.9837 0.0000
    vertex 82.5500 9.0474 0.0000
    vertex 87.0000 1.3397 0.0000
  endloop
endfacet
facet normal 0.000000 0.000000 1.000000
  outer loop
    vertex 82.4210 8.9837 9.0000
    vertex 85.8268 0.7612 9.0000
    vertex 87.0000 1.3397 9.0000
  endloop
endfacet
facet normal -0.000000 0.000000 1.000000
  outer loop
    vertex 82.4210 8.9837 9.0000
    vertex 87.0000 1.3397 9.0000
    vertex 82.5500 9.0474 9.0000
  endloop
endfacet
facet normal 0.442289 -0.896873 0.000000
  outer loop
    vertex 85.8268 0.7612 0.0000
    vertex 87.0000 1.3397 0.0000
    vertex 87.0000 1.3397 9.0000
  endloop
endfacet
facet normal 0.442289 -0.896873 0.000000
  outer loop
    vertex 85.8268 0.7612 0.0000
    vertex 87.0000 1.3397 9.0000
    vertex 85.8268 0.7612 9.0000
  endloop
endfacet
facet normal -0.442289 0.896873 0.000000
  outer loop
    vertex 82.4210 8.9837 0.0000
    vertex 82.5500 9.0474 9.0000
    vertex 82.5500 9.0474 0.0000
  endloop
endfacet
facet normal -0.442289 0.896873 0.000000
  outer loop
    vertex 82.4210 8.9837 0.0000
    vertex 82.4210 8.9837 9.0000
    vertex 82.5500 9.0474 9.0000
  endloop
endfacet
facet normal 0.000000 0.000000 -1.000000
  outer loop
    vertex 82.5500 9.0474 0.0000
    vertex 88.0876 2.0665 0.0000
    vertex 87.0000 1.3397 0.0000
  endloop
endfacet
facet normal 0.000000 0.000000 -1.000000
  outer loop
    vertex 82.5500 9.0474 0.0000
    vertex 82.6696 9.1273 0.0000
    vertex 88.0876 2.0665 0.0000
  endloop
endfacet
facet normal 0.000000 0.000000 1.000000
  outer loop
    vertex 82.5500 9.0474 9.0000
    vertex 87.0000 1.3397 9.0000
    vertex 88.0876 2.0665 9.0000
  endloop
endfacet
facet normal -0.000000 0.000000 1.000000
  outer loop
    vertex 82.5500 9.0474 9.0000
    vertex 88.0876 2.0665 9.0000
    vertex 82.6696 9.1273 9.0000
  endloop
endfacet
facet normal 0.555570 -0.831470 0.000000
  outer loop
    vertex 87.0000 1.3397 0.0000
    vertex 88.0876 2.0665 0.0000
    vertex 88.0876 2.0665 9.0000
  endloop
endfacet
facet normal 0.555570 -0.831470 0.000000
  outer loop
    vertex 87.0000 1.3397 0.0000
    vertex 88.0876 2.0665 9.0000
    vertex 87.0000 1.3397 9.0000
  endloop
endfacet
facet normal -0.555570 0.831470 0.000000
  outer loop
    vertex 82.5500 9.0474 0.0000
    vertex 82.6696 9.1273 9.0000
    vertex 82.6696 9.1273 0.0000
  endloop
endfacet
facet normal -0.555570 0.831470 0.000000
  outer loop
    vertex 82.5500 9.0474 0.0000
    vertex 82.5500 9.0474 9.0000
    vertex 82.6696 9.1273 9.0000
  endloop
endfacet
facet normal 0.000000 0.000000 -1.000000
  outer loop
    vertex 82.6696 9.1273 0.0000
    vertex 89.0711 2.9289 0.0000
    vertex 88.0876 2.0665 0.0000
  endloop
endfacet
facet normal 0.000000 0.000000 -1.000000
  outer loop
    vertex 82.6696 9.1273 0.0000
    vertex 82.7778 9.2222 0.0000
    vertex 89.0711 2.9289 0.0000
  endloop
endfacet
facet normal 0.000000 0.000000 1.000000
  outer loop
    vertex 82.6696 9.1273 9.0000
    vertex 88.0876 2.0665 9.0000
    vertex 89.0711 2.9289 9.0000
  endloop
endfacet
facet normal -0.000000 0.000000 1.000000
  outer loop
    vertex 82.6696 9.1273 9.0000
    vertex 89.0711 2.9289 9.0000
    vertex 82.7778 9.2222 9.0000
  endloop
endfacet
facet normal 0.659346 -0.751840 0.000000
  outer loop
    vertex 88.0876 2.0665 0.0000
    vertex 89.0711 2.9289 0.0000
    vertex 89.0711 2.9289 9.0000
  endloop
endfacet
facet normal 0.659346 -0.751840 0.000000
  outer loop
    vertex 88.0876 2.0665 0.0000
    vertex 89.0711 2.9289 9.0000
    vertex 88.0876 2.0665 9.0000
  endloop
endfacet
facet normal -0.659346 0.751840 0.000000
  outer loop
    vertex 82.6696 9.1273 0.0000
    vertex 82.7778 9.2222 9.0000
    vertex 82.7778 9.2222 0.0000
  endloop
endfacet
facet normal -0.659346 0.751840 0.000000
  outer loop
    vertex 82.6696 9.1273 0.0000
    vertex 82.6696 9.1273 9.0000
    vertex 82.7778 9.2222 9.0000
  endloop
endfacet
facet normal 0.000000 0.000000 -1.000000
  outer loop
    vertex 82.7778 9.2222 0.0000
    vertex 89.9335 3.9124 0.0000
    vertex 89.0711 2.9289 0.0000
  endloop
endfacet
facet normal 0.000000 0.000000 -1.000000
  outer loop
    vertex 82.7778 9.2222 0.0000
    vertex 82.8727 9.3304 0.0000
    vertex 89.9335 3.9124 0.0000
  endloop
endfacet
facet normal 0.000000 0.000000 1.000000
  outer loop
    vertex 82.7778 9.2222 9.0000
    vertex 89.0711 2.9289 9.0000
    vertex 89.9335 3.9124 9.0000
  endloop
endfacet
facet normal -0.000000 0.000000 1.000000
  outer loop
    vertex 82.7778 9.2222 9.0000
    vertex 89.9335 3.9124 9.0000
    vertex 82.8727 9.3304 9.0000
  endloop
endfacet
facet normal 0.751840 -0.659346 0.000000
  outer loop
    vertex 89.0711 2.9289 0.0000
    vertex 89.9335 3.9124 0.0000
    vertex 89.9335 3.9124 9.0000
  endloop
endfacet
facet normal 0.751840 -0.659346 0.000000
  outer loop
    vertex 89.0711 2.9289 0.0000
    vertex 89.9335 3.9124 9.0000
    vertex 89.0711 2.9289 9.0000
  endloop
endfacet
facet normal -0.751840 0.659346 0.000000
  outer loop
    vertex 82.7778 9.2222 0.0000
    vertex 82.8727 9.3304 9.0000
    vertex 82.8727 9.3304 0.0000
  endloop
endfacet
facet normal -0.751840 0.659346 0.000000
  outer loop
    vertex 82.7778 9.2222 0.0000
    vertex 82.7778 9.2222 9.0000
    vertex 82.8727 9.3304 9.0000
  endloop
endfacet
facet normal 0.000000 0.000000 -1.000000
  outer loop
    vertex 82.8727 9.3304 0.0000
    vertex 90.6603 5.0000 0.0000
    vertex 89.9335 3.9124 0.0000
  endloop
endfacet
facet normal 0.000000 0.000000 -1.000000
  outer loop
    vertex 82.8727 9.3304 0.0000
    vertex 82.9526 9.4500 0.0000
    vertex 90.6603 5.0000 0.0000
  endloop
endfacet
facet normal 0.000000 0.000000 1.000000
  outer loop
    vertex 82.8727 9.3304 9.0000
    vertex 89.9335 3.9124 9.0000
    vertex 90.6603 5.0000 9.0000
  endloop
endfacet
facet normal -0.000000 0.000000 1.000000
  outer loop
    vertex 82.8727 9.3304 9.0000
    vertex 90.6603 5.0000 9.0000
    vertex 82.9526 9.4500 9.0000
  endloop
endfacet
facet normal 0.831470 -0.555570 0.000000
  outer loop
    vertex 89.9335 3.9124 0.0000
    vertex 90.6603 5.0000 0.0000
    vertex 90.6603 5.0000 9.0000
  endloop
endfacet
facet normal 0.831470 -0.555570 0.000000
  outer loop
    vertex 89.9335 3.9124 0.0000
    vertex 90.6603 5.0000 9.0000
    vertex 89.9335 3.9124 9.0000
  endloop
endfacet
facet normal -0.831470 0.555570 0.000000
  outer loop
    vertex 82.8727 9.3304 0.0000
    vertex 82.9526 9.4500 9.0000
    vertex 82.9526 9.4500 0.0000
  endloop
endfacet
facet normal -0.831470 0.555570 0.000000
  outer loop
    vertex 82.8727 9.3304 0.0000
    vertex 82.8727 9.3304 9.0000
    vertex 82.9526 9.4500 9.0000
  endloop
endfacet
facet normal 0.000000 0.000000 -1.000000
  outer loop
    vertex 82.9526 9.4500 0.0000
    vertex 91.2388 6.1732 0.0000
    vertex 90.6603 5.0000 0.0000
  endloop
endfacet
facet normal 0.000000 0.000000 -1.000000
  outer loop
    vertex 82.9526 9.4500 0.0000
    vertex 83.0163 9.5790 0.0000
    vertex 91.2388 6.1732 0.0000
  endloop
endfacet
facet normal 0.000000 0.000000 1.000000
  outer loop
    vertex 82.9526 9.4500 9.0000
    vertex 90.6603 5.0000 9.0000
    vertex 91.2388 6.1732 9.0000
  endloop
endfacet
facet normal -0.000000 0.000000 1.000000
  outer loop
    vertex 82.9526 9.4500 9.0000
    vertex 91.2388 6.1732 9.0000
    vertex 83.0163 9.5790 9.0000
  endloop
endfacet
facet normal 0.896873 -0.442289 0.000000
  outer loop
    vertex 90.6603 5.0000 0.0000
    vertex 91.2388 6.1732 0.0000
    vertex 91.2388 6.1732 9.0000
  endloop
endfacet
facet normal 0.896873 -0.442289 0.000000
  outer loop
    vertex 90.6603 5.0000 0.0000
    vertex 91.2388 6.1732 9.0000
    vertex 90.6603 5.0000 9.0000
  endloop
endfacet
facet normal -0.896873 0.442289 0.000000
  outer loop
    vertex 82.9526 9.4500 0.0000
    vertex 83.0163 9.5790 9.0000
    vertex 83.0163 9.5790 0.0000
  endloop
endfacet
facet normal -0.896873 0.442289 0.000000
  outer loop
    vertex 82.9526 9.4500 0.0000
    vertex 82.9526 9.4500 9.0000
    vertex 83.0163 9.5790 9.0000
  endloop
endfacet
facet normal 0.000000 0.000000 -1.000000
  outer loop
    vertex 83.0163 9.5790 0.0000
    vertex 91.6593 7.4118 0.0000
    vertex 91.2388 6.1732 0.0000
  endloop
endfacet
facet normal 0.000000 0.000000 -1.000000
  outer loop
    vertex 83.0163 9.5790 0.0000
    vertex 83.0625 9.7153 0.0000
    vertex 91.6593 7.4118 0.0000
  endloop
endfacet
facet normal 0.000000 0.000000 1.000000
  outer loop
    vertex 83.0163 9.5790 9.0000
    vertex 91.2388 6.1732 9.0000
    vertex 91.6593 7.4118 9.0000
  endloop
endfacet
facet normal -0.000000 0.000000 1.000000
  outer loop
    vertex 83.0163 9.5790 9.0000
    vertex 91.6593 7.4118 9.0000
    vertex 83.0625 9.7153 9.0000
  endloop
endfacet
facet normal 0.946930 -0.321439 0.000000
  outer loop
    vertex 91.2388 6.1732 0.0000
    vertex 91.6593 7.4118 0.0000
    vertex 91.6593 7.4118 9.0000
  endloop
endfacet
facet normal 0.946930 -0.321439 0.000000
  outer loop
    vertex 91.2388 6.1732 0.0000
    vertex 91.6593 7.4118 9.0000
    vertex 91.2388 6.1732 9.0000
  endloop
endfacet
facet normal -0.946930 0.321439 0.000000
  outer loop
    vertex 83.0163 9.5790 0.0000
    vertex 83.0625 9.7153 9.0000
    vertex 83.0625 9.7153 0.0000
  endloop
endfacet
facet normal -0.946930 0.321439 0.000000
  outer loop
    vertex 83.0163 9.5790 0.0000
    vertex 83.0163 9.5790 9.0000
    vertex 83.0625 9.7153 9.0000
  endloop
endfacet
facet normal 0.000000 0.000000 -1.000000
  outer loop
    vertex 83.0625 9.7153 0.0000
    vertex 91.9144 8.6947 0.0000
    vertex 91.6593 7.4118 0.0000
  endloop
endfacet
facet normal 0.000000 0.000000 -1.000000
  outer loop
    vertex 83.0625 9.7153 0.0000
    vertex 83.0906 9.8564 0.0000
    vertex 91.9144 8.6947 0.0000
  endloop
endfacet
facet normal 0.000000 0.000000 1.000000
  outer loop
    vertex 83.0625 9.7153 9.0000
    vertex 91.6593 7.4118 9.0000
    vertex 91.9144 8.6947 9.0000
  endloop
endfacet
facet normal -0.000000 0.000000 1.000000
  outer loop
    vertex 83.0625 9.7153 9.0000
    vertex 91.9144 8.6947 9.0000
    vertex 83.0906 9.8564 9.0000
  endloop
endfacet
facet normal 0.980785 -0.195090 0.000000
  outer loop
    vertex 91.6593 7.4118 0.0000
    vertex 91.9144 8.6947 0.0000
    vertex 91.9144 8.6947 9.0000
  endloop
endfacet
facet normal 0.980785 -0.195090 0.000000
  outer loop
    vertex 91.6593 7.4118 0.0000
    vertex 91.9144 8.6947 9.0000
    vertex 91.6593 7.4118 9.0000
  endloop
endfacet
facet normal -0.980785 0.195090 0.000000
  outer loop
    vertex 83.0625 9.7153 0.0000
    vertex 83.0906 9.8564 9.0000
    vertex 83.0906 9.8564 0.0000
  endloop
endfacet
facet normal -0.980785 0.195090 0.000000
  outer loop
    vertex 83.0625 9.7153 0.0000
    vertex 83.0625 9.7153 9.0000
    vertex 83.0906 9.8564 9.0000
  endloop
endfacet
facet normal 0.000000 0.000000 -1.000000
  outer loop
    vertex 83.0906 9.8564 0.0000
    vertex 92.0000 10.0000 0.0000
    vertex 91.9144 8.6947 0.0000
  endloop
endfacet
facet normal 0.000000 0.000000 -1.000000
  outer loop
    vertex 83.0906 9.8564 0.0000
    vertex 83.1000 10.0000 0.0000
    vertex 92.0000 10.0000 0.0000
  endloop
endfacet
facet normal -0.000000 0.000000 1.000000
  outer loop
    vertex 83.0906 9.8564 9.0000
    vertex 91.9144 8.6947 9.0000
    vertex 92.0000 10.0000 9.0000
  endloop
endfacet
facet normal 0.000000 0.000000 1.000000
  outer loop
    vertex 83.0906 9.8564 9.0000
    vertex 92.0000 10.0000 9.0000
    vertex 83.1000 10.0000 9.0000
  endloop
endfacet
facet normal 0.997859 -0.065403 0.000000
  outer loop
    vertex 91.9144 8.6947 0.0000
    vertex 92.0000 10.0000 0.0000
    vertex 92.0000 10.0000 9.0000
  endloop
endfacet
facet normal 0.997859 -0.065403 0.000000
  outer loop
    vertex 91.9144 8.6947 0.0000
    vertex 92.0000 10.0000 9.0000
    vertex 91.9144 8.6947 9.0000
  endloop
endfacet
facet normal -0.997859 0.065403 0.000000
  outer loop
    vertex 83.0906 9.8564 0.0000
    vertex 83.1000 10.0000 9.0000
    vertex 83.1000 10.0000 0.0000
  endloop
endfacet
facet normal -0.997859 0.065403 0.000000
  outer loop
    vertex 83.0906 9.8564 0.0000
    vertex 83.0906 9.8564 9.0000
    vertex 83.1000 10.0000 9.0000
  endloop
endfacet
facet normal 0.000000 0.000000 -1.000000
  outer loop
    vertex 107.1500 10.0000 0.0000
    vertex 115.9144 11.3053 0.0000
    vertex 116.0000 10.0000 0.0000
  endloop
endfacet
facet normal 0.000000 0.000000 -1.000000
  outer loop
    vertex 107.1500 10.0000 0.0000
    vertex 107.1402 10.1501 0.0000
    vertex 115.9144 11.3053 0.0000
  endloop
endfacet
facet normal 0.000000 0.000000 1.000000
  outer loop
    vertex 107.1500 10.0000 10.0000
    vertex 116.0000 10.0000 10.0000
    vertex 115.9144 11.3053 10.0000
  endloop
endfacet
facet normal 0.000000 -0.000000 1.000000
  outer loop
    vertex 107.1500 10.0000 10.0000
    vertex 115.9144 11.3053 10.0000
    vertex 107.1402 10.1501 10.0000
  endloop
endfacet
facet normal 0.997859 0.065403 0.000000
  outer loop
    vertex 116.0000 10.0000 0.0000
    vertex 115.9144 11.3053 0.0000
    vertex 115.9144 11.3053 10.0000
  endloop
endfacet
facet normal 0.997859 0.065403 -0.000000
  outer loop
    vertex 116.0000 10.0000 0.0000
    vertex 115.9144 11.3053 10.0000
    vertex 116.0000 10.0000 10.0000
  endloop
endfacet
facet normal -0.997859 -0.065403 0.000000
  outer loop
    vertex 107.1500 10.0000 0.0000
    vertex 107.1402 10.1501 10.0000
    vertex 107.1402 10.1501 0.0000
  endloop
endfacet
facet normal -0.997859 -0.065403 0.000000
  outer loop
    vertex 107.1500 10.0000 0.0000
    vertex 107.1500 10.0000 10.0000
    vertex 107.1402 10.1501 10.0000
  endloop
endfacet
facet normal 0.000000 0.000000 -1.000000
  outer loop
    vertex 107.1402 10.1501 0.0000
    vertex 115.6593 12.5882 0.0000
    vertex 115.9144 11.3053 0.0000
  endloop
endfacet
facet normal 0.000000 0.000000 -1.000000
  outer loop
    vertex 107.1402 10.1501 0.0000
    vertex 107.1108 10.2976 0.0000
    vertex 115.6593 12.5882 0.0000
  endloop
endfacet
facet normal 0.000000 0.000000 1.000000
  outer loop
    vertex 107.1402 10.1501 10.0000
    vertex 115.9144 11.3053 10.0000
    vertex 115.6593 12.5882 10.0000
  endloop
endfacet
facet normal 0.000000 -0.000000 1.000000
  outer loop
    vertex 107.1402 10.1501 10.0000
    vertex 115.6593 12.5882 10.0000
    vertex 107.1108 10.2976 10.0000
  endloop
endfacet
facet normal 0.980785 0.195090 0.000000
  outer loop
    vertex 115.9144 11.3053 0.0000
    vertex 115.6593 12.5882 0.0000
    vertex 115.6593 12.5882 10.0000
  endloop
endfacet
facet normal 0.980785 0.195090 -0.000000
  outer loop
    vertex 115.9144 11.3053 0.0000
    vertex 115.6593 12.5882 10.0000
    vertex 115.9144 11.3053 10.0000
  endloop
endfacet
facet normal -0.980785 -0.195090 0.000000
  outer loop
    vertex 107.1402 10.1501 0.0000
    vertex 107.1108 10.2976 10.0000
    vertex 107.1108 10.2976 0.0000
  endloop
endfacet
facet normal -0.980785 -0.195090 0.000000
  outer loop
    vertex 107.1402 10.1501 0.0000
    vertex 107.1402 10.1501 10.0000
    vertex 107.1108 10.2976 10.0000
  endloop
endfacet
facet normal 0.000000 0.000000 -1.000000
  outer loop
    vertex 107.1108 10.2976 0.0000
    vertex 115.2388 13.8268 0.0000
    vertex 115.6593 12.5882 0.0000
  endloop
endfacet
facet normal 0.000000 0.000000 -1.000000
  outer loop
    vertex 107.1108 10.2976 0.0000
    vertex 107.0625 10.4401 0.0000
    vertex 115.2388 13.8268 0.0000
  endloop
endfacet
facet normal 0.000000 0.000000 1.000000
  outer loop
    vertex 107.1108 10.2976 10.0000
    vertex 115.6593 12.5882 10.0000
    vertex 115.2388 13.8268 10.0000
  endloop
endfacet
facet normal 0.000000 -0.000000 1.000000
  outer loop
    vertex 107.1108 10.2976 10.0000
    vertex 115.2388 13.8268 10.0000
    vertex 107.0625 10.4401 10.0000
  endloop
endfacet
facet normal 0.946930 0.321439 0.000000
  outer loop
    vertex 115.6593 12.5882 0.0000
    vertex 115.2388 13.8268 0.0000
    vertex 115.2388 13.8268 10.0000
  endloop
endfacet
facet normal 0.946930 0.321439 -0.000000
  outer loop
    vertex 115.6593 12.5882 0.0000
    vertex 115.2388 13.8268 10.0000
    vertex 115.6593 12.5882 10.0000
  endloop
endfacet
facet normal -0.946930 -0.321439 0.000000
  outer loop
    vertex 107.1108 10.2976 0.0000
    vertex 107.0625 10.4401 10.0000
    vertex 107.0625 10.4401 0.0000
  endloop
endfacet
facet normal -0.946930 -0.321439 0.000000
  outer loop
    vertex 107.1108 10.2976 0.0000
    vertex 107.1108 10.2976 10.0000
    vertex 107.0625 10.4401 10.0000
  endloop
endfacet
facet normal 0.000000 0.000000 -1.000000
  outer loop
    vertex 107.0625 10.4401 0.0000
    vertex 114.6603 15.0000 0.0000
    vertex 115.2388 13.8268 0.0000
  endloop
endfacet
facet normal 0.000000 0.000000 -1.000000
  outer loop
    vertex 107.0625 10.4401 0.0000
    vertex 106.9959 10.5750 0.0000
    vertex 114.6603 15.0000 0.0000
  endloop
endfacet
facet normal 0.000000 0.000000 1.000000
  outer loop
    vertex 107.0625 10.4401 10.0000
    vertex 115.2388 13.8268 10.0000
    vertex 114.6603 15.0000 10.0000
  endloop
endfacet
facet normal 0.000000 -0.000000 1.000000
  outer loop
    vertex 107.0625 10.4401 10.0000
    vertex 114.6603 15.0000 10.0000
    vertex 106.9959 10.5750 10.0000
  endloop
endfacet
facet normal 0.896873 0.442289 0.000000
  outer loop
    vertex 115.2388 13.8268 0.0000
    vertex 114.6603 15.0000 0.0000
    vertex 114.6603 15.0000 10.0000
  endloop
endfacet
facet normal 0.896873 0.442289 -0.000000
  outer loop
    vertex 115.2388 13.8268 0.0000
    vertex 114.6603 15.0000 10.0000
    vertex 115.2388 13.8268 10.0000
  endloop
endfacet
facet normal -0.896873 -0.442289 0.000000
  outer loop
    vertex 107.0625 10.4401 0.0000
    vertex 106.9959 10.5750 10.0000
    vertex 106.9959 10.5750 0.0000
  endloop
endfacet
facet normal -0.896873 -0.442289 0.000000
  outer loop
    vertex 107.0625 10.4401 0.0000
    vertex 107.0625 10.4401 10.0000
    vertex 106.9959 10.5750 10.0000
  endloop
endfacet
facet normal 0.000000 0.000000 -1.000000
  outer loop
    vertex 106.9959 10.5750 0.0000
    vertex 113.9335 16.0876 0.0000
    vertex 114.6603 15.0000 0.0000
  endloop
endfacet
facet normal 0.000000 0.000000 -1.000000
  outer loop
    vertex 106.9959 10.5750 0.0000
    vertex 106.9124 10.7001 0.0000
    vertex 113.9335 16.0876 0.0000
  endloop
endfacet
facet normal 0.000000 0.000000 1.000000
  outer loop
    vertex 106.9959 10.5750 10.0000
    vertex 114.6603 15.0000 10.0000
    vertex 113.9335 16.0876 10.0000
  endloop
endfacet
facet normal 0.000000 -0.000000 1.000000
  outer loop
    vertex 106.9959 10.5750 10.0000
    vertex 113.9335 16.0876 10.0000
    vertex 106.9124 10.7001 10.0000
  endloop
endfacet
facet normal 0.831470 0.555570 0.000000
  outer loop
    vertex 114.6603 15.0000 0.0000
    vertex 113.9335 16.0876 0.0000
    vertex 113.9335 16.0876 10.0000
  endloop
endfacet
facet normal 0.831470 0.555570 -0.000000
  outer loop
    vertex 114.6603 15.0000 0.0000
    vertex 113.9335 16.0876 10.0000
    vertex 114.6603 15.0000 10.0000
  endloop
endfacet
facet normal -0.831470 -0.555570 0.000000
  outer loop
    vertex 106.9959 10.5750 0.0000
    vertex 106.9124 10.7001 10.0000
    vertex 106.9124 10.7001 0.0000
  endloop
endfacet
facet normal -0.831470 -0.555570 0.000000
  outer loop
    vertex 106.9959 10.5750 0.0000
    vertex 106.9959 10.5750 10.0000
    vertex 106.9124 10.7001 10.0000
  endloop
endfacet
facet normal 0.000000 0.000000 -1.000000
  outer loop
    vertex 106.9124 10.7001 0.0000
    vertex 113.0711 17.0711 0.0000
    vertex 113.9335 16.0876 0.0000
  endloop
endfacet
facet normal 0.000000 0.000000 -1.000000
  outer loop
    vertex 106.9124 10.7001 0.0000
    vertex 106.8132 10.8132 0.0000
    vertex 113.0711 17.0711 0.0000
  endloop
endfacet
facet normal 0.000000 0.000000 1.000000
  outer loop
    vertex 106.9124 10.7001 10.0000
    vertex 113.9335 16.0876 10.0000
    vertex 113.0711 17.0711 10.0000
  endloop
endfacet
facet normal 0.000000 -0.000000 1.000000
  outer loop
    vertex 106.9124 10.7001 10.0000
    vertex 113.0711 17.0711 10.0000
    vertex 106.8132 10.8132 10.0000
  endloop
endfacet
facet normal 0.751840 0.659346 0.000000
  outer loop
    vertex 113.9335 16.0876 0.0000
    vertex 113.0711 17.0711 0.0000
    vertex 113.0711 17.0711 10.0000
  endloop
endfacet
facet normal 0.751840 0.659346 -0.000000
  outer loop
    vertex 113.9335 16.0876 0.0000
    vertex 113.0711 17.0711 10.0000
    vertex 113.9335 16.0876 10.0000
  endloop
endfacet
facet normal -0.751840 -0.659346 0.000000
  outer loop
    vertex 106.9124 10.7001 0.0000
    vertex 106.8132 10.8132 10.0000
    vertex 106.8132 10.8132 0.0000
  endloop
endfacet
facet normal -0.751840 -0.659346 0.000000
  outer loop
    vertex 106.9124 10.7001 0.0000
    vertex 106.9124 10.7001 10.0000
    vertex 106.8132 10.8132 10.0000
  endloop
endfacet
facet normal 0.000000 0.000000 -1.000000
  outer loop
    vertex 106.8132 10.8132 0.0000
    vertex 112.0876 17.9335 0.0000
    vertex 113.0711 17.0711 0.0000
  endloop
endfacet
facet normal 0.000000 0.000000 -1.000000
  outer loop
    vertex 106.8132 10.8132 0.0000
    vertex 106.7001 10.9124 0.0000
    vertex 112.0876 17.9335 0.0000
  endloop
endfacet
facet normal 0.000000 0.000000 1.000000
  outer loop
    vertex 106.8132 10.8132 10.0000
    vertex 113.0711 17.0711 10.0000
    vertex 112.0876 17.9335 10.0000
  endloop
endfacet
facet normal 0.000000 -0.000000 1.000000
  outer loop
    vertex 106.8132 10.8132 10.0000
    vertex 112.0876 17.9335 10.0000
    vertex 106.7001 10.9124 10.0000
  endloop
endfacet
facet normal 0.659346 0.751840 0.000000
  outer loop
    vertex 113.0711 17.0711 0.0000
    vertex 112.0876 17.9335 0.0000
    vertex 112.0876 17.9335 10.0000
  endloop
endfacet
facet normal 0.659346 0.751840 -0.000000
  outer loop
    vertex 113.0711 17.0711 0.0000
    vertex 112.0876 17.9335 10.0000
    vertex 113.0711 17.0711 10.0000
  endloop
endfacet
facet normal -0.659346 -0.751840 0.000000
  outer loop
    vertex 106.8132 10.8132 0.0000
    vertex 106.7001 10.9124 10.0000
    vertex 106.7001 10.9124 0.0000
  endloop
endfacet
facet normal -0.659346 -0.751840 0.000000
  outer loop
    vertex 106.8132 10.8132 0.0000
    vertex 106.8132 10.8132 10.0000
    vertex 106.7001 10.9124 10.0000
  endloop
endfacet
facet normal 0.000000 0.000000 -1.000000
  outer loop
    vertex 106.7001 10.9124 0.0000
    vertex 111.0000 18.6603 0.0000
    vertex 112.0876 17.9335 0.0000
  endloop
endfacet
facet normal 0.000000 0.000000 -1.000000
  outer loop
    vertex 106.7001 10.9124 0.0000
    vertex 106.5750 10.9959 0.0000
    vertex 111.0000 18.6603 0.0000
  endloop
endfacet
facet normal 0.000000 0.000000 1.000000
  outer loop
    vertex 106.7001 10.9124 10.0000
    vertex 112.0876 17.9335 10.0000
    vertex 111.0000 18.6603 10.0000
  endloop
endfacet
facet normal 0.000000 -0.000000 1.000000
  outer loop
    vertex 106.7001 10.9124 10.0000
    vertex 111.0000 18.6603 10.0000
    vertex 106.5750 10.9959 10.0000
  endloop
endfacet
facet normal 0.555570 0.831470 0.000000
  outer loop
    vertex 112.0876 17.9335 0.0000
    vertex 111.0000 18.6603 0.0000
    vertex 111.0000 18.6603 10.0000
  endloop
endfacet
facet normal 0.555570 0.831470 -0.000000
  outer loop
    vertex 112.0876 17.9335 0.0000
    vertex 111.0000 18.6603 10.0000
    vertex 112.0876 17.9335 10.0000
  endloop
endfacet
facet normal -0.555570 -0.831470 0.000000
  outer loop
    vertex 106.7001 10.9124 0.0000
    vertex 106.5750 10.9959 10.0000
    vertex 106.5750 10.9959 0.0000
  endloop
endfacet
facet normal -0.555570 -0.831470 0.000000
  outer loop
    vertex 106.7001 10.9124 0.0000
    vertex 106.7001 10.9124 10.0000
    vertex 106.5750 10.9959 10.0000
  endloop
endfacet
facet normal 0.000000 0.000000 -1.000000
  outer loop
    vertex 106.5750 10.9959 0.0000
    vertex 109.8268 19.2388 0.0000
    vertex 111.0000 18.6603 0.0000
  endloop
endfacet
facet normal 0.000000 0.000000 -1.000000
  outer loop
    vertex 106.5750 10.9959 0.0000
    vertex 106.4401 11.0625 0.0000
    vertex 109.8268 19.2388 0.0000
  endloop
endfacet
facet normal 0.000000 0.000000 1.000000
  outer loop
    vertex 106.5750 10.9959 10.0000
    vertex 111.0000 18.6603 10.0000
    vertex 109.8268 19.2388 10.0000
  endloop
endfacet
facet normal 0.000000 -0.000000 1.000000
  outer loop
    vertex 106.5750 10.9959 10.0000
    vertex 109.8268 19.2388 10.0000
    vertex 106.4401 11.0625 10.0000
  endloop
endfacet
facet normal 0.442289 0.896873 0.000000
  outer loop
    vertex 111.0000 18.6603 0.0000
    vertex 109.8268 19.2388 0.0000
    vertex 109.8268 19.2388 10.0000
  endloop
endfacet
facet normal 0.442289 0.896873 -0.000000
  outer loop
    vertex 111.0000 18.6603 0.0000
    vertex 109.8268 19.2388 10.0000
    vertex 111.0000 18.6603 10.0000
  endloop
endfacet
facet normal -0.442289 -0.896873 0.000000
  outer loop
    vertex 106.5750 10.9959 0.0000
    vertex 106.4401 11.0625 10.0000
    vertex 106.4401 11.0625 0.0000
  endloop
endfacet
facet normal -0.442289 -0.896873 0.000000
  outer loop
    vertex 106.5750 10.9959 0.0000
    vertex 106.5750 10.9959 10.0000
    vertex 106.4401 11.0625 10.0000
  endloop
endfacet
facet normal 0.000000 0.000000 -1.000000
  outer loop
    vertex 106.4401 11.0625 0.0000
    vertex 108.5882 19.6593 0.0000
    vertex 109.8268 19.2388 0.0000
  endloop
endfacet
facet normal 0.000000 0.000000 -1.000000
  outer loop
    vertex 106.4401 11.0625 0.0000
    vertex 106.2976 11.1108 0.0000
    vertex 108.5882 19.6593 0.0000
  endloop
endfacet
facet normal 0.000000 0.000000 1.000000
  outer loop
    vertex 106.4401 11.0625 10.0000
    vertex 109.8268 19.2388 10.0000
    vertex 108.5882 19.6593 10.0000
  endloop
endfacet
facet normal 0.000000 -0.000000 1.000000
  outer loop
    vertex 106.4401 11.0625 10.0000
    vertex 108.5882 19.6593 10.0000
    vertex 106.2976 11.1108 10.0000
  endloop
endfacet
facet normal 0.321439 0.946930 0.000000
  outer loop
    vertex 109.8268 19.2388 0.0000
    vertex 108.5882 19.6593 0.0000
    vertex 108.5882 19.6593 10.0000
  endloop
endfacet
facet normal 0.321439 0.946930 -0.000000
  outer loop
    vertex 109.8268 19.2388 0.0000
    vertex 108.5882 19.6593 10.0000
    vertex 109.8268 19.2388 10.0000
  endloop
endfacet
facet normal -0.321439 -0.946930 0.000000
  outer loop
    vertex 106.4401 11.0625 0.0000
    vertex 106.2976 11.1108 10.0000
    vertex 106.2976 11.1108 0.0000
  endloop
endfacet
facet normal -0.321439 -0.946930 0.000000
  outer loop
    vertex 106.4401 11.0625 0.0000
    vertex 106.4401 11.0625 10.0000
    vertex 106.2976 11.1108 10.0000
  endloop
endfacet
facet normal 0.000000 0.000000 -1.000000
  outer loop
    vertex 106.2976 11.1108 0.0000
    vertex 107.3053 19.9144 0.0000
    vertex 108.5882 19.6593 0.0000
  endloop
endfacet
facet normal 0.000000 0.000000 -1.000000
  outer loop
    vertex 106.2976 11.1108 0.0000
    vertex 106.1501 11.1402 0.0000
    vertex 107.3053 19.9144 0.0000
  endloop
endfacet
facet normal 0.000000 0.000000 1.000000
  outer loop
    vertex 106.2976 11.1108 10.0000
    vertex 108.5882 19.6593 10.0000
    vertex 107.3053 19.9144 10.0000
  endloop
endfacet
facet normal 0.000000 -0.000000 1.000000
  outer loop
    vertex 106.2976 11.1108 10.0000
    vertex 107.3053 19.9144 10.0000
    vertex 106.1501 11.1402 10.0000
  endloop
endfacet
facet normal 0.195090 0.980785 0.000000
  outer loop
    vertex 108.5882 19.6593 0.0000
    vertex 107.3053 19.9144 0.0000
    vertex 107.3053 19.9144 10.0000
  endloop
endfacet
facet normal 0.195090 0.980785 -0.000000
  outer loop
    vertex 108.5882 19.6593 0.0000
    vertex 107.3053 19.9144 10.0000
    vertex 108.5882 19.6593 10.0000
  endloop
endfacet
facet normal -0.195090 -0.980785 0.000000
  outer loop
    vertex 106.2976 11.1108 0.0000
    vertex 106.1501 11.1402 10.0000
    vertex 106.1501 11.1402 0.0000
  endloop
endfacet
facet normal -0.195090 -0.980785 0.000000
  outer loop
    vertex 106.2976 11.1108 0.0000
    vertex 106.2976 11.1108 10.0000
    vertex 106.1501 11.1402 10.0000
  endloop
endfacet
facet normal 0.000000 0.000000 -1.000000
  outer loop
    vertex 106.1501 11.1402 0.0000
    vertex 106.0000 20.0000 0.0000
    vertex 107.3053 19.9144 0.0000
  endloop
endfacet
facet normal 0.000000 0.000000 -1.000000
  outer loop
    vertex 106.1501 11.1402 0.0000
    vertex 106.0000 11.1500 0.0000
    vertex 106.0000 20.0000 0.0000
  endloop
endfacet
facet normal 0.000000 -0.000000 1.000000
  outer loop
    vertex 106.1501 11.1402 10.0000
    vertex 107.3053 19.9144 10.0000
    vertex 106.0000 20.0000 10.0000
  endloop
endfacet
facet normal 0.000000 0.000000 1.000000
  outer loop
    vertex 106.1501 11.1402 10.0000
    vertex 106.0000 20.0000 10.0000
    vertex 106.0000 11.1500 10.0000
  endloop
endfacet
facet normal 0.065403 0.997859 0.000000
  outer loop
    vertex 107.3053 19.9144 0.0000
    vertex 106.0000 20.0000 0.0000
    vertex 106.0000 20.0000 10.0000
  endloop
endfacet
facet normal 0.065403 0.997859 -0.000000
  outer loop
    vertex 107.3053 19.9144 0.0000
    vertex 106.0000 20.0000 10.0000
    vertex 107.3053 19.9144 10.0000
  endloop
endfacet
facet normal -0.065403 -0.997859 0.000000
  outer loop
    vertex 106.1501 11.1402 0.0000
    vertex 106.0000 11.1500 10.0000
    vertex 106.0000 11.1500 0.0000
  endloop
endfacet
facet normal -0.065403 -0.997859 0.000000
  outer loop
    vertex 106.1501 11.1402 0.0000
    vertex 106.1501 11.1402 10.0000
    vertex 106.0000 11.1500 10.0000
  endloop
endfacet
facet normal 0.000000 0.000000 -1.000000
  outer loop
    vertex 106.0000 11.1500 0.0000
    vertex 104.6947 19.9144 0.0000
    vertex 106.0000 20.0000 0.0000
  endloop
endfacet
facet normal -0.000000 0.000000 -1.000000
  outer loop
    vertex 106.0000 11.1500 0.0000
    vertex 105.8499 11.1402 0.0000
    vertex 104.6947 19.9144 0.0000
  endloop
endfacet
facet normal 0.000000 -0.000000 1.000000
  outer loop
    vertex 106.0000 11.1500 10.0000
    vertex 106.0000 20.0000 10.0000
    vertex 104.6947 19.9144 10.0000
  endloop
endfacet
facet normal 0.000000 0.000000 1.000000
  outer loop
    vertex 106.0000 11.1500 10.0000
    vertex 104.6947 19.9144 10.0000
    vertex 105.8499 11.1402 10.0000
  endloop
endfacet
facet normal -0.065403 0.997859 0.000000
  outer loop
    vertex 106.0000 20.0000 0.0000
    vertex 104.6947 19.9144 0.0000
    vertex 104.6947 19.9144 10.0000
  endloop
endfacet
facet normal -0.065403 0.997859 0.000000
  outer loop
    vertex 106.0000 20.0000 0.0000
    vertex 104.6947 19.9144 10.0000
    vertex 106.0000 20.0000 10.0000
  endloop
endfacet
facet normal 0.065403 -0.997859 0.000000
  outer loop
    vertex 106.0000 11.1500 0.0000
    vertex 105.8499 11.1402 10.0000
    vertex 105.8499 11.1402 0.0000
  endloop
endfacet
facet normal 0.065403 -0.997859 0.000000
  outer loop
    vertex 106.0000 11.1500 0.0000
    vertex 106.0000 11.1500 10.0000
    vertex 105.8499 11.1402 10.0000
  endloop
endfacet
facet normal 0.000000 0.000000 -1.000000
  outer loop
    vertex 105.8499 11.1402 0.0000
    vertex 103.4118 19.6593 0.0000
    vertex 104.6947 19.9144 0.0000
  endloop
endfacet
facet normal -0.000000 0.000000 -1.000000
  outer loop
    vertex 105.8499 11.1402 0.0000
    vertex 105.7024 11.1108 0.0000
    vertex 103.4118 19.6593 0.0000
  endloop
endfacet
facet normal 0.000000 0.000000 1.000000
  outer loop
    vertex 105.8499 11.1402 10.0000
    vertex 104.6947 19.9144 10.0000
    vertex 103.4118 19.6593 10.0000
  endloop
endfacet
facet normal 0.000000 0.000000 1.000000
  outer loop
    vertex 105.8499 11.1402 10.0000
    vertex 103.4118 19.6593 10.0000
    vertex 105.7024 11.1108 10.0000
  endloop
endfacet
facet normal -0.195090 0.980785 0.000000
  outer loop
    vertex 104.6947 19.9144 0.0000
    vertex 103.4118 19.6593 0.0000
    vertex 103.4118 19.6593 10.0000
  endloop
endfacet
facet normal -0.195090 0.980785 0.000000
  outer loop
    vertex 104.6947 19.9144 0.0000
    vertex 103.4118 19.6593 10.0000
    vertex 104.6947 19.9144 10.0000
  endloop
endfacet
facet normal 0.195090 -0.980785 0.000000
  outer loop
    vertex 105.8499 11.1402 0.0000
    vertex 105.7024 11.1108 10.0000
    vertex 105.7024 11.1108 0.0000
  endloop
endfacet
facet normal 0.195090 -0.980785 0.000000
  outer loop
    vertex 105.8499 11.1402 0.0000
    vertex 105.8499 11.1402 10.0000
    vertex 105.7024 11.1108 10.0000
  endloop
endfacet
facet normal 0.000000 0.000000 -1.000000
  outer loop
    vertex 105.7024 11.1108 0.0000
    vertex 102.1732 19.2388 0.0000
    vertex 103.4118 19.6593 0.0000
  endloop
endfacet
facet normal -0.000000 0.000000 -1.000000
  outer loop
    vertex 105.7024 11.1108 0.0000
    vertex 105.5599 11.0625 0.0000
    vertex 102.1732 19.2388 0.0000
  endloop
endfacet
facet normal 0.000000 0.000000 1.000000
  outer loop
    vertex 105.7024 11.1108 10.0000
    vertex 103.4118 19.6593 10.0000
    vertex 102.1732 19.2388 10.0000
  endloop
endfacet
facet normal 0.000000 0.000000 1.000000
  outer loop
    vertex 105.7024 11.1108 10.0000
    vertex 102.1732 19.2388 10.0000
    vertex 105.5599 11.0625 10.0000
  endloop
endfacet
facet normal -0.321439 0.946930 0.000000
  outer loop
    vertex 103.4118 19.6593 0.0000
    vertex 102.1732 19.2388 0.0000
    vertex 102.1732 19.2388 10.0000
  endloop
endfacet
facet normal -0.321439 0.946930 0.000000
  outer loop
    vertex 103.4118 19.6593 0.0000
    vertex 102.1732 19.2388 10.0000
    vertex 103.4118 19.6593 10.0000
  endloop
endfacet
facet normal 0.321439 -0.946930 0.000000
  outer loop
    vertex 105.7024 11.1108 0.0000
    vertex 105.5599 11.0625 10.0000
    vertex 105.5599 11.0625 0.0000
  endloop
endfacet
facet normal 0.321439 -0.946930 0.000000
  outer loop
    vertex 105.7024 11.1108 0.0000
    vertex 105.7024 11.1108 10.0000
    vertex 105.5599 11.0625 10.0000
  endloop
endfacet
facet normal 0.000000 0.000000 -1.000000
  outer loop
    vertex 105.5599 11.0625 0.0000
    vertex 101.0000 18.6603 0.0000
    vertex 102.1732 19.2388 0.0000
  endloop
endfacet
facet normal -0.000000 0.000000 -1.000000
  outer loop
    vertex 105.5599 11.0625 0.0000
    vertex 105.4250 10.9959 0.0000
    vertex 101.0000 18.6603 0.0000
  endloop
endfacet
facet normal 0.000000 0.000000 1.000000
  outer loop
    vertex 105.5599 11.0625 10.0000
    vertex 102.1732 19.2388 10.0000
    vertex 101.0000 18.6603 10.0000
  endloop
endfacet
facet normal 0.000000 0.000000 1.000000
  outer loop
    vertex 105.5599 11.0625 10.0000
    vertex 101.0000 18.6603 10.0000
    vertex 105.4250 10.9959 10.0000
  endloop
endfacet
facet normal -0.442289 0.896873 0.000000
  outer loop
    vertex 102.1732 19.2388 0.0000
    vertex 101.0000 18.6603 0.0000
    vertex 101.0000 18.6603 10.0000
  endloop
endfacet
facet normal -0.442289 0.896873 0.000000
  outer loop
    vertex 102.1732 19.2388 0.0000
    vertex 101.0000 18.6603 10.0000
    vertex 102.1732 19.2388 10.0000
  endloop
endfacet
facet normal 0.442289 -0.896873 0.000000
  outer loop
    vertex 105.5599 11.0625 0.0000
    vertex 105.4250 10.9959 10.0000
    vertex 105.4250 10.9959 0.0000
  endloop
endfacet
facet normal 0.442289 -0.896873 0.000000
  outer loop
    vertex 105.5599 11.0625 0.0000
    vertex 105.5599 11.0625 10.0000
    vertex 105.4250 10.9959 10.0000
  endloop
endfacet
facet normal 0.000000 0.000000 -1.000000
  outer loop
    vertex 105.4250 10.9959 0.0000
    vertex 99.9124 17.9335 0.0000
    vertex 101.0000 18.6603 0.0000
  endloop
endfacet
facet normal -0.000000 0.000000 -1.000000
  outer loop
    vertex 105.4250 10.9959 0.0000
    vertex 105.2999 10.9124 0.0000
    vertex 99.9124 17.9335 0.0000
  endloop
endfacet
facet normal 0.000000 0.000000 1.000000
  outer loop
    vertex 105.4250 10.9959 10.0000
    vertex 101.0000 18.6603 10.0000
    vertex 99.9124 17.9335 10.0000
  endloop
endfacet
facet normal 0.000000 0.000000 1.000000
  outer loop
    vertex 105.4250 10.9959 10.0000
    vertex 99.9124 17.9335 10.0000
    vertex 105.2999 10.9124 10.0000
  endloop
endfacet
facet normal -0.555570 0.831470 0.000000
  outer loop
    vertex 101.0000 18.6603 0.0000
    vertex 99.9124 17.9335 0.0000
    vertex 99.9124 17.9335 10.0000
  endloop
endfacet
facet normal -0.555570 0.831470 0.000000
  outer loop
    vertex 101.0000 18.6603 0.0000
    vertex 99.9124 17.9335 10.0000
    vertex 101.0000 18.6603 10.0000
  endloop
endfacet
facet normal 0.555570 -0.831470 0.000000
  outer loop
    vertex 105.4250 10.9959 0.0000
    vertex 105.2999 10.9124 10.0000
    vertex 105.2999 10.9124 0.0000
  endloop
endfacet
facet normal 0.555570 -0.831470 0.000000
  outer loop
    vertex 105.4250 10.9959 0.0000
    vertex 105.4250 10.9959 10.0000
    vertex 105.2999 10.9124 10.0000
  endloop
endfacet
facet normal 0.000000 0.000000 -1.000000
  outer loop
    vertex 105.2999 10.9124 0.0000
    vertex 98.9289 17.0711 0.0000
    vertex 99.9124 17.9335 0.0000
  endloop
endfacet
facet normal -0.000000 0.000000 -1.000000
  outer loop
    vertex 105.2999 10.9124 0.0000
    vertex 105.1868 10.8132 0.0000
    vertex 98.9289 17.0711 0.0000
  endloop
endfacet
facet normal 0.000000 0.000000 1.000000
  outer loop
    vertex 105.2999 10.9124 10.0000
    vertex 99.9124 17.9335 10.0000
    vertex 98.9289 17.0711 10.0000
  endloop
endfacet
facet normal 0.000000 0.000000 1.000000
  outer loop
    vertex 105.2999 10.9124 10.0000
    vertex 98.9289 17.0711 10.0000
    vertex 105.1868 10.8132 10.0000
  endloop
endfacet
facet normal -0.659346 0.751840 0.000000
  outer loop
    vertex 99.9124 17.9335 0.0000
    vertex 98.9289 17.0711 0.0000
    vertex 98.9289 17.0711 10.0000
  endloop
endfacet
facet normal -0.659346 0.751840 0.000000
  outer loop
    vertex 99.9124 17.9335 0.0000
    vertex 98.9289 17.0711 10.0000
    vertex 99.9124 17.9335 10.0000
  endloop
endfacet
facet normal 0.659346 -0.751840 0.000000
  outer loop
    vertex 105.2999 10.9124 0.0000
    vertex 105.1868 10.8132 10.0000
    vertex 105.1868 10.8132 0.0000
  endloop
endfacet
facet normal 0.659346 -0.751840 0.000000
  outer loop
    vertex 105.2999 10.9124 0.0000
    vertex 105.2999 10.9124 10.0000
    vertex 105.1868 10.8132 10.0000
  endloop
endfacet
facet normal 0.000000 0.000000 -1.000000
  outer loop
    vertex 105.1868 10.8132 0.0000
    vertex 98.0665 16.0876 0.0000
    vertex 98.9289 17.0711 0.0000
  endloop
endfacet
facet normal -0.000000 0.000000 -1.000000
  outer loop
    vertex 105.1868 10.8132 0.0000
    vertex 105.0876 10.7001 0.0000
    vertex 98.0665 16.0876 0.0000
  endloop
endfacet
facet normal 0.000000 0.000000 1.000000
  outer loop
    vertex 105.1868 10.8132 10.0000
    vertex 98.9289 17.0711 10.0000
    vertex 98.0665 16.0876 10.0000
  endloop
endfacet
facet normal 0.000000 0.000000 1.000000
  outer loop
    vertex 105.1868 10.8132 10.0000
    vertex 98.0665 16.0876 10.0000
    vertex 105.0876 10.7001 10.0000
  endloop
endfacet
facet normal -0.751840 0.659346 0.000000
  outer loop
    vertex 98.9289 17.0711 0.0000
    vertex 98.0665 16.0876 0.0000
    vertex 98.0665 16.0876 10.0000
  endloop
endfacet
facet normal -0.751840 0.659346 0.000000
  outer loop
    vertex 98.9289 17.0711 0.0000
    vertex 98.0665 16.0876 10.0000
    vertex 98.9289 17.0711 10.0000
  endloop
endfacet
facet normal 0.751840 -0.659346 0.000000
  outer loop
    vertex 105.1868 10.8132 0.0000
    vertex 105.0876 10.7001 10.0000
    vertex 105.0876 10.7001 0.0000
  endloop
endfacet
facet normal 0.751840 -0.659346 0.000000
  outer loop
    vertex 105.1868 10.8132 0.0000
    vertex 105.1868 10.8132 10.0000
    vertex 105.0876 10.7001 10.0000
  endloop
endfacet
facet normal 0.000000 0.000000 -1.000000
  outer loop
    vertex 105.0876 10.7001 0.0000
    vertex 97.3397 15.0000 0.0000
    vertex 98.0665 16.0876 0.0000
  endloop
endfacet
facet normal -0.000000 0.000000 -1.000000
  outer loop
    vertex 105.0876 10.7001 0.0000
    vertex 105.0041 10.5750 0.0000
    vertex 97.3397 15.0000 0.0000
  endloop
endfacet
facet normal 0.000000 0.000000 1.000000
  outer loop
    vertex 105.0876 10.7001 10.0000
    vertex 98.0665 16.0876 10.0000
    vertex 97.3397 15.0000 10.0000
  endloop
endfacet
facet normal 0.000000 0.000000 1.000000
  outer loop
    vertex 105.0876 10.7001 10.0000
    vertex 97.3397 15.0000 10.0000
    vertex 105.0041 10.5750 10.0000
  endloop
endfacet
facet normal -0.831470 0.555570 0.000000
  outer loop
    vertex 98.0665 16.0876 0.0000
    vertex 97.3397 15.0000 0.0000
    vertex 97.3397 15.0000 10.0000
  endloop
endfacet
facet normal -0.831470 0.555570 0.000000
  outer loop
    vertex 98.0665 16.0876 0.0000
    vertex 97.3397 15.0000 10.0000
    vertex 98.0665 16.0876 10.0000
  endloop
endfacet
facet normal 0.831470 -0.555570 0.000000
  outer loop
    vertex 105.0876 10.7001 0.0000
    vertex 105.0041 10.5750 10.0000
    vertex 105.0041 10.5750 0.0000
  endloop
endfacet
facet normal 0.831470 -0.555570 0.000000
  outer loop
    vertex 105.0876 10.7001 0.0000
    vertex 105.0876 10.7001 10.0000
    vertex 105.0041 10.5750 10.0000
  endloop
endfacet
facet normal 0.000000 0.000000 -1.000000
  outer loop
    vertex 105.0041 10.5750 0.0000
    vertex 96.7612 13.8268 0.0000
    vertex 97.3397 15.0000 0.0000
  endloop
endfacet
facet normal -0.000000 0.000000 -1.000000
  outer loop
    vertex 105.0041 10.5750 0.0000
    vertex 104.9375 10.4401 0.0000
    vertex 96.7612 13.8268 0.0000
  endloop
endfacet
facet normal 0.000000 0.000000 1.000000
  outer loop
    vertex 105.0041 10.5750 10.0000
    vertex 97.3397 15.0000 10.0000
    vertex 96.7612 13.8268 10.0000
  endloop
endfacet
facet normal 0.000000 0.000000 1.000000
  outer loop
    vertex 105.0041 10.5750 10.0000
    vertex 96.7612 13.8268 10.0000
    vertex 104.9375 10.4401 10.0000
  endloop
endfacet
facet normal -0.896873 0.442289 0.000000
  outer loop
    vertex 97.3397 15.0000 0.0000
    vertex 96.7612 13.8268 0.0000
    vertex 96.7612 13.8268 10.0000
  endloop
endfacet
facet normal -0.896873 0.442289 0.000000
  outer loop
    vertex 97.3397 15.0000 0.0000
    vertex 96.7612 13.8268 10.0000
    vertex 97.3397 15.0000 10.0000
  endloop
endfacet
facet normal 0.896873 -0.442289 0.000000
  outer loop
    vertex 105.0041 10.5750 0.0000
    vertex 104.9375 10.4401 10.0000
    vertex 104.9375 10.4401 0.0000
  endloop
endfacet
facet normal 0.896873 -0.442289 0.000000
  outer loop
    vertex 105.0041 10.5750 0.0000
    vertex 105.0041 10.5750 10.0000
    vertex 104.9375 10.4401 10.0000
  endloop
endfacet
facet normal 0.000000 0.000000 -1.000000
  outer loop
    vertex 104.9375 10.4401 0.0000
    vertex 96.3407 12.5882 0.0000
    vertex 96.7612 13.8268 0.0000
  endloop
endfacet
facet normal -0.000000 0.000000 -1.000000
  outer loop
    vertex 104.9375 10.4401 0.0000
    vertex 104.8892 10.2976 0.0000
    vertex 96.3407 12.5882 0.0000
  endloop
endfacet
facet normal 0.000000 0.000000 1.000000
  outer loop
    vertex 104.9375 10.4401 10.0000
    vertex 96.7612 13.8268 10.0000
    vertex 96.3407 12.5882 10.0000
  endloop
endfacet
facet normal 0.000000 0.000000 1.000000
  outer loop
    vertex 104.9375 10.4401 10.0000
    vertex 96.3407 12.5882 10.0000
    vertex 104.8892 10.2976 10.0000
  endloop
endfacet
facet normal -0.946930 0.321439 0.000000
  outer loop
    vertex 96.7612 13.8268 0.0000
    vertex 96.3407 12.5882 0.0000
    vertex 96.3407 12.5882 10.0000
  endloop
endfacet
facet normal -0.946930 0.321439 0.000000
  outer loop
    vertex 96.7612 13.8268 0.0000
    vertex 96.3407 12.5882 10.0000
    vertex 96.7612 13.8268 10.0000
  endloop
endfacet
facet normal 0.946930 -0.321439 0.000000
  outer loop
    vertex 104.9375 10.4401 0.0000
    vertex 104.8892 10.2976 10.0000
    vertex 104.8892 10.2976 0.0000
  endloop
endfacet
facet normal 0.946930 -0.321439 0.000000
  outer loop
    vertex 104.9375 10.4401 0.0000
    vertex 104.9375 10.4401 10.0000
    vertex 104.8892 10.2976 10.0000
  endloop
endfacet
facet normal 0.000000 0.000000 -1.000000
  outer loop
    vertex 104.8892 10.2976 0.0000
    vertex 96.0856 11.3053 0.0000
    vertex 96.3407 12.5882 0.0000
  endloop
endfacet
facet normal -0.000000 0.000000 -1.000000
  outer loop
    vertex 104.8892 10.2976 0.0000
    vertex 104.8598 10.1501 0.0000
    vertex 96.0856 11.3053 0.0000
  endloop
endfacet
facet normal 0.000000 0.000000 1.000000
  outer loop
    vertex 104.8892 10.2976 10.0000
    vertex 96.3407 12.5882 10.0000
    vertex 96.0856 11.3053 10.0000
  endloop
endfacet
facet normal 0.000000 0.000000 1.000000
  outer loop
    vertex 104.8892 10.2976 10.0000
    vertex 96.0856 11.3053 10.0000
    vertex 104.8598 10.1501 10.0000
  endloop
endfacet
facet normal -0.980785 0.195090 0.000000
  outer loop
    vertex 96.3407 12.5882 0.0000
    vertex 96.0856 11.3053 0.0000
    vertex 96.0856 11.3053 10.0000
  endloop
endfacet
facet normal -0.980785 0.195090 0.000000
  outer loop
    vertex 96.3407 12.5882 0.0000
    vertex 96.0856 11.3053 10.0000
    vertex 96.3407 12.5882 10.0000
  endloop
endfacet
facet normal 0.980785 -0.195090 0.000000
  outer loop
    vertex 104.8892 10.2976 0.0000
    vertex 104.8598 10.1501 10.0000
    vertex 104.8598 10.1501 0.0000
  endloop
endfacet
facet normal 0.980785 -0.195090 0.000000
  outer loop
    vertex 104.8892 10.2976 0.0000
    vertex 104.8892 10.2976 10.0000
    vertex 104.8598 10.1501 10.0000
  endloop
endfacet
facet normal -0.000000 0.000000 -1.000000
  outer loop
    vertex 104.8598 10.1501 0.0000
    vertex 96.0000 10.0000 0.0000
    vertex 96.0856 11.3053 0.0000
  endloop
endfacet
facet normal 0.000000 0.000000 -1.000000
  outer loop
    vertex 104.8598 10.1501 0.0000
    vertex 104.8500 10.0000 0.0000
    vertex 96.0000 10.0000 0.0000
  endloop
endfacet
facet normal 0.000000 0.000000 1.000000
  outer loop
    vertex 104.8598 10.1501 10.0000
    vertex 96.0856 11.3053 10.0000
    vertex 96.0000 10.0000 10.0000
  endloop
endfacet
facet normal 0.000000 0.000000 1.000000
  outer loop
    vertex 104.8598 10.1501 10.0000
    vertex 96.0000 10.0000 10.0000
    vertex 104.8500 10.0000 10.0000
  endloop
endfacet
facet normal -0.997859 0.065403 0.000000
  outer loop
    vertex 96.0856 11.3053 0.0000
    vertex 96.0000 10.0000 0.0000
    vertex 96.0000 10.0000 10.0000
  endloop
endfacet
facet normal -0.997859 0.065403 0.000000
  outer loop
    vertex 96.0856 11.3053 0.0000
    vertex 96.0000 10.0000 10.0000
    vertex 96.0856 11.3053 10.0000
  endloop
endfacet
facet normal 0.997859 -0.065403 0.000000
  outer loop
    vertex 104.8598 10.1501 0.0000
    vertex 104.8500 10.0000 10.0000
    vertex 104.8500 10.0000 0.0000
  endloop
endfacet
facet normal 0.997859 -0.065403 0.000000
  outer loop
    vertex 104.8598 10.1501 0.0000
    vertex 104.8598 10.1501 10.0000
    vertex 104.8500 10.0000 10.0000
  endloop
endfacet
facet normal -0.000000 0.000000 -1.000000
  outer loop
    vertex 104.8500 10.0000 0.0000
    vertex 96.0856 8.6947 0.0000
    vertex 96.0000 10.0000 0.0000
  endloop
endfacet
facet normal 0.000000 -0.000000 -1.000000
  outer loop
    vertex 104.8500 10.0000 0.0000
    vertex 104.8598 9.8499 0.0000
    vertex 96.0856 8.6947 0.0000
  endloop
endfacet
facet normal 0.000000 0.000000 1.000000
  outer loop
    vertex 104.8500 10.0000 10.0000
    vertex 96.0000 10.0000 10.0000
    vertex 96.0856 8.6947 10.0000
  endloop
endfacet
facet normal 0.000000 0.000000 1.000000
  outer loop
    vertex 104.8500 10.0000 10.0000
    vertex 96.0856 8.6947 10.0000
    vertex 104.8598 9.8499 10.0000
  endloop
endfacet
facet normal -0.997859 -0.065403 0.000000
  outer loop
    vertex 96.0000 10.0000 0.0000
    vertex 96.0856 8.6947 0.0000
    vertex 96.0856 8.6947 10.0000
  endloop
endfacet
facet normal -0.997859 -0.065403 0.000000
  outer loop
    vertex 96.0000 10.0000 0.0000
    vertex 96.0856 8.6947 10.0000
    vertex 96.0000 10.0000 10.0000
  endloop
endfacet
facet normal 0.997859 0.065403 0.000000
  outer loop
    vertex 104.8500 10.0000 0.0000
    vertex 104.8598 9.8499 10.0000
    vertex 104.8598 9.8499 0.0000
  endloop
endfacet
facet normal 0.997859 0.065403 -0.000000
  outer loop
    vertex 104.8500 10.0000 0.0000
    vertex 104.8500 10.0000 10.0000
    vertex 104.8598 9.8499 10.0000
  endloop
endfacet
facet normal 0.000000 0.000000 -1.000000
  outer loop
    vertex 104.8598 9.8499 0.0000
    vertex 96.3407 7.4118 0.0000
    vertex 96.0856 8.6947 0.0000
  endloop
endfacet
facet normal 0.000000 -0.000000 -1.000000
  outer loop
    vertex 104.8598 9.8499 0.0000
    vertex 104.8892 9.7024 0.0000
    vertex 96.3407 7.4118 0.0000
  endloop
endfacet
facet normal 0.000000 0.000000 1.000000
  outer loop
    vertex 104.8598 9.8499 10.0000
    vertex 96.0856 8.6947 10.0000
    vertex 96.3407 7.4118 10.0000
  endloop
endfacet
facet normal 0.000000 0.000000 1.000000
  outer loop
    vertex 104.8598 9.8499 10.0000
    vertex 96.3407 7.4118 10.0000
    vertex 104.8892 9.7024 10.0000
  endloop
endfacet
facet normal -0.980785 -0.195090 0.000000
  outer loop
    vertex 96.0856 8.6947 0.0000
    vertex 96.3407 7.4118 0.0000
    vertex 96.3407 7.4118 10.0000
  endloop
endfacet
facet normal -0.980785 -0.195090 0.000000
  outer loop
    vertex 96.0856 8.6947 0.0000
    vertex 96.3407 7.4118 10.0000
    vertex 96.0856 8.6947 10.0000
  endloop
endfacet
facet normal 0.980785 0.195090 0.000000
  outer loop
    vertex 104.8598 9.8499 0.0000
    vertex 104.8892 9.7024 10.0000
    vertex 104.8892 9.7024 0.0000
  endloop
endfacet
facet normal 0.980785 0.195090 -0.000000
  outer loop
    vertex 104.8598 9.8499 0.0000
    vertex 104.8598 9.8499 10.0000
    vertex 104.8892 9.7024 10.0000
  endloop
endfacet
facet normal 0.000000 0.000000 -1.000000
  outer loop
    vertex 104.8892 9.7024 0.0000
    vertex 96.7612 6.1732 0.0000
    vertex 96.3407 7.4118 0.0000
  endloop
endfacet
facet normal 0.000000 -0.000000 -1.000000
  outer loop
    vertex 104.8892 9.7024 0.0000
    vertex 104.9375 9.5599 0.0000
    vertex 96.7612 6.1732 0.0000
  endloop
endfacet
facet normal 0.000000 0.000000 1.000000
  outer loop
    vertex 104.8892 9.7024 10.0000
    vertex 96.3407 7.4118 10.0000
    vertex 96.7612 6.1732 10.0000
  endloop
endfacet
facet normal 0.000000 0.000000 1.000000
  outer loop
    vertex 104.8892 9.7024 10.0000
    vertex 96.7612 6.1732 10.0000
    vertex 104.9375 9.5599 10.0000
  endloop
endfacet
facet normal -0.946930 -0.321439 0.000000
  outer loop
    vertex 96.3407 7.4118 0.0000
    vertex 96.7612 6.1732 0.0000
    vertex 96.7612 6.1732 10.0000
  endloop
endfacet
facet normal -0.946930 -0.321439 0.000000
  outer loop
    vertex 96.3407 7.4118 0.0000
    vertex 96.7612 6.1732 10.0000
    vertex 96.3407 7.4118 10.0000
  endloop
endfacet
facet normal 0.946930 0.321439 0.000000
  outer loop
    vertex 104.8892 9.7024 0.0000
    vertex 104.9375 9.5599 10.0000
    vertex 104.9375 9.5599 0.0000
  endloop
endfacet
facet normal 0.946930 0.321439 -0.000000
  outer loop
    vertex 104.8892 9.7024 0.0000
    vertex 104.8892 9.7024 10.0000
    vertex 104.9375 9.5599 10.0000
  endloop
endfacet
facet normal 0.000000 0.000000 -1.000000
  outer loop
    vertex 104.9375 9.5599 0.0000
    vertex 97.3397 5.0000 0.0000
    vertex 96.7612 6.1732 0.0000
  endloop
endfacet
facet normal 0.000000 -0.000000 -1.000000
  outer loop
    vertex 104.9375 9.5599 0.0000
    vertex 105.0041 9.4250 0.0000
    vertex 97.3397 5.0000 0.0000
  endloop
endfacet
facet normal 0.000000 0.000000 1.000000
  outer loop
    vertex 104.9375 9.5599 10.0000
    vertex 96.7612 6.1732 10.0000
    vertex 97.3397 5.0000 10.0000
  endloop
endfacet
facet normal 0.000000 0.000000 1.000000
  outer loop
    vertex 104.9375 9.5599 10.0000
    vertex 97.3397 5.0000 10.0000
    vertex 105.0041 9.4250 10.0000
  endloop
endfacet
facet normal -0.896873 -0.442289 0.000000
  outer loop
    vertex 96.7612 6.1732 0.0000
    vertex 97.3397 5.0000 0.0000
    vertex 97.3397 5.0000 10.0000
  endloop
endfacet
facet normal -0.896873 -0.442289 0.000000
  outer loop
    vertex 96.7612 6.1732 0.0000
    vertex 97.3397 5.0000 10.0000
    vertex 96.7612 6.1732 10.0000
  endloop
endfacet
facet normal 0.896873 0.442289 0.000000
  outer loop
    vertex 104.9375 9.5599 0.0000
    vertex 105.0041 9.4250 10.0000
    vertex 105.0041 9.4250 0.0000
  endloop
endfacet
facet normal 0.896873 0.442289 -0.000000
  outer loop
    vertex 104.9375 9.5599 0.0000
    vertex 104.9375 9.5599 10.0000
    vertex 105.0041 9.4250 10.0000
  endloop
endfacet
facet normal 0.000000 0.000000 -1.000000
  outer loop
    vertex 105.0041 9.4250 0.0000
    vertex 98.0665 3.9124 0.0000
    vertex 97.3397 5.0000 0.0000
  endloop
endfacet
facet normal 0.000000 -0.000000 -1.000000
  outer loop
    vertex 105.0041 9.4250 0.0000
    vertex 105.0876 9.2999 0.0000
    vertex 98.0665 3.9124 0.0000
  endloop
endfacet
facet normal 0.000000 0.000000 1.000000
  outer loop
    vertex 105.0041 9.4250 10.0000
    vertex 97.3397 5.0000 10.0000
    vertex 98.0665 3.9124 10.0000
  endloop
endfacet
facet normal 0.000000 0.000000 1.000000
  outer loop
    vertex 105.0041 9.4250 10.0000
    vertex 98.0665 3.9124 10.0000
    vertex 105.0876 9.2999 10.0000
  endloop
endfacet
facet normal -0.831470 -0.555570 0.000000
  outer loop
    vertex 97.3397 5.0000 0.0000
    vertex 98.0665 3.9124 0.0000
    vertex 98.0665 3.9124 10.0000
  endloop
endfacet
facet normal -0.831470 -0.555570 0.000000
  outer loop
    vertex 97.3397 5.0000 0.0000
    vertex 98.0665 3.9124 10.0000
    vertex 97.3397 5.0000 10.0000
  endloop
endfacet
facet normal 0.831470 0.555570 0.000000
  outer loop
    vertex 105.0041 9.4250 0.0000
    vertex 105.0876 9.2999 10.0000
    vertex 105.0876 9.2999 0.0000
  endloop
endfacet
facet normal 0.831470 0.555570 -0.000000
  outer loop
    vertex 105.0041 9.4250 0.0000
    vertex 105.0041 9.4250 10.0000
    vertex 105.0876 9.2999 10.0000
  endloop
endfacet
facet normal 0.000000 0.000000 -1.000000
  outer loop
    vertex 105.0876 9.2999 0.0000
    vertex 98.9289 2.9289 0.0000
    vertex 98.0665 3.9124 0.0000
  endloop
endfacet
facet normal 0.000000 -0.000000 -1.000000
  outer loop
    vertex 105.0876 9.2999 0.0000
    vertex 105.1868 9.1868 0.0000
    vertex 98.9289 2.9289 0.0000
  endloop
endfacet
facet normal 0.000000 0.000000 1.000000
  outer loop
    vertex 105.0876 9.2999 10.0000
    vertex 98.0665 3.9124 10.0000
    vertex 98.9289 2.9289 10.0000
  endloop
endfacet
facet normal 0.000000 0.000000 1.000000
  outer loop
    vertex 105.0876 9.2999 10.0000
    vertex 98.9289 2.9289 10.0000
    vertex 105.1868 9.1868 10.0000
  endloop
endfacet
facet normal -0.751840 -0.659346 0.000000
  outer loop
    vertex 98.0665 3.9124 0.0000
    vertex 98.9289 2.9289 0.0000
    vertex 98.9289 2.9289 10.0000
  endloop
endfacet
facet normal -0.751840 -0.659346 0.000000
  outer loop
    vertex 98.0665 3.9124 0.0000
    vertex 98.9289 2.9289 10.0000
    vertex 98.0665 3.9124 10.0000
  endloop
endfacet
facet normal 0.751840 0.659346 0.000000
  outer loop
    vertex 105.0876 9.2999 0.0000
    vertex 105.1868 9.1868 10.0000
    vertex 105.1868 9.1868 0.0000
  endloop
endfacet
facet normal 0.751840 0.659346 -0.000000
  outer loop
    vertex 105.0876 9.2999 0.0000
    vertex 105.0876 9.2999 10.0000
    vertex 105.1868 9.1868 10.0000
  endloop
endfacet
facet normal 0.000000 0.000000 -1.000000
  outer loop
    vertex 105.1868 9.1868 0.0000
    vertex 99.9124 2.0665 0.0000
    vertex 98.9289 2.9289 0.0000
  endloop
endfacet
facet normal 0.000000 -0.000000 -1.000000
  outer loop
    vertex 105.1868 9.1868 0.0000
    vertex 105.2999 9.0876 0.0000
    vertex 99.9124 2.0665 0.0000
  endloop
endfacet
facet normal 0.000000 0.000000 1.000000
  outer loop
    vertex 105.1868 9.1868 10.0000
    vertex 98.9289 2.9289 10.0000
    vertex 99.9124 2.0665 10.0000
  endloop
endfacet
facet normal 0.000000 0.000000 1.000000
  outer loop
    vertex 105.1868 9.1868 10.0000
    vertex 99.9124 2.0665 10.0000
    vertex 105.2999 9.0876 10.0000
  endloop
endfacet
facet normal -0.659346 -0.751840 0.000000
  outer loop
    vertex 98.9289 2.9289 0.0000
    vertex 99.9124 2.0665 0.0000
    vertex 99.9124 2.0665 10.0000
  endloop
endfacet
facet normal -0.659346 -0.751840 0.000000
  outer loop
    vertex 98.9289 2.9289 0.0000
    vertex 99.9124 2.0665 10.0000
    vertex 98.9289 2.9289 10.0000
  endloop
endfacet
facet normal 0.659346 0.751840 0.000000
  outer loop
    vertex 105.1868 9.1868 0.0000
    vertex 105.2999 9.0876 10.0000
    vertex 105.2999 9.0876 0.0000
  endloop
endfacet
facet normal 0.659346 0.751840 -0.000000
  outer loop
    vertex 105.1868 9.1868 0.0000
    vertex 105.1868 9.1868 10.0000
    vertex 105.2999 9.0876 10.0000
  endloop
endfacet
facet normal 0.000000 0.000000 -1.000000
  outer loop
    vertex 105.2999 9.0876 0.0000
    vertex 101.0000 1.3397 0.0000
    vertex 99.9124 2.0665 0.0000
  endloop
endfacet
facet normal 0.000000 -0.000000 -1.000000
  outer loop
    vertex 105.2999 9.0876 0.0000
    vertex 105.4250 9.0041 0.0000
    vertex 101.0000 1.3397 0.0000
  endloop
endfacet
facet normal 0.000000 0.000000 1.000000
  outer loop
    vertex 105.2999 9.0876 10.0000
    vertex 99.9124 2.0665 10.0000
    vertex 101.0000 1.3397 10.0000
  endloop
endfacet
facet normal 0.000000 0.000000 1.000000
  outer loop
    vertex 105.2999 9.0876 10.0000
    vertex 101.0000 1.3397 10.0000
    vertex 105.4250 9.0041 10.0000
  endloop
endfacet
facet normal -0.555570 -0.831470 0.000000
  outer loop
    vertex 99.9124 2.0665 0.0000
    vertex 101.0000 1.3397 0.0000
    vertex 101.0000 1.3397 10.0000
  endloop
endfacet
facet normal -0.555570 -0.831470 0.000000
  outer loop
    vertex 99.9124 2.0665 0.0000
    vertex 101.0000 1.3397 10.0000
    vertex 99.9124 2.0665 10.0000
  endloop
endfacet
facet normal 0.555570 0.831470 0.000000
  outer loop
    vertex 105.2999 9.0876 0.0000
    vertex 105.4250 9.0041 10.0000
    vertex 105.4250 9.0041 0.0000
  endloop
endfacet
facet normal 0.555570 0.831470 -0.000000
  outer loop
    vertex 105.2999 9.0876 0.0000
    vertex 105.2999 9.0876 10.0000
    vertex 105.4250 9.0041 10.0000
  endloop
endfacet
facet normal 0.000000 0.000000 -1.000000
  outer loop
    vertex 105.4250 9.0041 0.0000
    vertex 102.1732 0.7612 0.0000
    vertex 101.0000 1.3397 0.0000
  endloop
endfacet
facet normal 0.000000 -0.000000 -1.000000
  outer loop
    vertex 105.4250 9.0041 0.0000
    vertex 105.5599 8.9375 0.0000
    vertex 102.1732 0.7612 0.0000
  endloop
endfacet
facet normal 0.000000 0.000000 1.000000
  outer loop
    vertex 105.4250 9.0041 10.0000
    vertex 101.0000 1.3397 10.0000
    vertex 102.1732 0.7612 10.0000
  endloop
endfacet
facet normal 0.000000 0.000000 1.000000
  outer loop
    vertex 105.4250 9.0041 10.0000
    vertex 102.1732 0.7612 10.0000
    vertex 105.5599 8.9375 10.0000
  endloop
endfacet
facet normal -0.442289 -0.896873 0.000000
  outer loop
    vertex 101.0000 1.3397 0.0000
    vertex 102.1732 0.7612 0.0000
    vertex 102.1732 0.7612 10.0000
  endloop
endfacet
facet normal -0.442289 -0.896873 0.000000
  outer loop
    vertex 101.0000 1.3397 0.0000
    vertex 102.1732 0.7612 10.0000
    vertex 101.0000 1.3397 10.0000
  endloop
endfacet
facet normal 0.442289 0.896873 0.000000
  outer loop
    vertex 105.4250 9.0041 0.0000
    vertex 105.5599 8.9375 10.0000
    vertex 105.5599 8.9375 0.0000
  endloop
endfacet
facet normal 0.442289 0.896873 -0.000000
  outer loop
    vertex 105.4250 9.0041 0.0000
    vertex 105.4250 9.0041 10.0000
    vertex 105.5599 8.9375 10.0000
  endloop
endfacet
facet normal 0.000000 0.000000 -1.000000
  outer loop
    vertex 105.5599 8.9375 0.0000
    vertex 103.4118 0.3407 0.0000
    vertex 102.1732 0.7612 0.0000
  endloop
endfacet
facet normal 0.000000 -0.000000 -1.000000
  outer loop
    vertex 105.5599 8.9375 0.0000
    vertex 105.7024 8.8892 0.0000
    vertex 103.4118 0.3407 0.0000
  endloop
endfacet
facet normal 0.000000 0.000000 1.000000
  outer loop
    vertex 105.5599 8.9375 10.0000
    vertex 102.1732 0.7612 10.0000
    vertex 103.4118 0.3407 10.0000
  endloop
endfacet
facet normal 0.000000 0.000000 1.000000
  outer loop
    vertex 105.5599 8.9375 10.0000
    vertex 103.4118 0.3407 10.0000
    vertex 105.7024 8.8892 10.0000
  endloop
endfacet
facet normal -0.321439 -0.946930 0.000000
  outer loop
    vertex 102.1732 0.7612 0.0000
    vertex 103.4118 0.3407 0.0000
    vertex 103.4118 0.3407 10.0000
  endloop
endfacet
facet normal -0.321439 -0.946930 0.000000
  outer loop
    vertex 102.1732 0.7612 0.0000
    vertex 103.4118 0.3407 10.0000
    vertex 102.1732 0.7612 10.0000
  endloop
endfacet
facet normal 0.321439 0.946930 0.000000
  outer loop
    vertex 105.5599 8.9375 0.0000
    vertex 105.7024 8.8892 10.0000
    vertex 105.7024 8.8892 0.0000
  endloop
endfacet
facet normal 0.321439 0.946930 -0.000000
  outer loop
    vertex 105.5599 8.9375 0.0000
    vertex 105.5599 8.9375 10.0000
    vertex 105.7024 8.8892 10.0000
  endloop
endfacet
facet normal 0.000000 0.000000 -1.000000
  outer loop
    vertex 105.7024 8.8892 0.0000
    vertex 104.6947 0.0856 0.0000
    vertex 103.4118 0.3407 0.0000
  endloop
endfacet
facet normal 0.000000 -0.000000 -1.000000
  outer loop
    vertex 105.7024 8.8892 0.0000
    vertex 105.8499 8.8598 0.0000
    vertex 104.6947 0.0856 0.0000
  endloop
endfacet
facet normal 0.000000 0.000000 1.000000
  outer loop
    vertex 105.7024 8.8892 10.0000
    vertex 103.4118 0.3407 10.0000
    vertex 104.6947 0.0856 10.0000
  endloop
endfacet
facet normal 0.000000 0.000000 1.000000
  outer loop
    vertex 105.7024 8.8892 10.0000
    vertex 104.6947 0.0856 10.0000
    vertex 105.8499 8.8598 10.0000
  endloop
endfacet
facet normal -0.195090 -0.980785 0.000000
  outer loop
    vertex 103.4118 0.3407 0.0000
    vertex 104.6947 0.0856 0.0000
    vertex 104.6947 0.0856 10.0000
  endloop
endfacet
facet normal -0.195090 -0.980785 0.000000
  outer loop
    vertex 103.4118 0.3407 0.0000
    vertex 104.6947 0.0856 10.0000
    vertex 103.4118 0.3407 10.0000
  endloop
endfacet
facet normal 0.195090 0.980785 0.000000
  outer loop
    vertex 105.7024 8.8892 0.0000
    vertex 105.8499 8.8598 10.0000
    vertex 105.8499 8.8598 0.0000
  endloop
endfacet
facet normal 0.195090 0.980785 -0.000000
  outer loop
    vertex 105.7024 8.8892 0.0000
    vertex 105.7024 8.8892 10.0000
    vertex 105.8499 8.8598 10.0000
  endloop
endfacet
facet normal 0.000000 -0.000000 -1.000000
  outer loop
    vertex 105.8499 8.8598 0.0000
    vertex 106.0000 0.0000 0.0000
    vertex 104.6947 0.0856 0.0000
  endloop
endfacet
facet normal 0.000000 0.000000 -1.000000
  outer loop
    vertex 105.8499 8.8598 0.0000
    vertex 106.0000 8.8500 0.0000
    vertex 106.0000 0.0000 0.0000
  endloop
endfacet
facet normal 0.000000 0.000000 1.000000
  outer loop
    vertex 105.8499 8.8598 10.0000
    vertex 104.6947 0.0856 10.0000
    vertex 106.0000 0.0000 10.0000
  endloop
endfacet
facet normal 0.000000 0.000000 1.000000
  outer loop
    vertex 105.8499 8.8598 10.0000
    vertex 106.0000 0.0000 10.0000
    vertex 106.0000 8.8500 10.0000
  endloop
endfacet
facet normal -0.065403 -0.997859 0.000000
  outer loop
    vertex 104.6947 0.0856 0.0000
    vertex 106.0000 0.0000 0.0000
    vertex 106.0000 0.0000 10.0000
  endloop
endfacet
facet normal -0.065403 -0.997859 0.000000
  outer loop
    vertex 104.6947 0.0856 0.0000
    vertex 106.0000 0.0000 10.0000
    vertex 104.6947 0.0856 10.0000
  endloop
endfacet
facet normal 0.065403 0.997859 0.000000
  outer loop
    vertex 105.8499 8.8598 0.0000
    vertex 106.0000 8.8500 10.0000
    vertex 106.0000 8.8500 0.0000
  endloop
endfacet
facet normal 0.065403 0.997859 -0.000000
  outer loop
    vertex 105.8499 8.8598 0.0000
    vertex 105.8499 8.8598 10.0000
    vertex 106.0000 8.8500 10.0000
  endloop
endfacet
facet normal 0.000000 0.000000 -1.000000
  outer loop
    vertex 106.0000 8.8500 0.0000
    vertex 107.3053 0.0856 0.0000
    vertex 106.0000 0.0000 0.0000
  endloop
endfacet
facet normal 0.000000 0.000000 -1.000000
  outer loop
    vertex 106.0000 8.8500 0.0000
    vertex 106.1501 8.8598 0.0000
    vertex 107.3053 0.0856 0.0000
  endloop
endfacet
facet normal 0.000000 0.000000 1.000000
  outer loop
    vertex 106.0000 8.8500 10.0000
    vertex 106.0000 0.0000 10.0000
    vertex 107.3053 0.0856 10.0000
  endloop
endfacet
facet normal -0.000000 0.000000 1.000000
  outer loop
    vertex 106.0000 8.8500 10.0000
    vertex 107.3053 0.0856 10.0000
    vertex 106.1501 8.8598 10.0000
  endloop
endfacet
facet normal 0.065403 -0.997859 0.000000
  outer loop
    vertex 106.0000 0.0000 0.0000
    vertex 107.3053 0.0856 0.0000
    vertex 107.3053 0.0856 10.0000
  endloop
endfacet
facet normal 0.065403 -0.997859 0.000000
  outer loop
    vertex 106.0000 0.0000 0.0000
    vertex 107.3053 0.0856 10.0000
    vertex 106.0000 0.0000 10.0000
  endloop
endfacet
facet normal -0.065403 0.997859 0.000000
  outer loop
    vertex 106.0000 8.8500 0.0000
    vertex 106.1501 8.8598 10.0000
    vertex 106.1501 8.8598 0.0000
  endloop
endfacet
facet normal -0.065403 0.997859 0.000000
  outer loop
    vertex 106.0000 8.8500 0.0000
    vertex 106.0000 8.8500 10.0000
    vertex 106.1501 8.8598 10.0000
  endloop
endfacet
facet normal 0.000000 0.000000 -1.000000
  outer loop
    vertex 106.1501 8.8598 0.0000
    vertex 108.5882 0.3407 0.0000
    vertex 107.3053 0.0856 0.0000
  endloop
endfacet
facet normal 0.000000 0.000000 -1.000000
  outer loop
    vertex 106.1501 8.8598 0.0000
    vertex 106.2976 8.8892 0.0000
    vertex 108.5882 0.3407 0.0000
  endloop
endfacet
facet normal 0.000000 0.000000 1.000000
  outer loop
    vertex 106.1501 8.8598 10.0000
    vertex 107.3053 0.0856 10.0000
    vertex 108.5882 0.3407 10.0000
  endloop
endfacet
facet normal -0.000000 0.000000 1.000000
  outer loop
    vertex 106.1501 8.8598 10.0000
    vertex 108.5882 0.3407 10.0000
    vertex 106.2976 8.8892 10.0000
  endloop
endfacet
facet normal 0.195090 -0.980785 0.000000
  outer loop
    vertex 107.3053 0.0856 0.0000
    vertex 108.5882 0.3407 0.0000
    vertex 108.5882 0.3407 10.0000
  endloop
endfacet
facet normal 0.195090 -0.980785 0.000000
  outer loop
    vertex 107.3053 0.0856 0.0000
    vertex 108.5882 0.3407 10.0000
    vertex 107.3053 0.0856 10.0000
  endloop
endfacet
facet normal -0.195090 0.980785 0.000000
  outer loop
    vertex 106.1501 8.8598 0.0000
    vertex 106.2976 8.8892 10.0000
    vertex 106.2976 8.8892 0.0000
  endloop
endfacet
facet normal -0.195090 0.980785 0.000000
  outer loop
    vertex 106.1501 8.8598 0.0000
    vertex 106.1501 8.8598 10.0000
    vertex 106.2976 8.8892 10.0000
  endloop
endfacet
facet normal 0.000000 0.000000 -1.000000
  outer loop
    vertex 106.2976 8.8892 0.0000
    vertex 109.8268 0.7612 0.0000
    vertex 108.5882 0.3407 0.0000
  endloop
endfacet
facet normal 0.000000 0.000000 -1.000000
  outer loop
    vertex 106.2976 8.8892 0.0000
    vertex 106.4401 8.9375 0.0000
    vertex 109.8268 0.7612 0.0000
  endloop
endfacet
facet normal 0.000000 0.000000 1.000000
  outer loop
    vertex 106.2976 8.8892 10.0000
    vertex 108.5882 0.3407 10.0000
    vertex 109.8268 0.7612 10.0000
  endloop
endfacet
facet normal -0.000000 0.000000 1.000000
  outer loop
    vertex 106.2976 8.8892 10.0000
    vertex 109.8268 0.7612 10.0000
    vertex 106.4401 8.9375 10.0000
  endloop
endfacet
facet normal 0.321439 -0.946930 0.000000
  outer loop
    vertex 108.5882 0.3407 0.0000
    vertex 109.8268 0.7612 0.0000
    vertex 109.8268 0.7612 10.0000
  endloop
endfacet
facet normal 0.321439 -0.946930 0.000000
  outer loop
    vertex 108.5882 0.3407 0.0000
    vertex 109.8268 0.7612 10.0000
    vertex 108.5882 0.3407 10.0000
  endloop
endfacet
facet normal -0.321439 0.946930 0.000000
  outer loop
    vertex 106.2976 8.8892 0.0000
    vertex 106.4401 8.9375 10.0000
    vertex 106.4401 8.9375 0.0000
  endloop
endfacet
facet normal -0.321439 0.946930 0.000000
  outer loop
    vertex 106.2976 8.8892 0.0000
    vertex 106.2976 8.8892 10.0000
    vertex 106.4401 8.9375 10.0000
  endloop
endfacet
facet normal 0.000000 0.000000 -1.000000
  outer loop
    vertex 106.4401 8.9375 0.0000
    vertex 111.0000 1.3397 0.0000
    vertex 109.8268 0.7612 0.0000
  endloop
endfacet
facet normal 0.000000 0.000000 -1.000000
  outer loop
    vertex 106.4401 8.9375 0.0000
    vertex 106.5750 9.0041 0.0000
    vertex 111.0000 1.3397 0.0000
  endloop
endfacet
facet normal 0.000000 0.000000 1.000000
  outer loop
    vertex 106.4401 8.9375 10.0000
    vertex 109.8268 0.7612 10.0000
    vertex 111.0000 1.3397 10.0000
  endloop
endfacet
facet normal -0.000000 0.000000 1.000000
  outer loop
    vertex 106.4401 8.9375 10.0000
    vertex 111.0000 1.3397 10.0000
    vertex 106.5750 9.0041 10.0000
  endloop
endfacet
facet normal 0.442289 -0.896873 0.000000
  outer loop
    vertex 109.8268 0.7612 0.0000
    vertex 111.0000 1.3397 0.0000
    vertex 111.0000 1.3397 10.0000
  endloop
endfacet
facet normal 0.442289 -0.896873 0.000000
  outer loop
    vertex 109.8268 0.7612 0.0000
    vertex 111.0000 1.3397 10.0000
    vertex 109.8268 0.7612 10.0000
  endloop
endfacet
facet normal -0.442289 0.896873 0.000000
  outer loop
    vertex 106.4401 8.9375 0.0000
    vertex 106.5750 9.0041 10.0000
    vertex 106.5750 9.0041 0.0000
  endloop
endfacet
facet normal -0.442289 0.896873 0.000000
  outer loop
    vertex 106.4401 8.9375 0.0000
    vertex 106.4401 8.9375 10.0000
    vertex 106.5750 9.0041 10.0000
  endloop
endfacet
facet normal 0.000000 0.000000 -1.000000
  outer loop
    vertex 106.5750 9.0041 0.0000
    vertex 112.0876 2.0665 0.0000
    vertex 111.0000 1.3397 0.0000
  endloop
endfacet
facet normal 0.000000 0.000000 -1.000000
  outer loop
    vertex 106.5750 9.0041 0.0000
    vertex 106.7001 9.0876 0.0000
    vertex 112.0876 2.0665 0.0000
  endloop
endfacet
facet normal 0.000000 0.000000 1.000000
  outer loop
    vertex 106.5750 9.0041 10.0000
    vertex 111.0000 1.3397 10.0000
    vertex 112.0876 2.0665 10.0000
  endloop
endfacet
facet normal -0.000000 0.000000 1.000000
  outer loop
    vertex 106.5750 9.0041 10.0000
    vertex 112.0876 2.0665 10.0000
    vertex 106.7001 9.0876 10.0000
  endloop
endfacet
facet normal 0.555570 -0.831470 0.000000
  outer loop
    vertex 111.0000 1.3397 0.0000
    vertex 112.0876 2.0665 0.0000
    vertex 112.0876 2.0665 10.0000
  endloop
endfacet
facet normal 0.555570 -0.831470 0.000000
  outer loop
    vertex 111.0000 1.3397 0.0000
    vertex 112.0876 2.0665 10.0000
    vertex 111.0000 1.3397 10.0000
  endloop
endfacet
facet normal -0.555570 0.831470 0.000000
  outer loop
    vertex 106.5750 9.0041 0.0000
    vertex 106.7001 9.0876 10.0000
    vertex 106.7001 9.0876 0.0000
  endloop
endfacet
facet normal -0.555570 0.831470 0.000000
  outer loop
    vertex 106.5750 9.0041 0.0000
    vertex 106.5750 9.0041 10.0000
    vertex 106.7001 9.0876 10.0000
  endloop
endfacet
facet normal 0.000000 0.000000 -1.000000
  outer loop
    vertex 106.7001 9.0876 0.0000
    vertex 113.0711 2.9289 0.0000
    vertex 112.0876 2.0665 0.0000
  endloop
endfacet
facet normal 0.000000 0.000000 -1.000000
  outer loop
    vertex 106.7001 9.0876 0.0000
    vertex 106.8132 9.1868 0.0000
    vertex 113.0711 2.9289 0.0000
  endloop
endfacet
facet normal 0.000000 0.000000 1.000000
  outer loop
    vertex 106.7001 9.0876 10.0000
    vertex 112.0876 2.0665 10.0000
    vertex 113.0711 2.9289 10.0000
  endloop
endfacet
facet normal -0.000000 0.000000 1.000000
  outer loop
    vertex 106.7001 9.0876 10.0000
    vertex 113.0711 2.9289 10.0000
    vertex 106.8132 9.1868 10.0000
  endloop
endfacet
facet normal 0.659346 -0.751840 0.000000
  outer loop
    vertex 112.0876 2.0665 0.0000
    vertex 113.0711 2.9289 0.0000
    vertex 113.0711 2.9289 10.0000
  endloop
endfacet
facet normal 0.659346 -0.751840 0.000000
  outer loop
    vertex 112.0876 2.0665 0.0000
    vertex 113.0711 2.9289 10.0000
    vertex 112.0876 2.0665 10.0000
  endloop
endfacet
facet normal -0.659346 0.751840 0.000000
  outer loop
    vertex 106.7001 9.0876 0.0000
    vertex 106.8132 9.1868 10.0000
    vertex 106.8132 9.1868 0.0000
  endloop
endfacet
facet normal -0.659346 0.751840 0.000000
  outer loop
    vertex 106.7001 9.0876 0.0000
    vertex 106.7001 9.0876 10.0000
    vertex 106.8132 9.1868 10.0000
  endloop
endfacet
facet normal 0.000000 0.000000 -1.000000
  outer loop
    vertex 106.8132 9.1868 0.0000
    vertex 113.9335 3.9124 0.0000
    vertex 113.0711 2.9289 0.0000
  endloop
endfacet
facet normal 0.000000 0.000000 -1.000000
  outer loop
    vertex 106.8132 9.1868 0.0000
    vertex 106.9124 9.2999 0.0000
    vertex 113.9335 3.9124 0.0000
  endloop
endfacet
facet normal 0.000000 0.000000 1.000000
  outer loop
    vertex 106.8132 9.1868 10.0000
    vertex 113.0711 2.9289 10.0000
    vertex 113.9335 3.9124 10.0000
  endloop
endfacet
facet normal -0.000000 0.000000 1.000000
  outer loop
    vertex 106.8132 9.1868 10.0000
    vertex 113.9335 3.9124 10.0000
    vertex 106.9124 9.2999 10.0000
  endloop
endfacet
facet normal 0.751840 -0.659346 0.000000
  outer loop
    vertex 113.0711 2.9289 0.0000
    vertex 113.9335 3.9124 0.0000
    vertex 113.9335 3.9124 10.0000
  endloop
endfacet
facet normal 0.751840 -0.659346 0.000000
  outer loop
    vertex 113.0711 2.9289 0.0000
    vertex 113.9335 3.9124 10.0000
    vertex 113.0711 2.9289 10.0000
  endloop
endfacet
facet normal -0.751840 0.659346 0.000000
  outer loop
    vertex 106.8132 9.1868 0.0000
    vertex 106.9124 9.2999 10.0000
    vertex 106.9124 9.2999 0.0000
  endloop
endfacet
facet normal -0.751840 0.659346 0.000000
  outer loop
    vertex 106.8132 9.1868 0.0000
    vertex 106.8132 9.1868 10.0000
    vertex 106.9124 9.2999 10.0000
  endloop
endfacet
facet normal 0.000000 0.000000 -1.000000
  outer loop
    vertex 106.9124 9.2999 0.0000
    vertex 114.6603 5.0000 0.0000
    vertex 113.9335 3.9124 0.0000
  endloop
endfacet
facet normal 0.000000 0.000000 -1.000000
  outer loop
    vertex 106.9124 9.2999 0.0000
    vertex 106.9959 9.4250 0.0000
    vertex 114.6603 5.0000 0.0000
  endloop
endfacet
facet normal 0.000000 0.000000 1.000000
  outer loop
    vertex 106.9124 9.2999 10.0000
    vertex 113.9335 3.9124 10.0000
    vertex 114.6603 5.0000 10.0000
  endloop
endfacet
facet normal -0.000000 0.000000 1.000000
  outer loop
    vertex 106.9124 9.2999 10.0000
    vertex 114.6603 5.0000 10.0000
    vertex 106.9959 9.4250 10.0000
  endloop
endfacet
facet normal 0.831470 -0.555570 0.000000
  outer loop
    vertex 113.9335 3.9124 0.0000
    vertex 114.6603 5.0000 0.0000
    vertex 114.6603 5.0000 10.0000
  endloop
endfacet
facet normal 0.831470 -0.555570 0.000000
  outer loop
    vertex 113.9335 3.9124 0.0000
    vertex 114.6603 5.0000 10.0000
    vertex 113.9335 3.9124 10.0000
  endloop
endfacet
facet normal -0.831470 0.555570 0.000000
  outer loop
    vertex 106.9124 9.2999 0.0000
    vertex 106.9959 9.4250 10.0000
    vertex 106.9959 9.4250 0.0000
  endloop
endfacet
facet normal -0.831470 0.555570 0.000000
  outer loop
    vertex 106.9124 9.2999 0.0000
    vertex 106.9124 9.2999 10.0000
    vertex 106.9959 9.4250 10.0000
  endloop
endfacet
facet normal 0.000000 0.000000 -1.000000
  outer loop
    vertex 106.9959 9.4250 0.0000
    vertex 115.2388 6.1732 0.0000
    vertex 114.6603 5.0000 0.0000
  endloop
endfacet
facet normal 0.000000 0.000000 -1.000000
  outer loop
    vertex 106.9959 9.4250 0.0000
    vertex 107.0625 9.5599 0.0000
    vertex 115.2388 6.1732 0.0000
  endloop
endfacet
facet normal 0.000000 0.000000 1.000000
  outer loop
    vertex 106.9959 9.4250 10.0000
    vertex 114.6603 5.0000 10.0000
    vertex 115.2388 6.1732 10.0000
  endloop
endfacet
facet normal -0.000000 0.000000 1.000000
  outer loop
    vertex 106.9959 9.4250 10.0000
    vertex 115.2388 6.1732 10.0000
    vertex 107.0625 9.5599 10.0000
  endloop
endfacet
facet normal 0.896873 -0.442289 0.000000
  outer loop
    vertex 114.6603 5.0000 0.0000
    vertex 115.2388 6.1732 0.0000
    vertex 115.2388 6.1732 10.0000
  endloop
endfacet
facet normal 0.896873 -0.442289 0.000000
  outer loop
    vertex 114.6603 5.0000 0.0000
    vertex 115.2388 6.1732 10.0000
    vertex 114.6603 5.0000 10.0000
  endloop
endfacet
facet normal -0.896873 0.442289 0.000000
  outer loop
    vertex 106.9959 9.4250 0.0000
    vertex 107.0625 9.5599 10.0000
    vertex 107.0625 9.5599 0.0000
  endloop
endfacet
facet normal -0.896873 0.442289 0.000000
  outer loop
    vertex 106.9959 9.4250 0.0000
    vertex 106.9959 9.4250 10.0000
    vertex 107.0625 9.5599 10.0000
  endloop
endfacet
facet normal 0.000000 0.000000 -1.000000
  outer loop
    vertex 107.0625 9.5599 0.0000
    vertex 115.6593 7.4118 0.0000
    vertex 115.2388 6.1732 0.0000
  endloop
endfacet
facet normal 0.000000 0.000000 -1.000000
  outer loop
    vertex 107.0625 9.5599 0.0000
    vertex 107.1108 9.7024 0.0000
    vertex 115.6593 7.4118 0.0000
  endloop
endfacet
facet normal 0.000000 0.000000 1.000000
  outer loop
    vertex 107.0625 9.5599 10.0000
    vertex 115.2388 6.1732 10.0000
    vertex 115.6593 7.4118 10.0000
  endloop
endfacet
facet normal -0.000000 0.000000 1.000000
  outer loop
    vertex 107.0625 9.5599 10.0000
    vertex 115.6593 7.4118 10.0000
    vertex 107.1108 9.7024 10.0000
  endloop
endfacet
facet normal 0.946930 -0.321439 0.000000
  outer loop
    vertex 115.2388 6.1732 0.0000
    vertex 115.6593 7.4118 0.0000
    vertex 115.6593 7.4118 10.0000
  endloop
endfacet
facet normal 0.946930 -0.321439 0.000000
  outer loop
    vertex 115.2388 6.1732 0.0000
    vertex 115.6593 7.4118 10.0000
    vertex 115.2388 6.1732 10.0000
  endloop
endfacet
facet normal -0.946930 0.321439 0.000000
  outer loop
    vertex 107.0625 9.5599 0.0000
    vertex 107.1108 9.7024 10.0000
    vertex 107.1108 9.7024 0.0000
  endloop
endfacet
facet normal -0.946930 0.321439 0.000000
  outer loop
    vertex 107.0625 9.5599 0.0000
    vertex 107.0625 9.5599 10.0000
    vertex 107.1108 9.7024 10.0000
  endloop
endfacet
facet normal 0.000000 0.000000 -1.000000
  outer loop
    vertex 107.1108 9.7024 0.0000
    vertex 115.9144 8.6947 0.0000
    vertex 115.6593 7.4118 0.0000
  endloop
endfacet
facet normal 0.000000 0.000000 -1.000000
  outer loop
    vertex 107.1108 9.7024 0.0000
    vertex 107.1402 9.8499 0.0000
    vertex 115.9144 8.6947 0.0000
  endloop
endfacet
facet normal 0.000000 0.000000 1.000000
  outer loop
    vertex 107.1108 9.7024 10.0000
    vertex 115.6593 7.4118 10.0000
    vertex 115.9144 8.6947 10.0000
  endloop
endfacet
facet normal -0.000000 0.000000 1.000000
  outer loop
    vertex 107.1108 9.7024 10.0000
    vertex 115.9144 8.6947 10.0000
    vertex 107.1402 9.8499 10.0000
  endloop
endfacet
facet normal 0.980785 -0.195090 0.000000
  outer loop
    vertex 115.6593 7.4118 0.0000
    vertex 115.9144 8.6947 0.0000
    vertex 115.9144 8.6947 10.0000
  endloop
endfacet
facet normal 0.980785 -0.195090 0.000000
  outer loop
    vertex 115.6593 7.4118 0.0000
    vertex 115.9144 8.6947 10.0000
    vertex 115.6593 7.4118 10.0000
  endloop
endfacet
facet normal -0.980785 0.195090 0.000000
  outer loop
    vertex 107.1108 9.7024 0.0000
    vertex 107.1402 9.8499 10.0000
    vertex 107.1402 9.8499 0.0000
  endloop
endfacet
facet normal -0.980785 0.195090 0.000000
  outer loop
    vertex 107.1108 9.7024 0.0000
    vertex 107.1108 9.7024 10.0000
    vertex 107.1402 9.8499 10.0000
  endloop
endfacet
facet normal 0.000000 0.000000 -1.000000
  outer loop
    vertex 107.1402 9.8499 0.0000
    vertex 116.0000 10.0000 0.0000
    vertex 115.9144 8.6947 0.0000
  endloop
endfacet
facet normal 0.000000 0.000000 -1.000000
  outer loop
    vertex 107.1402 9.8499 0.0000
    vertex 107.1500 10.0000 0.0000
    vertex 116.0000 10.0000 0.0000
  endloop
endfacet
facet normal -0.000000 0.000000 1.000000
  outer loop
    vertex 107.1402 9.8499 10.0000
    vertex 115.9144 8.6947 10.0000
    vertex 116.0000 10.0000 10.0000
  endloop
endfacet
facet normal 0.000000 0.000000 1.000000
  outer loop
    vertex 107.1402 9.8499 10.0000
    vertex 116.0000 10.0000 10.0000
    vertex 107.1500 10.0000 10.0000
  endloop
endfacet
facet normal 0.997859 -0.065403 0.000000
  outer loop
    vertex 115.9144 8.6947 0.0000
    vertex 116.0000 10.0000 0.0000
    vertex 116.0000 10.0000 10.0000
  endloop
endfacet
facet normal 0.997859 -0.065403 0.000000
  outer loop
    vertex 115.9144 8.6947 0.0000
    vertex 116.0000 10.0000 10.0000
    vertex 115.9144 8.6947 10.0000
  endloop
endfacet
facet normal -0.997859 0.065403 0.000000
  outer loop
    vertex 107.1402 9.8499 0.0000
    vertex 107.1500 10.0000 10.0000
    vertex 107.1500 10.0000 0.0000
  endloop
endfacet
facet normal -0.997859 0.065403 0.000000
  outer loop
    vertex 107.1402 9.8499 0.0000
    vertex 107.1402 9.8499 10.0000
    vertex 107.1500 10.0000 10.0000
  endloop
endfacet
facet normal 0.000000 0.000000 -1.000000
  outer loop
    vertex 131.2000 10.0000 0.0000
    vertex 139.9144 11.3053 0.0000
    vertex 140.0000 10.0000 0.0000
  endloop
endfacet
facet normal 0.000000 0.000000 -1.000000
  outer loop
    vertex 131.2000 10.0000 0.0000
    vertex 131.1897 10.1566 0.0000
    vertex 139.9144 11.3053 0.0000
  endloop
endfacet
facet normal 0.000000 0.000000 1.000000
  outer loop
    vertex 131.2000 10.0000 11.0000
    vertex 140.0000 10.0000 11.0000
    vertex 139.9144 11.3053 11.0000
  endloop
endfacet
facet normal 0.000000 -0.000000 1.000000
  outer loop
    vertex 131.2000 10.0000 11.0000
    vertex 139.9144 11.3053 11.0000
    vertex 131.1897 10.1566 11.0000
  endloop
endfacet
facet normal 0.997859 0.065403 0.000000
  outer loop
    vertex 140.0000 10.0000 0.0000
    vertex 139.9144 11.3053 0.0000
    vertex 139.9144 11.3053 11.0000
  endloop
endfacet
facet normal 0.997859 0.065403 -0.000000
  outer loop
    vertex 140.0000 10.0000 0.0000
    vertex 139.9144 11.3053 11.0000
    vertex 140.0000 10.0000 11.0000
  endloop
endfacet
facet normal -0.997859 -0.065403 0.000000
  outer loop
    vertex 131.2000 10.0000 0.0000
    vertex 131.1897 10.1566 11.0000
    vertex 131.1897 10.1566 0.0000
  endloop
endfacet
facet normal -0.997859 -0.065403 0.000000
  outer loop
    vertex 131.2000 10.0000 0.0000
    vertex 131.2000 10.0000 11.0000
    vertex 131.1897 10.1566 11.0000
  endloop
endfacet
facet normal 0.000000 0.000000 -1.000000
  outer loop
    vertex 131.1897 10.1566 0.0000
    vertex 139.6593 12.5882 0.0000
    vertex 139.9144 11.3053 0.0000
  endloop
endfacet
facet normal 0.000000 0.000000 -1.000000
  outer loop
    vertex 131.1897 10.1566 0.0000
    vertex 131.1591 10.3106 0.0000
    vertex 139.6593 12.5882 0.0000
  endloop
endfacet
facet normal 0.000000 0.000000 1.000000
  outer loop
    vertex 131.1897 10.1566 11.0000
    vertex 139.9144 11.3053 11.0000
    vertex 139.6593 12.5882 11.0000
  endloop
endfacet
facet normal 0.000000 -0.000000 1.000000
  outer loop
    vertex 131.1897 10.1566 11.0000
    vertex 139.6593 12.5882 11.0000
    vertex 131.1591 10.3106 11.0000
  endloop
endfacet
facet normal 0.980785 0.195090 0.000000
  outer loop
    vertex 139.9144 11.3053 0.0000
    vertex 139.6593 12.5882 0.0000
    vertex 139.6593 12.5882 11.0000
  endloop
endfacet
facet normal 0.980785 0.195090 -0.000000
  outer loop
    vertex 139.9144 11.3053 0.0000
    vertex 139.6593 12.5882 11.0000
    vertex 139.9144 11.3053 11.0000
  endloop
endfacet
facet normal -0.980785 -0.195090 0.000000
  outer loop
    vertex 131.1897 10.1566 0.0000
    vertex 131.1591 10.3106 11.0000
    vertex 131.1591 10.3106 0.0000
  endloop
endfacet
facet normal -0.980785 -0.195090 0.000000
  outer loop
    vertex 131.1897 10.1566 0.0000
    vertex 131.1897 10.1566 11.0000
    vertex 131.1591 10.3106 11.0000
  endloop
endfacet
facet normal 0.000000 0.000000 -1.000000
  outer loop
    vertex 131.1591 10.3106 0.0000
    vertex 139.2388 13.8268 0.0000
    vertex 139.6593 12.5882 0.0000
  endloop
endfacet
facet normal 0.000000 0.000000 -1.000000
  outer loop
    vertex 131.1591 10.3106 0.0000
    vertex 131.1087 10.4592 0.0000
    vertex 139.2388 13.8268 0.0000
  endloop
endfacet
facet normal 0.000000 0.000000 1.000000
  outer loop
    vertex 131.1591 10.3106 11.0000
    vertex 139.6593 12.5882 11.0000
    vertex 139.2388 13.8268 11.0000
  endloop
endfacet
facet normal 0.000000 -0.000000 1.000000
  outer loop
    vertex 131.1591 10.3106 11.0000
    vertex 139.2388 13.8268 11.0000
    vertex 131.1087 10.4592 11.0000
  endloop
endfacet
facet normal 0.946930 0.321439 0.000000
  outer loop
    vertex 139.6593 12.5882 0.0000
    vertex 139.2388 13.8268 0.0000
    vertex 139.2388 13.8268 11.0000
  endloop
endfacet
facet normal 0.946930 0.321439 -0.000000
  outer loop
    vertex 139.6593 12.5882 0.0000
    vertex 139.2388 13.8268 11.0000
    vertex 139.6593 12.5882 11.0000
  endloop
endfacet
facet normal -0.946930 -0.321439 0.000000
  outer loop
    vertex 131.1591 10.3106 0.0000
    vertex 131.1087 10.4592 11.0000
    vertex 131.1087 10.4592 0.0000
  endloop
endfacet
facet normal -0.946930 -0.321439 0.000000
  outer loop
    vertex 131.1591 10.3106 0.0000
    vertex 131.1591 10.3106 11.0000
    vertex 131.1087 10.4592 11.0000
  endloop
endfacet
facet normal 0.000000 0.000000 -1.000000
  outer loop
    vertex 131.1087 10.4592 0.0000
    vertex 138.6603 15.0000 0.0000
    vertex 139.2388 13.8268 0.0000
  endloop
endfacet
facet normal 0.000000 0.000000 -1.000000
  outer loop
    vertex 131.1087 10.4592 0.0000
    vertex 131.0392 10.6000 0.0000
    vertex 138.6603 15.0000 0.0000
  endloop
endfacet
facet normal 0.000000 0.000000 1.000000
  outer loop
    vertex 131.1087 10.4592 11.0000
    vertex 139.2388 13.8268 11.0000
    vertex 138.6603 15.0000 11.0000
  endloop
endfacet
facet normal 0.000000 -0.000000 1.000000
  outer loop
    vertex 131.1087 10.4592 11.0000
    vertex 138.6603 15.0000 11.0000
    vertex 131.0392 10.6000 11.0000
  endloop
endfacet
facet normal 0.896873 0.442289 0.000000
  outer loop
    vertex 139.2388 13.8268 0.0000
    vertex 138.6603 15.0000 0.0000
    vertex 138.6603 15.0000 11.0000
  endloop
endfacet
facet normal 0.896873 0.442289 -0.000000
  outer loop
    vertex 139.2388 13.8268 0.0000
    vertex 138.6603 15.0000 11.0000
    vertex 139.2388 13.8268 11.0000
  endloop
endfacet
facet normal -0.896873 -0.442289 0.000000
  outer loop
    vertex 131.1087 10.4592 0.0000
    vertex 131.0392 10.6000 11.0000
    vertex 131.0392 10.6000 0.0000
  endloop
endfacet
facet normal -0.896873 -0.442289 0.000000
  outer loop
    vertex 131.1087 10.4592 0.0000
    vertex 131.1087 10.4592 11.0000
    vertex 131.0392 10.6000 11.0000
  endloop
endfacet
facet normal 0.000000 0.000000 -1.000000
  outer loop
    vertex 131.0392 10.6000 0.0000
    vertex 137.9335 16.0876 0.0000
    vertex 138.6603 15.0000 0.0000
  endloop
endfacet
facet normal 0.000000 0.000000 -1.000000
  outer loop
    vertex 131.0392 10.6000 0.0000
    vertex 130.9520 10.7305 0.0000
    vertex 137.9335 16.0876 0.0000
  endloop
endfacet
facet normal 0.000000 0.000000 1.000000
  outer loop
    vertex 131.0392 10.6000 11.0000
    vertex 138.6603 15.0000 11.0000
    vertex 137.9335 16.0876 11.0000
  endloop
endfacet
facet normal 0.000000 -0.000000 1.000000
  outer loop
    vertex 131.0392 10.6000 11.0000
    vertex 137.9335 16.0876 11.0000
    vertex 130.9520 10.7305 11.0000
  endloop
endfacet
facet normal 0.831470 0.555570 0.000000
  outer loop
    vertex 138.6603 15.0000 0.0000
    vertex 137.9335 16.0876 0.0000
    vertex 137.9335 16.0876 11.0000
  endloop
endfacet
facet normal 0.831470 0.555570 -0.000000
  outer loop
    vertex 138.6603 15.0000 0.0000
    vertex 137.9335 16.0876 11.0000
    vertex 138.6603 15.0000 11.0000
  endloop
endfacet
facet normal -0.831470 -0.555570 0.000000
  outer loop
    vertex 131.0392 10.6000 0.0000
    vertex 130.9520 10.7305 11.0000
    vertex 130.9520 10.7305 0.0000
  endloop
endfacet
facet normal -0.831470 -0.555570 0.000000
  outer loop
    vertex 131.0392 10.6000 0.0000
    vertex 131.0392 10.6000 11.0000
    vertex 130.9520 10.7305 11.0000
  endloop
endfacet
facet normal 0.000000 0.000000 -1.000000
  outer loop
    vertex 130.9520 10.7305 0.0000
    vertex 137.0711 17.0711 0.0000
    vertex 137.9335 16.0876 0.0000
  endloop
endfacet
facet normal 0.000000 0.000000 -1.000000
  outer loop
    vertex 130.9520 10.7305 0.0000
    vertex 130.8485 10.8485 0.0000
    vertex 137.0711 17.0711 0.0000
  endloop
endfacet
facet normal 0.000000 0.000000 1.000000
  outer loop
    vertex 130.9520 10.7305 11.0000
    vertex 137.9335 16.0876 11.0000
    vertex 137.0711 17.0711 11.0000
  endloop
endfacet
facet normal 0.000000 -0.000000 1.000000
  outer loop
    vertex 130.9520 10.7305 11.0000
    vertex 137.0711 17.0711 11.0000
    vertex 130.8485 10.8485 11.0000
  endloop
endfacet
facet normal 0.751840 0.659346 0.000000
  outer loop
    vertex 137.9335 16.0876 0.0000
    vertex 137.0711 17.0711 0.0000
    vertex 137.0711 17.0711 11.0000
  endloop
endfacet
facet normal 0.751840 0.659346 -0.000000
  outer loop
    vertex 137.9335 16.0876 0.0000
    vertex 137.0711 17.0711 11.0000
    vertex 137.9335 16.0876 11.0000
  endloop
endfacet
facet normal -0.751840 -0.659346 0.000000
  outer loop
    vertex 130.9520 10.7305 0.0000
    vertex 130.8485 10.8485 11.0000
    vertex 130.8485 10.8485 0.0000
  endloop
endfacet
facet normal -0.751840 -0.659346 0.000000
  outer loop
    vertex 130.9520 10.7305 0.0000
    vertex 130.9520 10.7305 11.0000
    vertex 130.8485 10.8485 11.0000
  endloop
endfacet
facet normal 0.000000 0.000000 -1.000000
  outer loop
    vertex 130.8485 10.8485 0.0000
    vertex 136.0876 17.9335 0.0000
    vertex 137.0711 17.0711 0.0000
  endloop
endfacet
facet normal 0.000000 0.000000 -1.000000
  outer loop
    vertex 130.8485 10.8485 0.0000
    vertex 130.7305 10.9520 0.0000
    vertex 136.0876 17.9335 0.0000
  endloop
endfacet
facet normal 0.000000 0.000000 1.000000
  outer loop
    vertex 130.8485 10.8485 11.0000
    vertex 137.0711 17.0711 11.0000
    vertex 136.0876 17.9335 11.0000
  endloop
endfacet
facet normal 0.000000 -0.000000 1.000000
  outer loop
    vertex 130.8485 10.8485 11.0000
    vertex 136.0876 17.9335 11.0000
    vertex 130.7305 10.9520 11.0000
  endloop
endfacet
facet normal 0.659346 0.751840 0.000000
  outer loop
    vertex 137.0711 17.0711 0.0000
    vertex 136.0876 17.9335 0.0000
    vertex 136.0876 17.9335 11.0000
  endloop
endfacet
facet normal 0.659346 0.751840 -0.000000
  outer loop
    vertex 137.0711 17.0711 0.0000
    vertex 136.0876 17.9335 11.0000
    vertex 137.0711 17.0711 11.0000
  endloop
endfacet
facet normal -0.659346 -0.751840 0.000000
  outer loop
    vertex 130.8485 10.8485 0.0000
    vertex 130.7305 10.9520 11.0000
    vertex 130.7305 10.9520 0.0000
  endloop
endfacet
facet normal -0.659346 -0.751840 0.000000
  outer loop
    vertex 130.8485 10.8485 0.0000
    vertex 130.8485 10.8485 11.0000
    vertex 130.7305 10.9520 11.0000
  endloop
endfacet
facet normal 0.000000 0.000000 -1.000000
  outer loop
    vertex 130.7305 10.9520 0.0000
    vertex 135.0000 18.6603 0.0000
    vertex 136.0876 17.9335 0.0000
  endloop
endfacet
facet normal 0.000000 0.000000 -1.000000
  outer loop
    vertex 130.7305 10.9520 0.0000
    vertex 130.6000 11.0392 0.0000
    vertex 135.0000 18.6603 0.0000
  endloop
endfacet
facet normal 0.000000 0.000000 1.000000
  outer loop
    vertex 130.7305 10.9520 11.0000
    vertex 136.0876 17.9335 11.0000
    vertex 135.0000 18.6603 11.0000
  endloop
endfacet
facet normal 0.000000 -0.000000 1.000000
  outer loop
    vertex 130.7305 10.9520 11.0000
    vertex 135.0000 18.6603 11.0000
    vertex 130.6000 11.0392 11.0000
  endloop
endfacet
facet normal 0.555570 0.831470 0.000000
  outer loop
    vertex 136.0876 17.9335 0.0000
    vertex 135.0000 18.6603 0.0000
    vertex 135.0000 18.6603 11.0000
  endloop
endfacet
facet normal 0.555570 0.831470 -0.000000
  outer loop
    vertex 136.0876 17.9335 0.0000
    vertex 135.0000 18.6603 11.0000
    vertex 136.0876 17.9335 11.0000
  endloop
endfacet
facet normal -0.555570 -0.831470 0.000000
  outer loop
    vertex 130.7305 10.9520 0.0000
    vertex 130.6000 11.0392 11.0000
    vertex 130.6000 11.0392 0.0000
  endloop
endfacet
facet normal -0.555570 -0.831470 0.000000
  outer loop
    vertex 130.7305 10.9520 0.0000
    vertex 130.7305 10.9520 11.0000
    vertex 130.6000 11.0392 11.0000
  endloop
endfacet
facet normal 0.000000 0.000000 -1.000000
  outer loop
    vertex 130.6000 11.0392 0.0000
    vertex 133.8268 19.2388 0.0000
    vertex 135.0000 18.6603 0.0000
  endloop
endfacet
facet normal 0.000000 0.000000 -1.000000
  outer loop
    vertex 130.6000 11.0392 0.0000
    vertex 130.4592 11.1087 0.0000
    vertex 133.8268 19.2388 0.0000
  endloop
endfacet
facet normal 0.000000 0.000000 1.000000
  outer loop
    vertex 130.6000 11.0392 11.0000
    vertex 135.0000 18.6603 11.0000
    vertex 133.8268 19.2388 11.0000
  endloop
endfacet
facet normal 0.000000 -0.000000 1.000000
  outer loop
    vertex 130.6000 11.0392 11.0000
    vertex 133.8268 19.2388 11.0000
    vertex 130.4592 11.1087 11.0000
  endloop
endfacet
facet normal 0.442289 0.896873 0.000000
  outer loop
    vertex 135.0000 18.6603 0.0000
    vertex 133.8268 19.2388 0.0000
    vertex 133.8268 19.2388 11.0000
  endloop
endfacet
facet normal 0.442289 0.896873 -0.000000
  outer loop
    vertex 135.0000 18.6603 0.0000
    vertex 133.8268 19.2388 11.0000
    vertex 135.0000 18.6603 11.0000
  endloop
endfacet
facet normal -0.442289 -0.896873 0.000000
  outer loop
    vertex 130.6000 11.0392 0.0000
    vertex 130.4592 11.1087 11.0000
    vertex 130.4592 11.1087 0.0000
  endloop
endfacet
facet normal -0.442289 -0.896873 0.000000
  outer loop
    vertex 130.6000 11.0392 0.0000
    vertex 130.6000 11.0392 11.0000
    vertex 130.4592 11.1087 11.0000
  endloop
endfacet
facet normal 0.000000 0.000000 -1.000000
  outer loop
    vertex 130.4592 11.1087 0.0000
    vertex 132.5882 19.6593 0.0000
    vertex 133.8268 19.2388 0.0000
  endloop
endfacet
facet normal 0.000000 0.000000 -1.000000
  outer loop
    vertex 130.4592 11.1087 0.0000
    vertex 130.3106 11.1591 0.0000
    vertex 132.5882 19.6593 0.0000
  endloop
endfacet
facet normal 0.000000 0.000000 1.000000
  outer loop
    vertex 130.4592 11.1087 11.0000
    vertex 133.8268 19.2388 11.0000
    vertex 132.5882 19.6593 11.0000
  endloop
endfacet
facet normal 0.000000 -0.000000 1.000000
  outer loop
    vertex 130.4592 11.1087 11.0000
    vertex 132.5882 19.6593 11.0000
    vertex 130.3106 11.1591 11.0000
  endloop
endfacet
facet normal 0.321439 0.946930 0.000000
  outer loop
    vertex 133.8268 19.2388 0.0000
    vertex 132.5882 19.6593 0.0000
    vertex 132.5882 19.6593 11.0000
  endloop
endfacet
facet normal 0.321439 0.946930 -0.000000
  outer loop
    vertex 133.8268 19.2388 0.0000
    vertex 132.5882 19.6593 11.0000
    vertex 133.8268 19.2388 11.0000
  endloop
endfacet
facet normal -0.321439 -0.946930 0.000000
  outer loop
    vertex 130.4592 11.1087 0.0000
    vertex 130.3106 11.1591 11.0000
    vertex 130.3106 11.1591 0.0000
  endloop
endfacet
facet normal -0.321439 -0.946930 0.000000
  outer loop
    vertex 130.4592 11.1087 0.0000
    vertex 130.4592 11.1087 11.0000
    vertex 130.3106 11.1591 11.0000
  endloop
endfacet
facet normal 0.000000 0.000000 -1.000000
  outer loop
    vertex 130.3106 11.1591 0.0000
    vertex 131.3053 19.9144 0.0000
    vertex 132.5882 19.6593 0.0000
  endloop
endfacet
facet normal 0.000000 0.000000 -1.000000
  outer loop
    vertex 130.3106 11.1591 0.0000
    vertex 130.1566 11.1897 0.0000
    vertex 131.3053 19.9144 0.0000
  endloop
endfacet
facet normal 0.000000 0.000000 1.000000
  outer loop
    vertex 130.3106 11.1591 11.0000
    vertex 132.5882 19.6593 11.0000
    vertex 131.3053 19.9144 11.0000
  endloop
endfacet
facet normal 0.000000 -0.000000 1.000000
  outer loop
    vertex 130.3106 11.1591 11.0000
    vertex 131.3053 19.9144 11.0000
    vertex 130.1566 11.1897 11.0000
  endloop
endfacet
facet normal 0.195090 0.980785 0.000000
  outer loop
    vertex 132.5882 19.6593 0.0000
    vertex 131.3053 19.9144 0.0000
    vertex 131.3053 19.9144 11.0000
  endloop
endfacet
facet normal 0.195090 0.980785 -0.000000
  outer loop
    vertex 132.5882 19.6593 0.0000
    vertex 131.3053 19.9144 11.0000
    vertex 132.5882 19.6593 11.0000
  endloop
endfacet
facet normal -0.195090 -0.980785 0.000000
  outer loop
    vertex 130.3106 11.1591 0.0000
    vertex 130.1566 11.1897 11.0000
    vertex 130.1566 11.1897 0.0000
  endloop
endfacet
facet normal -0.195090 -0.980785 0.000000
  outer loop
    vertex 130.3106 11.1591 0.0000
    vertex 130.3106 11.1591 11.0000
    vertex 130.1566 11.1897 11.0000
  endloop
endfacet
facet normal 0.000000 0.000000 -1.000000
  outer loop
    vertex 130.1566 11.1897 0.0000
    vertex 130.0000 20.0000 0.0000
    vertex 131.3053 19.9144 0.0000
  endloop
endfacet
facet normal 0.000000 0.000000 -1.000000
  outer loop
    vertex 130.1566 11.1897 0.0000
    vertex 130.0000 11.2000 0.0000
    vertex 130.0000 20.0000 0.0000
  endloop
endfacet
facet normal 0.000000 -0.000000 1.000000
  outer loop
    vertex 130.1566 11.1897 11.0000
    vertex 131.3053 19.9144 11.0000
    vertex 130.0000 20.0000 11.0000
  endloop
endfacet
facet normal 0.000000 0.000000 1.000000
  outer loop
    vertex 130.1566 11.1897 11.0000
    vertex 130.0000 20.0000 11.0000
    vertex 130.0000 11.2000 11.0000
  endloop
endfacet
facet normal 0.065403 0.997859 0.000000
  outer loop
    vertex 131.3053 19.9144 0.0000
    vertex 130.0000 20.0000 0.0000
    vertex 130.0000 20.0000 11.0000
  endloop
endfacet
facet normal 0.065403 0.997859 -0.000000
  outer loop
    vertex 131.3053 19.9144 0.0000
    vertex 130.0000 20.0000 11.0000
    vertex 131.3053 19.9144 11.0000
  endloop
endfacet
facet normal -0.065403 -0.997859 0.000000
  outer loop
    vertex 130.1566 11.1897 0.0000
    vertex 130.0000 11.2000 11.0000
    vertex 130.0000 11.2000 0.0000
  endloop
endfacet
facet normal -0.065403 -0.997859 0.000000
  outer loop
    vertex 130.1566 11.1897 0.0000
    vertex 130.1566 11.1897 11.0000
    vertex 130.0000 11.2000 11.0000
  endloop
endfacet
facet normal 0.000000 0.000000 -1.000000
  outer loop
    vertex 130.0000 11.2000 0.0000
    vertex 128.6947 19.9144 0.0000
    vertex 130.0000 20.0000 0.0000
  endloop
endfacet
facet normal -0.000000 0.000000 -1.000000
  outer loop
    vertex 130.0000 11.2000 0.0000
    vertex 129.8434 11.1897 0.0000
    vertex 128.6947 19.9144 0.0000
  endloop
endfacet
facet normal 0.000000 -0.000000 1.000000
  outer loop
    vertex 130.0000 11.2000 11.0000
    vertex 130.0000 20.0000 11.0000
    vertex 128.6947 19.9144 11.0000
  endloop
endfacet
facet normal 0.000000 0.000000 1.000000
  outer loop
    vertex 130.0000 11.2000 11.0000
    vertex 128.6947 19.9144 11.0000
    vertex 129.8434 11.1897 11.0000
  endloop
endfacet
facet normal -0.065403 0.997859 0.000000
  outer loop
    vertex 130.0000 20.0000 0.0000
    vertex 128.6947 19.9144 0.0000
    vertex 128.6947 19.9144 11.0000
  endloop
endfacet
facet normal -0.065403 0.997859 0.000000
  outer loop
    vertex 130.0000 20.0000 0.0000
    vertex 128.6947 19.9144 11.0000
    vertex 130.0000 20.0000 11.0000
  endloop
endfacet
facet normal 0.065403 -0.997859 0.000000
  outer loop
    vertex 130.0000 11.2000 0.0000
    vertex 129.8434 11.1897 11.0000
    vertex 129.8434 11.1897 0.0000
  endloop
endfacet
facet normal 0.065403 -0.997859 0.000000
  outer loop
    vertex 130.0000 11.2000 0.0000
    vertex 130.0000 11.2000 11.0000
    vertex 129.8434 11.1897 11.0000
  endloop
endfacet
facet normal 0.000000 0.000000 -1.000000
  outer loop
    vertex 129.8434 11.1897 0.0000
    vertex 127.4118 19.6593 0.0000
    vertex 128.6947 19.9144 0.0000
  endloop
endfacet
facet normal -0.000000 0.000000 -1.000000
  outer loop
    vertex 129.8434 11.1897 0.0000
    vertex 129.6894 11.1591 0.0000
    vertex 127.4118 19.6593 0.0000
  endloop
endfacet
facet normal 0.000000 0.000000 1.000000
  outer loop
    vertex 129.8434 11.1897 11.0000
    vertex 128.6947 19.9144 11.0000
    vertex 127.4118 19.6593 11.0000
  endloop
endfacet
facet normal 0.000000 0.000000 1.000000
  outer loop
    vertex 129.8434 11.1897 11.0000
    vertex 127.4118 19.6593 11.0000
    vertex 129.6894 11.1591 11.0000
  endloop
endfacet
facet normal -0.195090 0.980785 0.000000
  outer loop
    vertex 128.6947 19.9144 0.0000
    vertex 127.4118 19.6593 0.0000
    vertex 127.4118 19.6593 11.0000
  endloop
endfacet
facet normal -0.195090 0.980785 0.000000
  outer loop
    vertex 128.6947 19.9144 0.0000
    vertex 127.4118 19.6593 11.0000
    vertex 128.6947 19.9144 11.0000
  endloop
endfacet
facet normal 0.195090 -0.980785 0.000000
  outer loop
    vertex 129.8434 11.1897 0.0000
    vertex 129.6894 11.1591 11.0000
    vertex 129.6894 11.1591 0.0000
  endloop
endfacet
facet normal 0.195090 -0.980785 0.000000
  outer loop
    vertex 129.8434 11.1897 0.0000
    vertex 129.8434 11.1897 11.0000
    vertex 129.6894 11.1591 11.0000
  endloop
endfacet
facet normal 0.000000 0.000000 -1.000000
  outer loop
    vertex 129.6894 11.1591 0.0000
    vertex 126.1732 19.2388 0.0000
    vertex 127.4118 19.6593 0.0000
  endloop
endfacet
facet normal -0.000000 0.000000 -1.000000
  outer loop
    vertex 129.6894 11.1591 0.0000
    vertex 129.5408 11.1087 0.0000
    vertex 126.1732 19.2388 0.0000
  endloop
endfacet
facet normal 0.000000 0.000000 1.000000
  outer loop
    vertex 129.6894 11.1591 11.0000
    vertex 127.4118 19.6593 11.0000
    vertex 126.1732 19.2388 11.0000
  endloop
endfacet
facet normal 0.000000 0.000000 1.000000
  outer loop
    vertex 129.6894 11.1591 11.0000
    vertex 126.1732 19.2388 11.0000
    vertex 129.5408 11.1087 11.0000
  endloop
endfacet
facet normal -0.321439 0.946930 0.000000
  outer loop
    vertex 127.4118 19.6593 0.0000
    vertex 126.1732 19.2388 0.0000
    vertex 126.1732 19.2388 11.0000
  endloop
endfacet
facet normal -0.321439 0.946930 0.000000
  outer loop
    vertex 127.4118 19.6593 0.0000
    vertex 126.1732 19.2388 11.0000
    vertex 127.4118 19.6593 11.0000
  endloop
endfacet
facet normal 0.321439 -0.946930 0.000000
  outer loop
    vertex 129.6894 11.1591 0.0000
    vertex 129.5408 11.1087 11.0000
    vertex 129.5408 11.1087 0.0000
  endloop
endfacet
facet normal 0.321439 -0.946930 0.000000
  outer loop
    vertex 129.6894 11.1591 0.0000
    vertex 129.6894 11.1591 11.0000
    vertex 129.5408 11.1087 11.0000
  endloop
endfacet
facet normal 0.000000 0.000000 -1.000000
  outer loop
    vertex 129.5408 11.1087 0.0000
    vertex 125.0000 18.6603 0.0000
    vertex 126.1732 19.2388 0.0000
  endloop
endfacet
facet normal -0.000000 0.000000 -1.000000
  outer loop
    vertex 129.5408 11.1087 0.0000
    vertex 129.4000 11.0392 0.0000
    vertex 125.0000 18.6603 0.0000
  endloop
endfacet
facet normal 0.000000 0.000000 1.000000
  outer loop
    vertex 129.5408 11.1087 11.0000
    vertex 126.1732 19.2388 11.0000
    vertex 125.0000 18.6603 11.0000
  endloop
endfacet
facet normal 0.000000 0.000000 1.000000
  outer loop
    vertex 129.5408 11.1087 11.0000
    vertex 125.0000 18.6603 11.0000
    vertex 129.4000 11.0392 11.0000
  endloop
endfacet
facet normal -0.442289 0.896873 0.000000
  outer loop
    vertex 126.1732 19.2388 0.0000
    vertex 125.0000 18.6603 0.0000
    vertex 125.0000 18.6603 11.0000
  endloop
endfacet
facet normal -0.442289 0.896873 0.000000
  outer loop
    vertex 126.1732 19.2388 0.0000
    vertex 125.0000 18.6603 11.0000
    vertex 126.1732 19.2388 11.0000
  endloop
endfacet
facet normal 0.442289 -0.896873 0.000000
  outer loop
    vertex 129.5408 11.1087 0.0000
    vertex 129.4000 11.0392 11.0000
    vertex 129.4000 11.0392 0.0000
  endloop
endfacet
facet normal 0.442289 -0.896873 0.000000
  outer loop
    vertex 129.5408 11.1087 0.0000
    vertex 129.5408 11.1087 11.0000
    vertex 129.4000 11.0392 11.0000
  endloop
endfacet
facet normal 0.000000 0.000000 -1.000000
  outer loop
    vertex 129.4000 11.0392 0.0000
    vertex 123.9124 17.9335 0.0000
    vertex 125.0000 18.6603 0.0000
  endloop
endfacet
facet normal -0.000000 0.000000 -1.000000
  outer loop
    vertex 129.4000 11.0392 0.0000
    vertex 129.2695 10.9520 0.0000
    vertex 123.9124 17.9335 0.0000
  endloop
endfacet
facet normal 0.000000 0.000000 1.000000
  outer loop
    vertex 129.4000 11.0392 11.0000
    vertex 125.0000 18.6603 11.0000
    vertex 123.9124 17.9335 11.0000
  endloop
endfacet
facet normal 0.000000 0.000000 1.000000
  outer loop
    vertex 129.4000 11.0392 11.0000
    vertex 123.9124 17.9335 11.0000
    vertex 129.2695 10.9520 11.0000
  endloop
endfacet
facet normal -0.555570 0.831470 0.000000
  outer loop
    vertex 125.0000 18.6603 0.0000
    vertex 123.9124 17.9335 0.0000
    vertex 123.9124 17.9335 11.0000
  endloop
endfacet
facet normal -0.555570 0.831470 0.000000
  outer loop
    vertex 125.0000 18.6603 0.0000
    vertex 123.9124 17.9335 11.0000
    vertex 125.0000 18.6603 11.0000
  endloop
endfacet
facet normal 0.555570 -0.831470 0.000000
  outer loop
    vertex 129.4000 11.0392 0.0000
    vertex 129.2695 10.9520 11.0000
    vertex 129.2695 10.9520 0.0000
  endloop
endfacet
facet normal 0.555570 -0.831470 0.000000
  outer loop
    vertex 129.4000 11.0392 0.0000
    vertex 129.4000 11.0392 11.0000
    vertex 129.2695 10.9520 11.0000
  endloop
endfacet
facet normal 0.000000 0.000000 -1.000000
  outer loop
    vertex 129.2695 10.9520 0.0000
    vertex 122.9289 17.0711 0.0000
    vertex 123.9124 17.9335 0.0000
  endloop
endfacet
facet normal -0.000000 0.000000 -1.000000
  outer loop
    vertex 129.2695 10.9520 0.0000
    vertex 129.1515 10.8485 0.0000
    vertex 122.9289 17.0711 0.0000
  endloop
endfacet
facet normal 0.000000 0.000000 1.000000
  outer loop
    vertex 129.2695 10.9520 11.0000
    vertex 123.9124 17.9335 11.0000
    vertex 122.9289 17.0711 11.0000
  endloop
endfacet
facet normal 0.000000 0.000000 1.000000
  outer loop
    vertex 129.2695 10.9520 11.0000
    vertex 122.9289 17.0711 11.0000
    vertex 129.1515 10.8485 11.0000
  endloop
endfacet
facet normal -0.659346 0.751840 0.000000
  outer loop
    vertex 123.9124 17.9335 0.0000
    vertex 122.9289 17.0711 0.0000
    vertex 122.9289 17.0711 11.0000
  endloop
endfacet
facet normal -0.659346 0.751840 0.000000
  outer loop
    vertex 123.9124 17.9335 0.0000
    vertex 122.9289 17.0711 11.0000
    vertex 123.9124 17.9335 11.0000
  endloop
endfacet
facet normal 0.659346 -0.751840 0.000000
  outer loop
    vertex 129.2695 10.9520 0.0000
    vertex 129.1515 10.8485 11.0000
    vertex 129.1515 10.8485 0.0000
  endloop
endfacet
facet normal 0.659346 -0.751840 0.000000
  outer loop
    vertex 129.2695 10.9520 0.0000
    vertex 129.2695 10.9520 11.0000
    vertex 129.1515 10.8485 11.0000
  endloop
endfacet
facet normal 0.000000 0.000000 -1.000000
  outer loop
    vertex 129.1515 10.8485 0.0000
    vertex 122.0665 16.0876 0.0000
    vertex 122.9289 17.0711 0.0000
  endloop
endfacet
facet normal -0.000000 0.000000 -1.000000
  outer loop
    vertex 129.1515 10.8485 0.0000
    vertex 129.0480 10.7305 0.0000
    vertex 122.0665 16.0876 0.0000
  endloop
endfacet
facet normal 0.000000 0.000000 1.000000
  outer loop
    vertex 129.1515 10.8485 11.0000
    vertex 122.9289 17.0711 11.0000
    vertex 122.0665 16.0876 11.0000
  endloop
endfacet
facet normal 0.000000 0.000000 1.000000
  outer loop
    vertex 129.1515 10.8485 11.0000
    vertex 122.0665 16.0876 11.0000
    vertex 129.0480 10.7305 11.0000
  endloop
endfacet
facet normal -0.751840 0.659346 0.000000
  outer loop
    vertex 122.9289 17.0711 0.0000
    vertex 122.0665 16.0876 0.0000
    vertex 122.0665 16.0876 11.0000
  endloop
endfacet
facet normal -0.751840 0.659346 0.000000
  outer loop
    vertex 122.9289 17.0711 0.0000
    vertex 122.0665 16.0876 11.0000
    vertex 122.9289 17.0711 11.0000
  endloop
endfacet
facet normal 0.751840 -0.659346 0.000000
  outer loop
    vertex 129.1515 10.8485 0.0000
    vertex 129.0480 10.7305 11.0000
    vertex 129.0480 10.7305 0.0000
  endloop
endfacet
facet normal 0.751840 -0.659346 0.000000
  outer loop
    vertex 129.1515 10.8485 0.0000
    vertex 129.1515 10.8485 11.0000
    vertex 129.0480 10.7305 11.0000
  endloop
endfacet
facet normal 0.000000 0.000000 -1.000000
  outer loop
    vertex 129.0480 10.7305 0.0000
    vertex 121.3397 15.0000 0.0000
    vertex 122.0665 16.0876 0.0000
  endloop
endfacet
facet normal -0.000000 0.000000 -1.000000
  outer loop
    vertex 129.0480 10.7305 0.0000
    vertex 128.9608 10.6000 0.0000
    vertex 121.3397 15.0000 0.0000
  endloop
endfacet
facet normal 0.000000 0.000000 1.000000
  outer loop
    vertex 129.0480 10.7305 11.0000
    vertex 122.0665 16.0876 11.0000
    vertex 121.3397 15.0000 11.0000
  endloop
endfacet
facet normal 0.000000 0.000000 1.000000
  outer loop
    vertex 129.0480 10.7305 11.0000
    vertex 121.3397 15.0000 11.0000
    vertex 128.9608 10.6000 11.0000
  endloop
endfacet
facet normal -0.831470 0.555570 0.000000
  outer loop
    vertex 122.0665 16.0876 0.0000
    vertex 121.3397 15.0000 0.0000
    vertex 121.3397 15.0000 11.0000
  endloop
endfacet
facet normal -0.831470 0.555570 0.000000
  outer loop
    vertex 122.0665 16.0876 0.0000
    vertex 121.3397 15.0000 11.0000
    vertex 122.0665 16.0876 11.0000
  endloop
endfacet
facet normal 0.831470 -0.555570 0.000000
  outer loop
    vertex 129.0480 10.7305 0.0000
    vertex 128.9608 10.6000 11.0000
    vertex 128.9608 10.6000 0.0000
  endloop
endfacet
facet normal 0.831470 -0.555570 0.000000
  outer loop
    vertex 129.0480 10.7305 0.0000
    vertex 129.0480 10.7305 11.0000
    vertex 128.9608 10.6000 11.0000
  endloop
endfacet
facet normal 0.000000 0.000000 -1.000000
  outer loop
    vertex 128.9608 10.6000 0.0000
    vertex 120.7612 13.8268 0.0000
    vertex 121.3397 15.0000 0.0000
  endloop
endfacet
facet normal -0.000000 0.000000 -1.000000
  outer loop
    vertex 128.9608 10.6000 0.0000
    vertex 128.8913 10.4592 0.0000
    vertex 120.7612 13.8268 0.0000
  endloop
endfacet
facet normal 0.000000 0.000000 1.000000
  outer loop
    vertex 128.9608 10.6000 11.0000
    vertex 121.3397 15.0000 11.0000
    vertex 120.7612 13.8268 11.0000
  endloop
endfacet
facet normal 0.000000 0.000000 1.000000
  outer loop
    vertex 128.9608 10.6000 11.0000
    vertex 120.7612 13.8268 11.0000
    vertex 128.8913 10.4592 11.0000
  endloop
endfacet
facet normal -0.896873 0.442289 0.000000
  outer loop
    vertex 121.3397 15.0000 0.0000
    vertex 120.7612 13.8268 0.0000
    vertex 120.7612 13.8268 11.0000
  endloop
endfacet
facet normal -0.896873 0.442289 0.000000
  outer loop
    vertex 121.3397 15.0000 0.0000
    vertex 120.7612 13.8268 11.0000
    vertex 121.3397 15.0000 11.0000
  endloop
endfacet
facet normal 0.896873 -0.442289 0.000000
  outer loop
    vertex 128.9608 10.6000 0.0000
    vertex 128.8913 10.4592 11.0000
    vertex 128.8913 10.4592 0.0000
  endloop
endfacet
facet normal 0.896873 -0.442289 0.000000
  outer loop
    vertex 128.9608 10.6000 0.0000
    vertex 128.9608 10.6000 11.0000
    vertex 128.8913 10.4592 11.0000
  endloop
endfacet
facet normal 0.000000 0.000000 -1.000000
  outer loop
    vertex 128.8913 10.4592 0.0000
    vertex 120.3407 12.5882 0.0000
    vertex 120.7612 13.8268 0.0000
  endloop
endfacet
facet normal -0.000000 0.000000 -1.000000
  outer loop
    vertex 128.8913 10.4592 0.0000
    vertex 128.8409 10.3106 0.0000
    vertex 120.3407 12.5882 0.0000
  endloop
endfacet
facet normal 0.000000 0.000000 1.000000
  outer loop
    vertex 128.8913 10.4592 11.0000
    vertex 120.7612 13.8268 11.0000
    vertex 120.3407 12.5882 11.0000
  endloop
endfacet
facet normal 0.000000 0.000000 1.000000
  outer loop
    vertex 128.8913 10.4592 11.0000
    vertex 120.3407 12.5882 11.0000
    vertex 128.8409 10.3106 11.0000
  endloop
endfacet
facet normal -0.946930 0.321439 0.000000
  outer loop
    vertex 120.7612 13.8268 0.0000
    vertex 120.3407 12.5882 0.0000
    vertex 120.3407 12.5882 11.0000
  endloop
endfacet
facet normal -0.946930 0.321439 0.000000
  outer loop
    vertex 120.7612 13.8268 0.0000
    vertex 120.3407 12.5882 11.0000
    vertex 120.7612 13.8268 11.0000
  endloop
endfacet
facet normal 0.946930 -0.321439 0.000000
  outer loop
    vertex 128.8913 10.4592 0.0000
    vertex 128.8409 10.3106 11.0000
    vertex 128.8409 10.3106 0.0000
  endloop
endfacet
facet normal 0.946930 -0.321439 0.000000
  outer loop
    vertex 128.8913 10.4592 0.0000
    vertex 128.8913 10.4592 11.0000
    vertex 128.8409 10.3106 11.0000
  endloop
endfacet
facet normal 0.000000 0.000000 -1.000000
  outer loop
    vertex 128.8409 10.3106 0.0000
    vertex 120.0856 11.3053 0.0000
    vertex 120.3407 12.5882 0.0000
  endloop
endfacet
facet normal -0.000000 0.000000 -1.000000
  outer loop
    vertex 128.8409 10.3106 0.0000
    vertex 128.8103 10.1566 0.0000
    vertex 120.0856 11.3053 0.0000
  endloop
endfacet
facet normal 0.000000 0.000000 1.000000
  outer loop
    vertex 128.8409 10.3106 11.0000
    vertex 120.3407 12.5882 11.0000
    vertex 120.0856 11.3053 11.0000
  endloop
endfacet
facet normal 0.000000 0.000000 1.000000
  outer loop
    vertex 128.8409 10.3106 11.0000
    vertex 120.0856 11.3053 11.0000
    vertex 128.8103 10.1566 11.0000
  endloop
endfacet
facet normal -0.980785 0.195090 0.000000
  outer loop
    vertex 120.3407 12.5882 0.0000
    vertex 120.0856 11.3053 0.0000
    vertex 120.0856 11.3053 11.0000
  endloop
endfacet
facet normal -0.980785 0.195090 0.000000
  outer loop
    vertex 120.3407 12.5882 0.0000
    vertex 120.0856 11.3053 11.0000
    vertex 120.3407 12.5882 11.0000
  endloop
endfacet
facet normal 0.980785 -0.195090 0.000000
  outer loop
    vertex 128.8409 10.3106 0.0000
    vertex 128.8103 10.1566 11.0000
    vertex 128.8103 10.1566 0.0000
  endloop
endfacet
facet normal 0.980785 -0.195090 0.000000
  outer loop
    vertex 128.8409 10.3106 0.0000
    vertex 128.8409 10.3106 11.0000
    vertex 128.8103 10.1566 11.0000
  endloop
endfacet
facet normal -0.000000 0.000000 -1.000000
  outer loop
    vertex 128.8103 10.1566 0.0000
    vertex 120.0000 10.0000 0.0000
    vertex 120.0856 11.3053 0.0000
  endloop
endfacet
facet normal 0.000000 0.000000 -1.000000
  outer loop
    vertex 128.8103 10.1566 0.0000
    vertex 128.8000 10.0000 0.0000
    vertex 120.0000 10.0000 0.0000
  endloop
endfacet
facet normal 0.000000 0.000000 1.000000
  outer loop
    vertex 128.8103 10.1566 11.0000
    vertex 120.0856 11.3053 11.0000
    vertex 120.0000 10.0000 11.0000
  endloop
endfacet
facet normal 0.000000 0.000000 1.000000
  outer loop
    vertex 128.8103 10.1566 11.0000
    vertex 120.0000 10.0000 11.0000
    vertex 128.8000 10.0000 11.0000
  endloop
endfacet
facet normal -0.997859 0.065403 0.000000
  outer loop
    vertex 120.0856 11.3053 0.0000
    vertex 120.0000 10.0000 0.0000
    vertex 120.0000 10.0000 11.0000
  endloop
endfacet
facet normal -0.997859 0.065403 0.000000
  outer loop
    vertex 120.0856 11.3053 0.0000
    vertex 120.0000 10.0000 11.0000
    vertex 120.0856 11.3053 11.0000
  endloop
endfacet
facet normal 0.997859 -0.065403 0.000000
  outer loop
    vertex 128.8103 10.1566 0.0000
    vertex 128.8000 10.0000 11.0000
    vertex 128.8000 10.0000 0.0000
  endloop
endfacet
facet normal 0.997859 -0.065403 0.000000
  outer loop
    vertex 128.8103 10.1566 0.0000
    vertex 128.8103 10.1566 11.0000
    vertex 128.8000 10.0000 11.0000
  endloop
endfacet
facet normal -0.000000 0.000000 -1.000000
  outer loop
    vertex 128.8000 10.0000 0.0000
    vertex 120.0856 8.6947 0.0000
    vertex 120.0000 10.0000 0.0000
  endloop
endfacet
facet normal 0.000000 -0.000000 -1.000000
  outer loop
    vertex 128.8000 10.0000 0.0000
    vertex 128.8103 9.8434 0.0000
    vertex 120.0856 8.6947 0.0000
  endloop
endfacet
facet normal 0.000000 0.000000 1.000000
  outer loop
    vertex 128.8000 10.0000 11.0000
    vertex 120.0000 10.0000 11.0000
    vertex 120.0856 8.6947 11.0000
  endloop
endfacet
facet normal 0.000000 0.000000 1.000000
  outer loop
    vertex 128.8000 10.0000 11.0000
    vertex 120.0856 8.6947 11.0000
    vertex 128.8103 9.8434 11.0000
  endloop
endfacet
facet normal -0.997859 -0.065403 0.000000
  outer loop
    vertex 120.0000 10.0000 0.0000
    vertex 120.0856 8.6947 0.0000
    vertex 120.0856 8.6947 11.0000
  endloop
endfacet
facet normal -0.997859 -0.065403 0.000000
  outer loop
    vertex 120.0000 10.0000 0.0000
    vertex 120.0856 8.6947 11.0000
    vertex 120.0000 10.0000 11.0000
  endloop
endfacet
facet normal 0.997859 0.065403 0.000000
  outer loop
    vertex 128.8000 10.0000 0.0000
    vertex 128.8103 9.8434 11.0000
    vertex 128.8103 9.8434 0.0000
  endloop
endfacet
facet normal 0.997859 0.065403 -0.000000
  outer loop
    vertex 128.8000 10.0000 0.0000
    vertex 128.8000 10.0000 11.0000
    vertex 128.8103 9.8434 11.0000
  endloop
endfacet
facet normal 0.000000 0.000000 -1.000000
  outer loop
    vertex 128.8103 9.8434 0.0000
    vertex 120.3407 7.4118 0.0000
    vertex 120.0856 8.6947 0.0000
  endloop
endfacet
facet normal 0.000000 -0.000000 -1.000000
  outer loop
    vertex 128.8103 9.8434 0.0000
    vertex 128.8409 9.6894 0.0000
    vertex 120.3407 7.4118 0.0000
  endloop
endfacet
facet normal 0.000000 0.000000 1.000000
  outer loop
    vertex 128.8103 9.8434 11.0000
    vertex 120.0856 8.6947 11.0000
    vertex 120.3407 7.4118 11.0000
  endloop
endfacet
facet normal 0.000000 0.000000 1.000000
  outer loop
    vertex 128.8103 9.8434 11.0000
    vertex 120.3407 7.4118 11.0000
    vertex 128.8409 9.6894 11.0000
  endloop
endfacet
facet normal -0.980785 -0.195090 0.000000
  outer loop
    vertex 120.0856 8.6947 0.0000
    vertex 120.3407 7.4118 0.0000
    vertex 120.3407 7.4118 11.0000
  endloop
endfacet
facet normal -0.980785 -0.195090 0.000000
  outer loop
    vertex 120.0856 8.6947 0.0000
    vertex 120.3407 7.4118 11.0000
    vertex 120.0856 8.6947 11.0000
  endloop
endfacet
facet normal 0.980785 0.195090 0.000000
  outer loop
    vertex 128.8103 9.8434 0.0000
    vertex 128.8409 9.6894 11.0000
    vertex 128.8409 9.6894 0.0000
  endloop
endfacet
facet normal 0.980785 0.195090 -0.000000
  outer loop
    vertex 128.8103 9.8434 0.0000
    vertex 128.8103 9.8434 11.0000
    vertex 128.8409 9.6894 11.0000
  endloop
endfacet
facet normal 0.000000 0.000000 -1.000000
  outer loop
    vertex 128.8409 9.6894 0.0000
    vertex 120.7612 6.1732 0.0000
    vertex 120.3407 7.4118 0.0000
  endloop
endfacet
facet normal 0.000000 -0.000000 -1.000000
  outer loop
    vertex 128.8409 9.6894 0.0000
    vertex 128.8913 9.5408 0.0000
    vertex 120.7612 6.1732 0.0000
  endloop
endfacet
facet normal 0.000000 0.000000 1.000000
  outer loop
    vertex 128.8409 9.6894 11.0000
    vertex 120.3407 7.4118 11.0000
    vertex 120.7612 6.1732 11.0000
  endloop
endfacet
facet normal 0.000000 0.000000 1.000000
  outer loop
    vertex 128.8409 9.6894 11.0000
    vertex 120.7612 6.1732 11.0000
    vertex 128.8913 9.5408 11.0000
  endloop
endfacet
facet normal -0.946930 -0.321439 0.000000
  outer loop
    vertex 120.3407 7.4118 0.0000
    vertex 120.7612 6.1732 0.0000
    vertex 120.7612 6.1732 11.0000
  endloop
endfacet
facet normal -0.946930 -0.321439 0.000000
  outer loop
    vertex 120.3407 7.4118 0.0000
    vertex 120.7612 6.1732 11.0000
    vertex 120.3407 7.4118 11.0000
  endloop
endfacet
facet normal 0.946930 0.321439 0.000000
  outer loop
    vertex 128.8409 9.6894 0.0000
    vertex 128.8913 9.5408 11.0000
    vertex 128.8913 9.5408 0.0000
  endloop
endfacet
facet normal 0.946930 0.321439 -0.000000
  outer loop
    vertex 128.8409 9.6894 0.0000
    vertex 128.8409 9.6894 11.0000
    vertex 128.8913 9.5408 11.0000
  endloop
endfacet
facet normal 0.000000 0.000000 -1.000000
  outer loop
    vertex 128.8913 9.5408 0.0000
    vertex 121.3397 5.0000 0.0000
    vertex 120.7612 6.1732 0.0000
  endloop
endfacet
facet normal 0.000000 -0.000000 -1.000000
  outer loop
    vertex 128.8913 9.5408 0.0000
    vertex 128.9608 9.4000 0.0000
    vertex 121.3397 5.0000 0.0000
  endloop
endfacet
facet normal 0.000000 0.000000 1.000000
  outer loop
    vertex 128.8913 9.5408 11.0000
    vertex 120.7612 6.1732 11.0000
    vertex 121.3397 5.0000 11.0000
  endloop
endfacet
facet normal 0.000000 0.000000 1.000000
  outer loop
    vertex 128.8913 9.5408 11.0000
    vertex 121.3397 5.0000 11.0000
    vertex 128.9608 9.4000 11.0000
  endloop
endfacet
facet normal -0.896873 -0.442289 0.000000
  outer loop
    vertex 120.7612 6.1732 0.0000
    vertex 121.3397 5.0000 0.0000
    vertex 121.3397 5.0000 11.0000
  endloop
endfacet
facet normal -0.896873 -0.442289 0.000000
  outer loop
    vertex 120.7612 6.1732 0.0000
    vertex 121.3397 5.0000 11.0000
    vertex 120.7612 6.1732 11.0000
  endloop
endfacet
facet normal 0.896873 0.442289 0.000000
  outer loop
    vertex 128.8913 9.5408 0.0000
    vertex 128.9608 9.4000 11.0000
    vertex 128.9608 9.4000 0.0000
  endloop
endfacet
facet normal 0.896873 0.442289 -0.000000
  outer loop
    vertex 128.8913 9.5408 0.0000
    vertex 128.8913 9.5408 11.0000
    vertex 128.9608 9.4000 11.0000
  endloop
endfacet
facet normal 0.000000 0.000000 -1.000000
  outer loop
    vertex 128.9608 9.4000 0.0000
    vertex 122.0665 3.9124 0.0000
    vertex 121.3397 5.0000 0.0000
  endloop
endfacet
facet normal 0.000000 -0.000000 -1.000000
  outer loop
    vertex 128.9608 9.4000 0.0000
    vertex 129.0480 9.2695 0.0000
    vertex 122.0665 3.9124 0.0000
  endloop
endfacet
facet normal 0.000000 0.000000 1.000000
  outer loop
    vertex 128.9608 9.4000 11.0000
    vertex 121.3397 5.0000 11.0000
    vertex 122.0665 3.9124 11.0000
  endloop
endfacet
facet normal 0.000000 0.000000 1.000000
  outer loop
    vertex 128.9608 9.4000 11.0000
    vertex 122.0665 3.9124 11.0000
    vertex 129.0480 9.2695 11.0000
  endloop
endfacet
facet normal -0.831470 -0.555570 0.000000
  outer loop
    vertex 121.3397 5.0000 0.0000
    vertex 122.0665 3.9124 0.0000
    vertex 122.0665 3.9124 11.0000
  endloop
endfacet
facet normal -0.831470 -0.555570 0.000000
  outer loop
    vertex 121.3397 5.0000 0.0000
    vertex 122.0665 3.9124 11.0000
    vertex 121.3397 5.0000 11.0000
  endloop
endfacet
facet normal 0.831470 0.555570 0.000000
  outer loop
    vertex 128.9608 9.4000 0.0000
    vertex 129.0480 9.2695 11.0000
    vertex 129.0480 9.2695 0.0000
  endloop
endfacet
facet normal 0.831470 0.555570 -0.000000
  outer loop
    vertex 128.9608 9.4000 0.0000
    vertex 128.9608 9.4000 11.0000
    vertex 129.0480 9.2695 11.0000
  endloop
endfacet
facet normal 0.000000 0.000000 -1.000000
  outer loop
    vertex 129.0480 9.2695 0.0000
    vertex 122.9289 2.9289 0.0000
    vertex 122.0665 3.9124 0.0000
  endloop
endfacet
facet normal 0.000000 -0.000000 -1.000000
  outer loop
    vertex 129.0480 9.2695 0.0000
    vertex 129.1515 9.1515 0.0000
    vertex 122.9289 2.9289 0.0000
  endloop
endfacet
facet normal 0.000000 0.000000 1.000000
  outer loop
    vertex 129.0480 9.2695 11.0000
    vertex 122.0665 3.9124 11.0000
    vertex 122.9289 2.9289 11.0000
  endloop
endfacet
facet normal 0.000000 0.000000 1.000000
  outer loop
    vertex 129.0480 9.2695 11.0000
    vertex 122.9289 2.9289 11.0000
    vertex 129.1515 9.1515 11.0000
  endloop
endfacet
facet normal -0.751840 -0.659346 0.000000
  outer loop
    vertex 122.0665 3.9124 0.0000
    vertex 122.9289 2.9289 0.0000
    vertex 122.9289 2.9289 11.0000
  endloop
endfacet
facet normal -0.751840 -0.659346 0.000000
  outer loop
    vertex 122.0665 3.9124 0.0000
    vertex 122.9289 2.9289 11.0000
    vertex 122.0665 3.9124 11.0000
  endloop
endfacet
facet normal 0.751840 0.659346 0.000000
  outer loop
    vertex 129.0480 9.2695 0.0000
    vertex 129.1515 9.1515 11.0000
    vertex 129.1515 9.1515 0.0000
  endloop
endfacet
facet normal 0.751840 0.659346 -0.000000
  outer loop
    vertex 129.0480 9.2695 0.0000
    vertex 129.0480 9.2695 11.0000
    vertex 129.1515 9.1515 11.0000
  endloop
endfacet
facet normal 0.000000 0.000000 -1.000000
  outer loop
    vertex 129.1515 9.1515 0.0000
    vertex 123.9124 2.0665 0.0000
    vertex 122.9289 2.9289 0.0000
  endloop
endfacet
facet normal 0.000000 -0.000000 -1.000000
  outer loop
    vertex 129.1515 9.1515 0.0000
    vertex 129.2695 9.0480 0.0000
    vertex 123.9124 2.0665 0.0000
  endloop
endfacet
facet normal 0.000000 0.000000 1.000000
  outer loop
    vertex 129.1515 9.1515 11.0000
    vertex 122.9289 2.9289 11.0000
    vertex 123.9124 2.0665 11.0000
  endloop
endfacet
facet normal 0.000000 0.000000 1.000000
  outer loop
    vertex 129.1515 9.1515 11.0000
    vertex 123.9124 2.0665 11.0000
    vertex 129.2695 9.0480 11.0000
  endloop
endfacet
facet normal -0.659346 -0.751840 0.000000
  outer loop
    vertex 122.9289 2.9289 0.0000
    vertex 123.9124 2.0665 0.0000
    vertex 123.9124 2.0665 11.0000
  endloop
endfacet
facet normal -0.659346 -0.751840 0.000000
  outer loop
    vertex 122.9289 2.9289 0.0000
    vertex 123.9124 2.0665 11.0000
    vertex 122.9289 2.9289 11.0000
  endloop
endfacet
facet normal 0.659346 0.751840 0.000000
  outer loop
    vertex 129.1515 9.1515 0.0000
    vertex 129.2695 9.0480 11.0000
    vertex 129.2695 9.0480 0.0000
  endloop
endfacet
facet normal 0.659346 0.751840 -0.000000
  outer loop
    vertex 129.1515 9.1515 0.0000
    vertex 129.1515 9.1515 11.0000
    vertex 129.2695 9.0480 11.0000
  endloop
endfacet
facet normal 0.000000 0.000000 -1.000000
  outer loop
    vertex 129.2695 9.0480 0.0000
    vertex 125.0000 1.3397 0.0000
    vertex 123.9124 2.0665 0.0000
  endloop
endfacet
facet normal 0.000000 -0.000000 -1.000000
  outer loop
    vertex 129.2695 9.0480 0.0000
    vertex 129.4000 8.9608 0.0000
    vertex 125.0000 1.3397 0.0000
  endloop
endfacet
facet normal 0.000000 0.000000 1.000000
  outer loop
    vertex 129.2695 9.0480 11.0000
    vertex 123.9124 2.0665 11.0000
    vertex 125.0000 1.3397 11.0000
  endloop
endfacet
facet normal 0.000000 0.000000 1.000000
  outer loop
    vertex 129.2695 9.0480 11.0000
    vertex 125.0000 1.3397 11.0000
    vertex 129.4000 8.9608 11.0000
  endloop
endfacet
facet normal -0.555570 -0.831470 0.000000
  outer loop
    vertex 123.9124 2.0665 0.0000
    vertex 125.0000 1.3397 0.0000
    vertex 125.0000 1.3397 11.0000
  endloop
endfacet
facet normal -0.555570 -0.831470 0.000000
  outer loop
    vertex 123.9124 2.0665 0.0000
    vertex 125.0000 1.3397 11.0000
    vertex 123.9124 2.0665 11.0000
  endloop
endfacet
facet normal 0.555570 0.831470 0.000000
  outer loop
    vertex 129.2695 9.0480 0.0000
    vertex 129.4000 8.9608 11.0000
    vertex 129.4000 8.9608 0.0000
  endloop
endfacet
facet normal 0.555570 0.831470 -0.000000
  outer loop
    vertex 129.2695 9.0480 0.0000
    vertex 129.2695 9.0480 11.0000
    vertex 129.4000 8.9608 11.0000
  endloop
endfacet
facet normal 0.000000 0.000000 -1.000000
  outer loop
    vertex 129.4000 8.9608 0.0000
    vertex 126.1732 0.7612 0.0000
    vertex 125.0000 1.3397 0.0000
  endloop
endfacet
facet normal 0.000000 -0.000000 -1.000000
  outer loop
    vertex 129.4000 8.9608 0.0000
    vertex 129.5408 8.8913 0.0000
    vertex 126.1732 0.7612 0.0000
  endloop
endfacet
facet normal 0.000000 0.000000 1.000000
  outer loop
    vertex 129.4000 8.9608 11.0000
    vertex 125.0000 1.3397 11.0000
    vertex 126.1732 0.7612 11.0000
  endloop
endfacet
facet normal 0.000000 0.000000 1.000000
  outer loop
    vertex 129.4000 8.9608 11.0000
    vertex 126.1732 0.7612 11.0000
    vertex 129.5408 8.8913 11.0000
  endloop
endfacet
facet normal -0.442289 -0.896873 0.000000
  outer loop
    vertex 125.0000 1.3397 0.0000
    vertex 126.1732 0.7612 0.0000
    vertex 126.1732 0.7612 11.0000
  endloop
endfacet
facet normal -0.442289 -0.896873 0.000000
  outer loop
    vertex 125.0000 1.3397 0.0000
    vertex 126.1732 0.7612 11.0000
    vertex 125.0000 1.3397 11.0000
  endloop
endfacet
facet normal 0.442289 0.896873 0.000000
  outer loop
    vertex 129.4000 8.9608 0.0000
    vertex 129.5408 8.8913 11.0000
    vertex 129.5408 8.8913 0.0000
  endloop
endfacet
facet normal 0.442289 0.896873 -0.000000
  outer loop
    vertex 129.4000 8.9608 0.0000
    vertex 129.4000 8.9608 11.0000
    vertex 129.5408 8.8913 11.0000
  endloop
endfacet
facet normal 0.000000 0.000000 -1.000000
  outer loop
    vertex 129.5408 8.8913 0.0000
    vertex 127.4118 0.3407 0.0000
    vertex 126.1732 0.7612 0.0000
  endloop
endfacet
facet normal 0.000000 -0.000000 -1.000000
  outer loop
    vertex 129.5408 8.8913 0.0000
    vertex 129.6894 8.8409 0.0000
    vertex 127.4118 0.3407 0.0000
  endloop
endfacet
facet normal 0.000000 0.000000 1.000000
  outer loop
    vertex 129.5408 8.8913 11.0000
    vertex 126.1732 0.7612 11.0000
    vertex 127.4118 0.3407 11.0000
  endloop
endfacet
facet normal 0.000000 0.000000 1.000000
  outer loop
    vertex 129.5408 8.8913 11.0000
    vertex 127.4118 0.3407 11.0000
    vertex 129.6894 8.8409 11.0000
  endloop
endfacet
facet normal -0.321439 -0.946930 0.000000
  outer loop
    vertex 126.1732 0.7612 0.0000
    vertex 127.4118 0.3407 0.0000
    vertex 127.4118 0.3407 11.0000
  endloop
endfacet
facet normal -0.321439 -0.946930 0.000000
  outer loop
    vertex 126.1732 0.7612 0.0000
    vertex 127.4118 0.3407 11.0000
    vertex 126.1732 0.7612 11.0000
  endloop
endfacet
facet normal 0.321439 0.946930 0.000000
  outer loop
    vertex 129.5408 8.8913 0.0000
    vertex 129.6894 8.8409 11.0000
    vertex 129.6894 8.8409 0.0000
  endloop
endfacet
facet normal 0.321439 0.946930 -0.000000
  outer loop
    vertex 129.5408 8.8913 0.0000
    vertex 129.5408 8.8913 11.0000
    vertex 129.6894 8.8409 11.0000
  endloop
endfacet
facet normal 0.000000 0.000000 -1.000000
  outer loop
    vertex 129.6894 8.8409 0.0000
    vertex 128.6947 0.0856 0.0000
    vertex 127.4118 0.3407 0.0000
  endloop
endfacet
facet normal 0.000000 -0.000000 -1.000000
  outer loop
    vertex 129.6894 8.8409 0.0000
    vertex 129.8434 8.8103 0.0000
    vertex 128.6947 0.0856 0.0000
  endloop
endfacet
facet normal 0.000000 0.000000 1.000000
  outer loop
    vertex 129.6894 8.8409 11.0000
    vertex 127.4118 0.3407 11.0000
    vertex 128.6947 0.0856 11.0000
  endloop
endfacet
facet normal 0.000000 0.000000 1.000000
  outer loop
    vertex 129.6894 8.8409 11.0000
    vertex 128.6947 0.0856 11.0000
    vertex 129.8434 8.8103 11.0000
  endloop
endfacet
facet normal -0.195090 -0.980785 0.000000
  outer loop
    vertex 127.4118 0.3407 0.0000
    vertex 128.6947 0.0856 0.0000
    vertex 128.6947 0.0856 11.0000
  endloop
endfacet
facet normal -0.195090 -0.980785 0.000000
  outer loop
    vertex 127.4118 0.3407 0.0000
    vertex 128.6947 0.0856 11.0000
    vertex 127.4118 0.3407 11.0000
  endloop
endfacet
facet normal 0.195090 0.980785 0.000000
  outer loop
    vertex 129.6894 8.8409 0.0000
    vertex 129.8434 8.8103 11.0000
    vertex 129.8434 8.8103 0.0000
  endloop
endfacet
facet normal 0.195090 0.980785 -0.000000
  outer loop
    vertex 129.6894 8.8409 0.0000
    vertex 129.6894 8.8409 11.0000
    vertex 129.8434 8.8103 11.0000
  endloop
endfacet
facet normal 0.000000 -0.000000 -1.000000
  outer loop
    vertex 129.8434 8.8103 0.0000
    vertex 130.0000 0.0000 0.0000
    vertex 128.6947 0.0856 0.0000
  endloop
endfacet
facet normal 0.000000 0.000000 -1.000000
  outer loop
    vertex 129.8434 8.8103 0.0000
    vertex 130.0000 8.8000 0.0000
    vertex 130.0000 0.0000 0.0000
  endloop
endfacet
facet normal 0.000000 0.000000 1.000000
  outer loop
    vertex 129.8434 8.8103 11.0000
    vertex 128.6947 0.0856 11.0000
    vertex 130.0000 0.0000 11.0000
  endloop
endfacet
facet normal 0.000000 0.000000 1.000000
  outer loop
    vertex 129.8434 8.8103 11.0000
    vertex 130.0000 0.0000 11.0000
    vertex 130.0000 8.8000 11.0000
  endloop
endfacet
facet normal -0.065403 -0.997859 0.000000
  outer loop
    vertex 128.6947 0.0856 0.0000
    vertex 130.0000 0.0000 0.0000
    vertex 130.0000 0.0000 11.0000
  endloop
endfacet
facet normal -0.065403 -0.997859 0.000000
  outer loop
    vertex 128.6947 0.0856 0.0000
    vertex 130.0000 0.0000 11.0000
    vertex 128.6947 0.0856 11.0000
  endloop
endfacet
facet normal 0.065403 0.997859 0.000000
  outer loop
    vertex 129.8434 8.8103 0.0000
    vertex 130.0000 8.8000 11.0000
    vertex 130.0000 8.8000 0.0000
  endloop
endfacet
facet normal 0.065403 0.997859 -0.000000
  outer loop
    vertex 129.8434 8.8103 0.0000
    vertex 129.8434 8.8103 11.0000
    vertex 130.0000 8.8000 11.0000
  endloop
endfacet
facet normal 0.000000 0.000000 -1.000000
  outer loop
    vertex 130.0000 8.8000 0.0000
    vertex 131.3053 0.0856 0.0000
    vertex 130.0000 0.0000 0.0000
  endloop
endfacet
facet normal 0.000000 0.000000 -1.000000
  outer loop
    vertex 130.0000 8.8000 0.0000
    vertex 130.1566 8.8103 0.0000
    vertex 131.3053 0.0856 0.0000
  endloop
endfacet
facet normal 0.000000 0.000000 1.000000
  outer loop
    vertex 130.0000 8.8000 11.0000
    vertex 130.0000 0.0000 11.0000
    vertex 131.3053 0.0856 11.0000
  endloop
endfacet
facet normal -0.000000 0.000000 1.000000
  outer loop
    vertex 130.0000 8.8000 11.0000
    vertex 131.3053 0.0856 11.0000
    vertex 130.1566 8.8103 11.0000
  endloop
endfacet
facet normal 0.065403 -0.997859 0.000000
  outer loop
    vertex 130.0000 0.0000 0.0000
    vertex 131.3053 0.0856 0.0000
    vertex 131.3053 0.0856 11.0000
  endloop
endfacet
facet normal 0.065403 -0.997859 0.000000
  outer loop
    vertex 130.0000 0.0000 0.0000
    vertex 131.3053 0.0856 11.0000
    vertex 130.0000 0.0000 11.0000
  endloop
endfacet
facet normal -0.065403 0.997859 0.000000
  outer loop
    vertex 130.0000 8.8000 0.0000
    vertex 130.1566 8.8103 11.0000
    vertex 130.1566 8.8103 0.0000
  endloop
endfacet
facet normal -0.065403 0.997859 0.000000
  outer loop
    vertex 130.0000 8.8000 0.0000
    vertex 130.0000 8.8000 11.0000
    vertex 130.1566 8.8103 11.0000
  endloop
endfacet
facet normal 0.000000 0.000000 -1.000000
  outer loop
    vertex 130.1566 8.8103 0.0000
    vertex 132.5882 0.3407 0.0000
    vertex 131.3053 0.0856 0.0000
  endloop
endfacet
facet normal 0.000000 0.000000 -1.000000
  outer loop
    vertex 130.1566 8.8103 0.0000
    vertex 130.3106 8.8409 0.0000
    vertex 132.5882 0.3407 0.0000
  endloop
endfacet
facet normal 0.000000 0.000000 1.000000
  outer loop
    vertex 130.1566 8.8103 11.0000
    vertex 131.3053 0.0856 11.0000
    vertex 132.5882 0.3407 11.0000
  endloop
endfacet
facet normal -0.000000 0.000000 1.000000
  outer loop
    vertex 130.1566 8.8103 11.0000
    vertex 132.5882 0.3407 11.0000
    vertex 130.3106 8.8409 11.0000
  endloop
endfacet
facet normal 0.195090 -0.980785 0.000000
  outer loop
    vertex 131.3053 0.0856 0.0000
    vertex 132.5882 0.3407 0.0000
    vertex 132.5882 0.3407 11.0000
  endloop
endfacet
facet normal 0.195090 -0.980785 0.000000
  outer loop
    vertex 131.3053 0.0856 0.0000
    vertex 132.5882 0.3407 11.0000
    vertex 131.3053 0.0856 11.0000
  endloop
endfacet
facet normal -0.195090 0.980785 0.000000
  outer loop
    vertex 130.1566 8.8103 0.0000
    vertex 130.3106 8.8409 11.0000
    vertex 130.3106 8.8409 0.0000
  endloop
endfacet
facet normal -0.195090 0.980785 0.000000
  outer loop
    vertex 130.1566 8.8103 0.0000
    vertex 130.1566 8.8103 11.0000
    vertex 130.3106 8.8409 11.0000
  endloop
endfacet
facet normal 0.000000 0.000000 -1.000000
  outer loop
    vertex 130.3106 8.8409 0.0000
    vertex 133.8268 0.7612 0.0000
    vertex 132.5882 0.3407 0.0000
  endloop
endfacet
facet normal 0.000000 0.000000 -1.000000
  outer loop
    vertex 130.3106 8.8409 0.0000
    vertex 130.4592 8.8913 0.0000
    vertex 133.8268 0.7612 0.0000
  endloop
endfacet
facet normal 0.000000 0.000000 1.000000
  outer loop
    vertex 130.3106 8.8409 11.0000
    vertex 132.5882 0.3407 11.0000
    vertex 133.8268 0.7612 11.0000
  endloop
endfacet
facet normal -0.000000 0.000000 1.000000
  outer loop
    vertex 130.3106 8.8409 11.0000
    vertex 133.8268 0.7612 11.0000
    vertex 130.4592 8.8913 11.0000
  endloop
endfacet
facet normal 0.321439 -0.946930 0.000000
  outer loop
    vertex 132.5882 0.3407 0.0000
    vertex 133.8268 0.7612 0.0000
    vertex 133.8268 0.7612 11.0000
  endloop
endfacet
facet normal 0.321439 -0.946930 0.000000
  outer loop
    vertex 132.5882 0.3407 0.0000
    vertex 133.8268 0.7612 11.0000
    vertex 132.5882 0.3407 11.0000
  endloop
endfacet
facet normal -0.321439 0.946930 0.000000
  outer loop
    vertex 130.3106 8.8409 0.0000
    vertex 130.4592 8.8913 11.0000
    vertex 130.4592 8.8913 0.0000
  endloop
endfacet
facet normal -0.321439 0.946930 0.000000
  outer loop
    vertex 130.3106 8.8409 0.0000
    vertex 130.3106 8.8409 11.0000
    vertex 130.4592 8.8913 11.0000
  endloop
endfacet
facet normal 0.000000 0.000000 -1.000000
  outer loop
    vertex 130.4592 8.8913 0.0000
    vertex 135.0000 1.3397 0.0000
    vertex 133.8268 0.7612 0.0000
  endloop
endfacet
facet normal 0.000000 0.000000 -1.000000
  outer loop
    vertex 130.4592 8.8913 0.0000
    vertex 130.6000 8.9608 0.0000
    vertex 135.0000 1.3397 0.0000
  endloop
endfacet
facet normal 0.000000 0.000000 1.000000
  outer loop
    vertex 130.4592 8.8913 11.0000
    vertex 133.8268 0.7612 11.0000
    vertex 135.0000 1.3397 11.0000
  endloop
endfacet
facet normal -0.000000 0.000000 1.000000
  outer loop
    vertex 130.4592 8.8913 11.0000
    vertex 135.0000 1.3397 11.0000
    vertex 130.6000 8.9608 11.0000
  endloop
endfacet
facet normal 0.442289 -0.896873 0.000000
  outer loop
    vertex 133.8268 0.7612 0.0000
    vertex 135.0000 1.3397 0.0000
    vertex 135.0000 1.3397 11.0000
  endloop
endfacet
facet normal 0.442289 -0.896873 0.000000
  outer loop
    vertex 133.8268 0.7612 0.0000
    vertex 135.0000 1.3397 11.0000
    vertex 133.8268 0.7612 11.0000
  endloop
endfacet
facet normal -0.442289 0.896873 0.000000
  outer loop
    vertex 130.4592 8.8913 0.0000
    vertex 130.6000 8.9608 11.0000
    vertex 130.6000 8.9608 0.0000
  endloop
endfacet
facet normal -0.442289 0.896873 0.000000
  outer loop
    vertex 130.4592 8.8913 0.0000
    vertex 130.4592 8.8913 11.0000
    vertex 130.6000 8.9608 11.0000
  endloop
endfacet
facet normal 0.000000 0.000000 -1.000000
  outer loop
    vertex 130.6000 8.9608 0.0000
    vertex 136.0876 2.0665 0.0000
    vertex 135.0000 1.3397 0.0000
  endloop
endfacet
facet normal 0.000000 0.000000 -1.000000
  outer loop
    vertex 130.6000 8.9608 0.0000
    vertex 130.7305 9.0480 0.0000
    vertex 136.0876 2.0665 0.0000
  endloop
endfacet
facet normal 0.000000 0.000000 1.000000
  outer loop
    vertex 130.6000 8.9608 11.0000
    vertex 135.0000 1.3397 11.0000
    vertex 136.0876 2.0665 11.0000
  endloop
endfacet
facet normal -0.000000 0.000000 1.000000
  outer loop
    vertex 130.6000 8.9608 11.0000
    vertex 136.0876 2.0665 11.0000
    vertex 130.7305 9.0480 11.0000
  endloop
endfacet
facet normal 0.555570 -0.831470 0.000000
  outer loop
    vertex 135.0000 1.3397 0.0000
    vertex 136.0876 2.0665 0.0000
    vertex 136.0876 2.0665 11.0000
  endloop
endfacet
facet normal 0.555570 -0.831470 0.000000
  outer loop
    vertex 135.0000 1.3397 0.0000
    vertex 136.0876 2.0665 11.0000
    vertex 135.0000 1.3397 11.0000
  endloop
endfacet
facet normal -0.555570 0.831470 0.000000
  outer loop
    vertex 130.6000 8.9608 0.0000
    vertex 130.7305 9.0480 11.0000
    vertex 130.7305 9.0480 0.0000
  endloop
endfacet
facet normal -0.555570 0.831470 0.000000
  outer loop
    vertex 130.6000 8.9608 0.0000
    vertex 130.6000 8.9608 11.0000
    vertex 130.7305 9.0480 11.0000
  endloop
endfacet
facet normal 0.000000 0.000000 -1.000000
  outer loop
    vertex 130.7305 9.0480 0.0000
    vertex 137.0711 2.9289 0.0000
    vertex 136.0876 2.0665 0.0000
  endloop
endfacet
facet normal 0.000000 0.000000 -1.000000
  outer loop
    vertex 130.7305 9.0480 0.0000
    vertex 130.8485 9.1515 0.0000
    vertex 137.0711 2.9289 0.0000
  endloop
endfacet
facet normal 0.000000 0.000000 1.000000
  outer loop
    vertex 130.7305 9.0480 11.0000
    vertex 136.0876 2.0665 11.0000
    vertex 137.0711 2.9289 11.0000
  endloop
endfacet
facet normal -0.000000 0.000000 1.000000
  outer loop
    vertex 130.7305 9.0480 11.0000
    vertex 137.0711 2.9289 11.0000
    vertex 130.8485 9.1515 11.0000
  endloop
endfacet
facet normal 0.659346 -0.751840 0.000000
  outer loop
    vertex 136.0876 2.0665 0.0000
    vertex 137.0711 2.9289 0.0000
    vertex 137.0711 2.9289 11.0000
  endloop
endfacet
facet normal 0.659346 -0.751840 0.000000
  outer loop
    vertex 136.0876 2.0665 0.0000
    vertex 137.0711 2.9289 11.0000
    vertex 136.0876 2.0665 11.0000
  endloop
endfacet
facet normal -0.659346 0.751840 0.000000
  outer loop
    vertex 130.7305 9.0480 0.0000
    vertex 130.8485 9.1515 11.0000
    vertex 130.8485 9.1515 0.0000
  endloop
endfacet
facet normal -0.659346 0.751840 0.000000
  outer loop
    vertex 130.7305 9.0480 0.0000
    vertex 130.7305 9.0480 11.0000
    vertex 130.8485 9.1515 11.0000
  endloop
endfacet
facet normal 0.000000 0.000000 -1.000000
  outer loop
    vertex 130.8485 9.1515 0.0000
    vertex 137.9335 3.9124 0.0000
    vertex 137.0711 2.9289 0.0000
  endloop
endfacet
facet normal 0.000000 0.000000 -1.000000
  outer loop
    vertex 130.8485 9.1515 0.0000
    vertex 130.9520 9.2695 0.0000
    vertex 137.9335 3.9124 0.0000
  endloop
endfacet
facet normal 0.000000 0.000000 1.000000
  outer loop
    vertex 130.8485 9.1515 11.0000
    vertex 137.0711 2.9289 11.0000
    vertex 137.9335 3.9124 11.0000
  endloop
endfacet
facet normal -0.000000 0.000000 1.000000
  outer loop
    vertex 130.8485 9.1515 11.0000
    vertex 137.9335 3.9124 11.0000
    vertex 130.9520 9.2695 11.0000
  endloop
endfacet
facet normal 0.751840 -0.659346 0.000000
  outer loop
    vertex 137.0711 2.9289 0.0000
    vertex 137.9335 3.9124 0.0000
    vertex 137.9335 3.9124 11.0000
  endloop
endfacet
facet normal 0.751840 -0.659346 0.000000
  outer loop
    vertex 137.0711 2.9289 0.0000
    vertex 137.9335 3.9124 11.0000
    vertex 137.0711 2.9289 11.0000
  endloop
endfacet
facet normal -0.751840 0.659346 0.000000
  outer loop
    vertex 130.8485 9.1515 0.0000
    vertex 130.9520 9.2695 11.0000
    vertex 130.9520 9.2695 0.0000
  endloop
endfacet
facet normal -0.751840 0.659346 0.000000
  outer loop
    vertex 130.8485 9.1515 0.0000
    vertex 130.8485 9.1515 11.0000
    vertex 130.9520 9.2695 11.0000
  endloop
endfacet
facet normal 0.000000 0.000000 -1.000000
  outer loop
    vertex 130.9520 9.2695 0.0000
    vertex 138.6603 5.0000 0.0000
    vertex 137.9335 3.9124 0.0000
  endloop
endfacet
facet normal 0.000000 0.000000 -1.000000
  outer loop
    vertex 130.9520 9.2695 0.0000
    vertex 131.0392 9.4000 0.0000
    vertex 138.6603 5.0000 0.0000
  endloop
endfacet
facet normal 0.000000 0.000000 1.000000
  outer loop
    vertex 130.9520 9.2695 11.0000
    vertex 137.9335 3.9124 11.0000
    vertex 138.6603 5.0000 11.0000
  endloop
endfacet
facet normal -0.000000 0.000000 1.000000
  outer loop
    vertex 130.9520 9.2695 11.0000
    vertex 138.6603 5.0000 11.0000
    vertex 131.0392 9.4000 11.0000
  endloop
endfacet
facet normal 0.831470 -0.555570 0.000000
  outer loop
    vertex 137.9335 3.9124 0.0000
    vertex 138.6603 5.0000 0.0000
    vertex 138.6603 5.0000 11.0000
  endloop
endfacet
facet normal 0.831470 -0.555570 0.000000
  outer loop
    vertex 137.9335 3.9124 0.0000
    vertex 138.6603 5.0000 11.0000
    vertex 137.9335 3.9124 11.0000
  endloop
endfacet
facet normal -0.831470 0.555570 0.000000
  outer loop
    vertex 130.9520 9.2695 0.0000
    vertex 131.0392 9.4000 11.0000
    vertex 131.0392 9.4000 0.0000
  endloop
endfacet
facet normal -0.831470 0.555570 0.000000
  outer loop
    vertex 130.9520 9.2695 0.0000
    vertex 130.9520 9.2695 11.0000
    vertex 131.0392 9.4000 11.0000
  endloop
endfacet
facet normal 0.000000 0.000000 -1.000000
  outer loop
    vertex 131.0392 9.4000 0.0000
    vertex 139.2388 6.1732 0.0000
    vertex 138.6603 5.0000 0.0000
  endloop
endfacet
facet normal 0.000000 0.000000 -1.000000
  outer loop
    vertex 131.0392 9.4000 0.0000
    vertex 131.1087 9.5408 0.0000
    vertex 139.2388 6.1732 0.0000
  endloop
endfacet
facet normal 0.000000 0.000000 1.000000
  outer loop
    vertex 131.0392 9.4000 11.0000
    vertex 138.6603 5.0000 11.0000
    vertex 139.2388 6.1732 11.0000
  endloop
endfacet
facet normal -0.000000 0.000000 1.000000
  outer loop
    vertex 131.0392 9.4000 11.0000
    vertex 139.2388 6.1732 11.0000
    vertex 131.1087 9.5408 11.0000
  endloop
endfacet
facet normal 0.896873 -0.442289 0.000000
  outer loop
    vertex 138.6603 5.0000 0.0000
    vertex 139.2388 6.1732 0.0000
    vertex 139.2388 6.1732 11.0000
  endloop
endfacet
facet normal 0.896873 -0.442289 0.000000
  outer loop
    vertex 138.6603 5.0000 0.0000
    vertex 139.2388 6.1732 11.0000
    vertex 138.6603 5.0000 11.0000
  endloop
endfacet
facet normal -0.896873 0.442289 0.000000
  outer loop
    vertex 131.0392 9.4000 0.0000
    vertex 131.1087 9.5408 11.0000
    vertex 131.1087 9.5408 0.0000
  endloop
endfacet
facet normal -0.896873 0.442289 0.000000
  outer loop
    vertex 131.0392 9.4000 0.0000
    vertex 131.0392 9.4000 11.0000
    vertex 131.1087 9.5408 11.0000
  endloop
endfacet
facet normal 0.000000 0.000000 -1.000000
  outer loop
    vertex 131.1087 9.5408 0.0000
    vertex 139.6593 7.4118 0.0000
    vertex 139.2388 6.1732 0.0000
  endloop
endfacet
facet normal 0.000000 0.000000 -1.000000
  outer loop
    vertex 131.1087 9.5408 0.0000
    vertex 131.1591 9.6894 0.0000
    vertex 139.6593 7.4118 0.0000
  endloop
endfacet
facet normal 0.000000 0.000000 1.000000
  outer loop
    vertex 131.1087 9.5408 11.0000
    vertex 139.2388 6.1732 11.0000
    vertex 139.6593 7.4118 11.0000
  endloop
endfacet
facet normal -0.000000 0.000000 1.000000
  outer loop
    vertex 131.1087 9.5408 11.0000
    vertex 139.6593 7.4118 11.0000
    vertex 131.1591 9.6894 11.0000
  endloop
endfacet
facet normal 0.946930 -0.321439 0.000000
  outer loop
    vertex 139.2388 6.1732 0.0000
    vertex 139.6593 7.4118 0.0000
    vertex 139.6593 7.4118 11.0000
  endloop
endfacet
facet normal 0.946930 -0.321439 0.000000
  outer loop
    vertex 139.2388 6.1732 0.0000
    vertex 139.6593 7.4118 11.0000
    vertex 139.2388 6.1732 11.0000
  endloop
endfacet
facet normal -0.946930 0.321439 0.000000
  outer loop
    vertex 131.1087 9.5408 0.0000
    vertex 131.1591 9.6894 11.0000
    vertex 131.1591 9.6894 0.0000
  endloop
endfacet
facet normal -0.946930 0.321439 0.000000
  outer loop
    vertex 131.1087 9.5408 0.0000
    vertex 131.1087 9.5408 11.0000
    vertex 131.1591 9.6894 11.0000
  endloop
endfacet
facet normal 0.000000 0.000000 -1.000000
  outer loop
    vertex 131.1591 9.6894 0.0000
    vertex 139.9144 8.6947 0.0000
    vertex 139.6593 7.4118 0.0000
  endloop
endfacet
facet normal 0.000000 0.000000 -1.000000
  outer loop
    vertex 131.1591 9.6894 0.0000
    vertex 131.1897 9.8434 0.0000
    vertex 139.9144 8.6947 0.0000
  endloop
endfacet
facet normal 0.000000 0.000000 1.000000
  outer loop
    vertex 131.1591 9.6894 11.0000
    vertex 139.6593 7.4118 11.0000
    vertex 139.9144 8.6947 11.0000
  endloop
endfacet
facet normal -0.000000 0.000000 1.000000
  outer loop
    vertex 131.1591 9.6894 11.0000
    vertex 139.9144 8.6947 11.0000
    vertex 131.1897 9.8434 11.0000
  endloop
endfacet
facet normal 0.980785 -0.195090 0.000000
  outer loop
    vertex 139.6593 7.4118 0.0000
    vertex 139.9144 8.6947 0.0000
    vertex 139.9144 8.6947 11.0000
  endloop
endfacet
facet normal 0.980785 -0.195090 0.000000
  outer loop
    vertex 139.6593 7.4118 0.0000
    vertex 139.9144 8.6947 11.0000
    vertex 139.6593 7.4118 11.0000
  endloop
endfacet
facet normal -0.980785 0.195090 0.000000
  outer loop
    vertex 131.1591 9.6894 0.0000
    vertex 131.1897 9.8434 11.0000
    vertex 131.1897 9.8434 0.0000
  endloop
endfacet
facet normal -0.980785 0.195090 0.000000
  outer loop
    vertex 131.1591 9.6894 0.0000
    vertex 131.1591 9.6894 11.0000
    vertex 131.1897 9.8434 11.0000
  endloop
endfacet
facet normal 0.000000 0.000000 -1.000000
  outer loop
    vertex 131.1897 9.8434 0.0000
    vertex 140.0000 10.0000 0.0000
    vertex 139.9144 8.6947 0.0000
  endloop
endfacet
facet normal 0.000000 0.000000 -1.000000
  outer loop
    vertex 131.1897 9.8434 0.0000
    vertex 131.2000 10.0000 0.0000
    vertex 140.0000 10.0000 0.0000
  endloop
endfacet
facet normal -0.000000 0.000000 1.000000
  outer loop
    vertex 131.1897 9.8434 11.0000
    vertex 139.9144 8.6947 11.0000
    vertex 140.0000 10.0000 11.0000
  endloop
endfacet
facet normal 0.000000 0.000000 1.000000
  outer loop
    vertex 131.1897 9.8434 11.0000
    vertex 140.0000 10.0000 11.0000
    vertex 131.2000 10.0000 11.0000
  endloop
endfacet
facet normal 0.997859 -0.065403 0.000000
  outer loop
    vertex 139.9144 8.6947 0.0000
    vertex 140.0000 10.0000 0.0000
    vertex 140.0000 10.0000 11.0000
  endloop
endfacet
facet normal 0.997859 -0.065403 0.000000
  outer loop
    vertex 139.9144 8.6947 0.0000
    vertex 140.0000 10.0000 11.0000
    vertex 139.9144 8.6947 11.0000
  endloop
endfacet
facet normal -0.997859 0.065403 0.000000
  outer loop
    vertex 131.1897 9.8434 0.0000
    vertex 131.2000 10.0000 11.0000
    vertex 131.2000 10.0000 0.0000
  endloop
endfacet
facet normal -0.997859 0.065403 0.000000
  outer loop
    vertex 131.1897 9.8434 0.0000
    vertex 131.1897 9.8434 11.0000
    vertex 131.2000 10.0000 11.0000
  endloop
endfacet
facet normal 0.000000 0.000000 -1.000000
  outer loop
    vertex 155.2500 10.0000 0.0000
    vertex 163.9144 11.3053 0.0000
    vertex 164.0000 10.0000 0.0000
  endloop
endfacet
facet normal 0.000000 0.000000 -1.000000
  outer loop
    vertex 155.2500 10.0000 0.0000
    vertex 155.2393 10.1632 0.0000
    vertex 163.9144 11.3053 0.0000
  endloop
endfacet
facet normal 0.000000 0.000000 1.000000
  outer loop
    vertex 155.2500 10.0000 12.0000
    vertex 164.0000 10.0000 12.0000
    vertex 163.9144 11.3053 12.0000
  endloop
endfacet
facet normal 0.000000 -0.000000 1.000000
  outer loop
    vertex 155.2500 10.0000 12.0000
    vertex 163.9144 11.3053 12.0000
    vertex 155.2393 10.1632 12.0000
  endloop
endfacet
facet normal 0.997859 0.065403 0.000000
  outer loop
    vertex 164.0000 10.0000 0.0000
    vertex 163.9144 11.3053 0.0000
    vertex 163.9144 11.3053 12.0000
  endloop
endfacet
facet normal 0.997859 0.065403 -0.000000
  outer loop
    vertex 164.0000 10.0000 0.0000
    vertex 163.9144 11.3053 12.0000
    vertex 164.0000 10.0000 12.0000
  endloop
endfacet
facet normal -0.997859 -0.065403 0.000000
  outer loop
    vertex 155.2500 10.0000 0.0000
    vertex 155.2393 10.1632 12.0000
    vertex 155.2393 10.1632 0.0000
  endloop
endfacet
facet normal -0.997859 -0.065403 0.000000
  outer loop
    vertex 155.2500 10.0000 0.0000
    vertex 155.2500 10.0000 12.0000
    vertex 155.2393 10.1632 12.0000
  endloop
endfacet
facet normal 0.000000 0.000000 -1.000000
  outer loop
    vertex 155.2393 10.1632 0.0000
    vertex 163.6593 12.5882 0.0000
    vertex 163.9144 11.3053 0.0000
  endloop
endfacet
facet normal 0.000000 0.000000 -1.000000
  outer loop
    vertex 155.2393 10.1632 0.0000
    vertex 155.2074 10.3235 0.0000
    vertex 163.6593 12.5882 0.0000
  endloop
endfacet
facet normal 0.000000 0.000000 1.000000
  outer loop
    vertex 155.2393 10.1632 12.0000
    vertex 163.9144 11.3053 12.0000
    vertex 163.6593 12.5882 12.0000
  endloop
endfacet
facet normal 0.000000 -0.000000 1.000000
  outer loop
    vertex 155.2393 10.1632 12.0000
    vertex 163.6593 12.5882 12.0000
    vertex 155.2074 10.3235 12.0000
  endloop
endfacet
facet normal 0.980785 0.195090 0.000000
  outer loop
    vertex 163.9144 11.3053 0.0000
    vertex 163.6593 12.5882 0.0000
    vertex 163.6593 12.5882 12.0000
  endloop
endfacet
facet normal 0.980785 0.195090 -0.000000
  outer loop
    vertex 163.9144 11.3053 0.0000
    vertex 163.6593 12.5882 12.0000
    vertex 163.9144 11.3053 12.0000
  endloop
endfacet
facet normal -0.980785 -0.195090 0.000000
  outer loop
    vertex 155.2393 10.1632 0.0000
    vertex 155.2074 10.3235 12.0000
    vertex 155.2074 10.3235 0.0000
  endloop
endfacet
facet normal -0.980785 -0.195090 0.000000
  outer loop
    vertex 155.2393 10.1632 0.0000
    vertex 155.2393 10.1632 12.0000
    vertex 155.2074 10.3235 12.0000
  endloop
endfacet
facet normal 0.000000 0.000000 -1.000000
  outer loop
    vertex 155.2074 10.3235 0.0000
    vertex 163.2388 13.8268 0.0000
    vertex 163.6593 12.5882 0.0000
  endloop
endfacet
facet normal 0.000000 0.000000 -1.000000
  outer loop
    vertex 155.2074 10.3235 0.0000
    vertex 155.1548 10.4784 0.0000
    vertex 163.2388 13.8268 0.0000
  endloop
endfacet
facet normal 0.000000 0.000000 1.000000
  outer loop
    vertex 155.2074 10.3235 12.0000
    vertex 163.6593 12.5882 12.0000
    vertex 163.2388 13.8268 12.0000
  endloop
endfacet
facet normal 0.000000 -0.000000 1.000000
  outer loop
    vertex 155.2074 10.3235 12.0000
    vertex 163.2388 13.8268 12.0000
    vertex 155.1548 10.4784 12.0000
  endloop
endfacet
facet normal 0.946930 0.321439 0.000000
  outer loop
    vertex 163.6593 12.5882 0.0000
    vertex 163.2388 13.8268 0.0000
    vertex 163.2388 13.8268 12.0000
  endloop
endfacet
facet normal 0.946930 0.321439 -0.000000
  outer loop
    vertex 163.6593 12.5882 0.0000
    vertex 163.2388 13.8268 12.0000
    vertex 163.6593 12.5882 12.0000
  endloop
endfacet
facet normal -0.946930 -0.321439 0.000000
  outer loop
    vertex 155.2074 10.3235 0.0000
    vertex 155.1548 10.4784 12.0000
    vertex 155.1548 10.4784 0.0000
  endloop
endfacet
facet normal -0.946930 -0.321439 0.000000
  outer loop
    vertex 155.2074 10.3235 0.0000
    vertex 155.2074 10.3235 12.0000
    vertex 155.1548 10.4784 12.0000
  endloop
endfacet
facet normal 0.000000 0.000000 -1.000000
  outer loop
    vertex 155.1548 10.4784 0.0000
    vertex 162.6603 15.0000 0.0000
    vertex 163.2388 13.8268 0.0000
  endloop
endfacet
facet normal 0.000000 0.000000 -1.000000
  outer loop
    vertex 155.1548 10.4784 0.0000
    vertex 155.0825 10.6250 0.0000
    vertex 162.6603 15.0000 0.0000
  endloop
endfacet
facet normal 0.000000 0.000000 1.000000
  outer loop
    vertex 155.1548 10.4784 12.0000
    vertex 163.2388 13.8268 12.0000
    vertex 162.6603 15.0000 12.0000
  endloop
endfacet
facet normal 0.000000 -0.000000 1.000000
  outer loop
    vertex 155.1548 10.4784 12.0000
    vertex 162.6603 15.0000 12.0000
    vertex 155.0825 10.6250 12.0000
  endloop
endfacet
facet normal 0.896873 0.442289 0.000000
  outer loop
    vertex 163.2388 13.8268 0.0000
    vertex 162.6603 15.0000 0.0000
    vertex 162.6603 15.0000 12.0000
  endloop
endfacet
facet normal 0.896873 0.442289 -0.000000
  outer loop
    vertex 163.2388 13.8268 0.0000
    vertex 162.6603 15.0000 12.0000
    vertex 163.2388 13.8268 12.0000
  endloop
endfacet
facet normal -0.896873 -0.442289 0.000000
  outer loop
    vertex 155.1548 10.4784 0.0000
    vertex 155.0825 10.6250 12.0000
    vertex 155.0825 10.6250 0.0000
  endloop
endfacet
facet normal -0.896873 -0.442289 0.000000
  outer loop
    vertex 155.1548 10.4784 0.0000
    vertex 155.1548 10.4784 12.0000
    vertex 155.0825 10.6250 12.0000
  endloop
endfacet
facet normal 0.000000 0.000000 -1.000000
  outer loop
    vertex 155.0825 10.6250 0.0000
    vertex 161.9335 16.0876 0.0000
    vertex 162.6603 15.0000 0.0000
  endloop
endfacet
facet normal 0.000000 0.000000 -1.000000
  outer loop
    vertex 155.0825 10.6250 0.0000
    vertex 154.9917 10.7610 0.0000
    vertex 161.9335 16.0876 0.0000
  endloop
endfacet
facet normal 0.000000 0.000000 1.000000
  outer loop
    vertex 155.0825 10.6250 12.0000
    vertex 162.6603 15.0000 12.0000
    vertex 161.9335 16.0876 12.0000
  endloop
endfacet
facet normal 0.000000 -0.000000 1.000000
  outer loop
    vertex 155.0825 10.6250 12.0000
    vertex 161.9335 16.0876 12.0000
    vertex 154.9917 10.7610 12.0000
  endloop
endfacet
facet normal 0.831470 0.555570 0.000000
  outer loop
    vertex 162.6603 15.0000 0.0000
    vertex 161.9335 16.0876 0.0000
    vertex 161.9335 16.0876 12.0000
  endloop
endfacet
facet normal 0.831470 0.555570 -0.000000
  outer loop
    vertex 162.6603 15.0000 0.0000
    vertex 161.9335 16.0876 12.0000
    vertex 162.6603 15.0000 12.0000
  endloop
endfacet
facet normal -0.831470 -0.555570 0.000000
  outer loop
    vertex 155.0825 10.6250 0.0000
    vertex 154.9917 10.7610 12.0000
    vertex 154.9917 10.7610 0.0000
  endloop
endfacet
facet normal -0.831470 -0.555570 0.000000
  outer loop
    vertex 155.0825 10.6250 0.0000
    vertex 155.0825 10.6250 12.0000
    vertex 154.9917 10.7610 12.0000
  endloop
endfacet
facet normal 0.000000 0.000000 -1.000000
  outer loop
    vertex 154.9917 10.7610 0.0000
    vertex 161.0711 17.0711 0.0000
    vertex 161.9335 16.0876 0.0000
  endloop
endfacet
facet normal 0.000000 0.000000 -1.000000
  outer loop
    vertex 154.9917 10.7610 0.0000
    vertex 154.8839 10.8839 0.0000
    vertex 161.0711 17.0711 0.0000
  endloop
endfacet
facet normal 0.000000 0.000000 1.000000
  outer loop
    vertex 154.9917 10.7610 12.0000
    vertex 161.9335 16.0876 12.0000
    vertex 161.0711 17.0711 12.0000
  endloop
endfacet
facet normal 0.000000 -0.000000 1.000000
  outer loop
    vertex 154.9917 10.7610 12.0000
    vertex 161.0711 17.0711 12.0000
    vertex 154.8839 10.8839 12.0000
  endloop
endfacet
facet normal 0.751840 0.659346 0.000000
  outer loop
    vertex 161.9335 16.0876 0.0000
    vertex 161.0711 17.0711 0.0000
    vertex 161.0711 17.0711 12.0000
  endloop
endfacet
facet normal 0.751840 0.659346 -0.000000
  outer loop
    vertex 161.9335 16.0876 0.0000
    vertex 161.0711 17.0711 12.0000
    vertex 161.9335 16.0876 12.0000
  endloop
endfacet
facet normal -0.751840 -0.659346 0.000000
  outer loop
    vertex 154.9917 10.7610 0.0000
    vertex 154.8839 10.8839 12.0000
    vertex 154.8839 10.8839 0.0000
  endloop
endfacet
facet normal -0.751840 -0.659346 0.000000
  outer loop
    vertex 154.9917 10.7610 0.0000
    vertex 154.9917 10.7610 12.0000
    vertex 154.8839 10.8839 12.0000
  endloop
endfacet
facet normal 0.000000 0.000000 -1.000000
  outer loop
    vertex 154.8839 10.8839 0.0000
    vertex 160.0876 17.9335 0.0000
    vertex 161.0711 17.0711 0.0000
  endloop
endfacet
facet normal 0.000000 0.000000 -1.000000
  outer loop
    vertex 154.8839 10.8839 0.0000
    vertex 154.7610 10.9917 0.0000
    vertex 160.0876 17.9335 0.0000
  endloop
endfacet
facet normal 0.000000 0.000000 1.000000
  outer loop
    vertex 154.8839 10.8839 12.0000
    vertex 161.0711 17.0711 12.0000
    vertex 160.0876 17.9335 12.0000
  endloop
endfacet
facet normal 0.000000 -0.000000 1.000000
  outer loop
    vertex 154.8839 10.8839 12.0000
    vertex 160.0876 17.9335 12.0000
    vertex 154.7610 10.9917 12.0000
  endloop
endfacet
facet normal 0.659346 0.751840 0.000000
  outer loop
    vertex 161.0711 17.0711 0.0000
    vertex 160.0876 17.9335 0.0000
    vertex 160.0876 17.9335 12.0000
  endloop
endfacet
facet normal 0.659346 0.751840 -0.000000
  outer loop
    vertex 161.0711 17.0711 0.0000
    vertex 160.0876 17.9335 12.0000
    vertex 161.0711 17.0711 12.0000
  endloop
endfacet
facet normal -0.659346 -0.751840 0.000000
  outer loop
    vertex 154.8839 10.8839 0.0000
    vertex 154.7610 10.9917 12.0000
    vertex 154.7610 10.9917 0.0000
  endloop
endfacet
facet normal -0.659346 -0.751840 0.000000
  outer loop
    vertex 154.8839 10.8839 0.0000
    vertex 154.8839 10.8839 12.0000
    vertex 154.7610 10.9917 12.0000
  endloop
endfacet
facet normal 0.000000 0.000000 -1.000000
  outer loop
    vertex 154.7610 10.9917 0.0000
    vertex 159.0000 18.6603 0.0000
    vertex 160.0876 17.9335 0.0000
  endloop
endfacet
facet normal 0.000000 0.000000 -1.000000
  outer loop
    vertex 154.7610 10.9917 0.0000
    vertex 154.6250 11.0825 0.0000
    vertex 159.0000 18.6603 0.0000
  endloop
endfacet
facet normal 0.000000 0.000000 1.000000
  outer loop
    vertex 154.7610 10.9917 12.0000
    vertex 160.0876 17.9335 12.0000
    vertex 159.0000 18.6603 12.0000
  endloop
endfacet
facet normal 0.000000 -0.000000 1.000000
  outer loop
    vertex 154.7610 10.9917 12.0000
    vertex 159.0000 18.6603 12.0000
    vertex 154.6250 11.0825 12.0000
  endloop
endfacet
facet normal 0.555570 0.831470 0.000000
  outer loop
    vertex 160.0876 17.9335 0.0000
    vertex 159.0000 18.6603 0.0000
    vertex 159.0000 18.6603 12.0000
  endloop
endfacet
facet normal 0.555570 0.831470 -0.000000
  outer loop
    vertex 160.0876 17.9335 0.0000
    vertex 159.0000 18.6603 12.0000
    vertex 160.0876 17.9335 12.0000
  endloop
endfacet
facet normal -0.555570 -0.831470 0.000000
  outer loop
    vertex 154.7610 10.9917 0.0000
    vertex 154.6250 11.0825 12.0000
    vertex 154.6250 11.0825 0.0000
  endloop
endfacet
facet normal -0.555570 -0.831470 0.000000
  outer loop
    vertex 154.7610 10.9917 0.0000
    vertex 154.7610 10.9917 12.0000
    vertex 154.6250 11.0825 12.0000
  endloop
endfacet
facet normal 0.000000 0.000000 -1.000000
  outer loop
    vertex 154.6250 11.0825 0.0000
    vertex 157.8268 19.2388 0.0000
    vertex 159.0000 18.6603 0.0000
  endloop
endfacet
facet normal 0.000000 0.000000 -1.000000
  outer loop
    vertex 154.6250 11.0825 0.0000
    vertex 154.4784 11.1548 0.0000
    vertex 157.8268 19.2388 0.0000
  endloop
endfacet
facet normal 0.000000 0.000000 1.000000
  outer loop
    vertex 154.6250 11.0825 12.0000
    vertex 159.0000 18.6603 12.0000
    vertex 157.8268 19.2388 12.0000
  endloop
endfacet
facet normal 0.000000 -0.000000 1.000000
  outer loop
    vertex 154.6250 11.0825 12.0000
    vertex 157.8268 19.2388 12.0000
    vertex 154.4784 11.1548 12.0000
  endloop
endfacet
facet normal 0.442289 0.896873 0.000000
  outer loop
    vertex 159.0000 18.6603 0.0000
    vertex 157.8268 19.2388 0.0000
    vertex 157.8268 19.2388 12.0000
  endloop
endfacet
facet normal 0.442289 0.896873 -0.000000
  outer loop
    vertex 159.0000 18.6603 0.0000
    vertex 157.8268 19.2388 12.0000
    vertex 159.0000 18.6603 12.0000
  endloop
endfacet
facet normal -0.442289 -0.896873 0.000000
  outer loop
    vertex 154.6250 11.0825 0.0000
    vertex 154.4784 11.1548 12.0000
    vertex 154.4784 11.1548 0.0000
  endloop
endfacet
facet normal -0.442289 -0.896873 0.000000
  outer loop
    vertex 154.6250 11.0825 0.0000
    vertex 154.6250 11.0825 12.0000
    vertex 154.4784 11.1548 12.0000
  endloop
endfacet
facet normal 0.000000 0.000000 -1.000000
  outer loop
    vertex 154.4784 11.1548 0.0000
    vertex 156.5882 19.6593 0.0000
    vertex 157.8268 19.2388 0.0000
  endloop
endfacet
facet normal 0.000000 0.000000 -1.000000
  outer loop
    vertex 154.4784 11.1548 0.0000
    vertex 154.3235 11.2074 0.0000
    vertex 156.5882 19.6593 0.0000
  endloop
endfacet
facet normal 0.000000 0.000000 1.000000
  outer loop
    vertex 154.4784 11.1548 12.0000
    vertex 157.8268 19.2388 12.0000
    vertex 156.5882 19.6593 12.0000
  endloop
endfacet
facet normal 0.000000 -0.000000 1.000000
  outer loop
    vertex 154.4784 11.1548 12.0000
    vertex 156.5882 19.6593 12.0000
    vertex 154.3235 11.2074 12.0000
  endloop
endfacet
facet normal 0.321439 0.946930 0.000000
  outer loop
    vertex 157.8268 19.2388 0.0000
    vertex 156.5882 19.6593 0.0000
    vertex 156.5882 19.6593 12.0000
  endloop
endfacet
facet normal 0.321439 0.946930 -0.000000
  outer loop
    vertex 157.8268 19.2388 0.0000
    vertex 156.5882 19.6593 12.0000
    vertex 157.8268 19.2388 12.0000
  endloop
endfacet
facet normal -0.321439 -0.946930 0.000000
  outer loop
    vertex 154.4784 11.1548 0.0000
    vertex 154.3235 11.2074 12.0000
    vertex 154.3235 11.2074 0.0000
  endloop
endfacet
facet normal -0.321439 -0.946930 0.000000
  outer loop
    vertex 154.4784 11.1548 0.0000
    vertex 154.4784 11.1548 12.0000
    vertex 154.3235 11.2074 12.0000
  endloop
endfacet
facet normal 0.000000 0.000000 -1.000000
  outer loop
    vertex 154.3235 11.2074 0.0000
    vertex 155.3053 19.9144 0.0000
    vertex 156.5882 19.6593 0.0000
  endloop
endfacet
facet normal 0.000000 0.000000 -1.000000
  outer loop
    vertex 154.3235 11.2074 0.0000
    vertex 154.1632 11.2393 0.0000
    vertex 155.3053 19.9144 0.0000
  endloop
endfacet
facet normal 0.000000 0.000000 1.000000
  outer loop
    vertex 154.3235 11.2074 12.0000
    vertex 156.5882 19.6593 12.0000
    vertex 155.3053 19.9144 12.0000
  endloop
endfacet
facet normal 0.000000 -0.000000 1.000000
  outer loop
    vertex 154.3235 11.2074 12.0000
    vertex 155.3053 19.9144 12.0000
    vertex 154.1632 11.2393 12.0000
  endloop
endfacet
facet normal 0.195090 0.980785 0.000000
  outer loop
    vertex 156.5882 19.6593 0.0000
    vertex 155.3053 19.9144 0.0000
    vertex 155.3053 19.9144 12.0000
  endloop
endfacet
facet normal 0.195090 0.980785 -0.000000
  outer loop
    vertex 156.5882 19.6593 0.0000
    vertex 155.3053 19.9144 12.0000
    vertex 156.5882 19.6593 12.0000
  endloop
endfacet
facet normal -0.195090 -0.980785 0.000000
  outer loop
    vertex 154.3235 11.2074 0.0000
    vertex 154.1632 11.2393 12.0000
    vertex 154.1632 11.2393 0.0000
  endloop
endfacet
facet normal -0.195090 -0.980785 0.000000
  outer loop
    vertex 154.3235 11.2074 0.0000
    vertex 154.3235 11.2074 12.0000
    vertex 154.1632 11.2393 12.0000
  endloop
endfacet
facet normal 0.000000 0.000000 -1.000000
  outer loop
    vertex 154.1632 11.2393 0.0000
    vertex 154.0000 20.0000 0.0000
    vertex 155.3053 19.9144 0.0000
  endloop
endfacet
facet normal 0.000000 0.000000 -1.000000
  outer loop
    vertex 154.1632 11.2393 0.0000
    vertex 154.0000 11.2500 0.0000
    vertex 154.0000 20.0000 0.0000
  endloop
endfacet
facet normal 0.000000 -0.000000 1.000000
  outer loop
    vertex 154.1632 11.2393 12.0000
    vertex 155.3053 19.9144 12.0000
    vertex 154.0000 20.0000 12.0000
  endloop
endfacet
facet normal 0.000000 0.000000 1.000000
  outer loop
    vertex 154.1632 11.2393 12.0000
    vertex 154.0000 20.0000 12.0000
    vertex 154.0000 11.2500 12.0000
  endloop
endfacet
facet normal 0.065403 0.997859 0.000000
  outer loop
    vertex 155.3053 19.9144 0.0000
    vertex 154.0000 20.0000 0.0000
    vertex 154.0000 20.0000 12.0000
  endloop
endfacet
facet normal 0.065403 0.997859 -0.000000
  outer loop
    vertex 155.3053 19.9144 0.0000
    vertex 154.0000 20.0000 12.0000
    vertex 155.3053 19.9144 12.0000
  endloop
endfacet
facet normal -0.065403 -0.997859 0.000000
  outer loop
    vertex 154.1632 11.2393 0.0000
    vertex 154.0000 11.2500 12.0000
    vertex 154.0000 11.2500 0.0000
  endloop
endfacet
facet normal -0.065403 -0.997859 0.000000
  outer loop
    vertex 154.1632 11.2393 0.0000
    vertex 154.1632 11.2393 12.0000
    vertex 154.0000 11.2500 12.0000
  endloop
endfacet
facet normal 0.000000 0.000000 -1.000000
  outer loop
    vertex 154.0000 11.2500 0.0000
    vertex 152.6947 19.9144 0.0000
    vertex 154.0000 20.0000 0.0000
  endloop
endfacet
facet normal -0.000000 0.000000 -1.000000
  outer loop
    vertex 154.0000 11.2500 0.0000
    vertex 153.8368 11.2393 0.0000
    vertex 152.6947 19.9144 0.0000
  endloop
endfacet
facet normal 0.000000 -0.000000 1.000000
  outer loop
    vertex 154.0000 11.2500 12.0000
    vertex 154.0000 20.0000 12.0000
    vertex 152.6947 19.9144 12.0000
  endloop
endfacet
facet normal 0.000000 0.000000 1.000000
  outer loop
    vertex 154.0000 11.2500 12.0000
    vertex 152.6947 19.9144 12.0000
    vertex 153.8368 11.2393 12.0000
  endloop
endfacet
facet normal -0.065403 0.997859 0.000000
  outer loop
    vertex 154.0000 20.0000 0.0000
    vertex 152.6947 19.9144 0.0000
    vertex 152.6947 19.9144 12.0000
  endloop
endfacet
facet normal -0.065403 0.997859 0.000000
  outer loop
    vertex 154.0000 20.0000 0.0000
    vertex 152.6947 19.9144 12.0000
    vertex 154.0000 20.0000 12.0000
  endloop
endfacet
facet normal 0.065403 -0.997859 0.000000
  outer loop
    vertex 154.0000 11.2500 0.0000
    vertex 153.8368 11.2393 12.0000
    vertex 153.8368 11.2393 0.0000
  endloop
endfacet
facet normal 0.065403 -0.997859 0.000000
  outer loop
    vertex 154.0000 11.2500 0.0000
    vertex 154.0000 11.2500 12.0000
    vertex 153.8368 11.2393 12.0000
  endloop
endfacet
facet normal 0.000000 0.000000 -1.000000
  outer loop
    vertex 153.8368 11.2393 0.0000
    vertex 151.4118 19.6593 0.0000
    vertex 152.6947 19.9144 0.0000
  endloop
endfacet
facet normal -0.000000 0.000000 -1.000000
  outer loop
    vertex 153.8368 11.2393 0.0000
    vertex 153.6765 11.2074 0.0000
    vertex 151.4118 19.6593 0.0000
  endloop
endfacet
facet normal 0.000000 0.000000 1.000000
  outer loop
    vertex 153.8368 11.2393 12.0000
    vertex 152.6947 19.9144 12.0000
    vertex 151.4118 19.6593 12.0000
  endloop
endfacet
facet normal 0.000000 0.000000 1.000000
  outer loop
    vertex 153.8368 11.2393 12.0000
    vertex 151.4118 19.6593 12.0000
    vertex 153.6765 11.2074 12.0000
  endloop
endfacet
facet normal -0.195090 0.980785 0.000000
  outer loop
    vertex 152.6947 19.9144 0.0000
    vertex 151.4118 19.6593 0.0000
    vertex 151.4118 19.6593 12.0000
  endloop
endfacet
facet normal -0.195090 0.980785 0.000000
  outer loop
    vertex 152.6947 19.9144 0.0000
    vertex 151.4118 19.6593 12.0000
    vertex 152.6947 19.9144 12.0000
  endloop
endfacet
facet normal 0.195090 -0.980785 0.000000
  outer loop
    vertex 153.8368 11.2393 0.0000
    vertex 153.6765 11.2074 12.0000
    vertex 153.6765 11.2074 0.0000
  endloop
endfacet
facet normal 0.195090 -0.980785 0.000000
  outer loop
    vertex 153.8368 11.2393 0.0000
    vertex 153.8368 11.2393 12.0000
    vertex 153.6765 11.2074 12.0000
  endloop
endfacet
facet normal 0.000000 0.000000 -1.000000
  outer loop
    vertex 153.6765 11.2074 0.0000
    vertex 150.1732 19.2388 0.0000
    vertex 151.4118 19.6593 0.0000
  endloop
endfacet
facet normal -0.000000 0.000000 -1.000000
  outer loop
    vertex 153.6765 11.2074 0.0000
    vertex 153.5216 11.1548 0.0000
    vertex 150.1732 19.2388 0.0000
  endloop
endfacet
facet normal 0.000000 0.000000 1.000000
  outer loop
    vertex 153.6765 11.2074 12.0000
    vertex 151.4118 19.6593 12.0000
    vertex 150.1732 19.2388 12.0000
  endloop
endfacet
facet normal 0.000000 0.000000 1.000000
  outer loop
    vertex 153.6765 11.2074 12.0000
    vertex 150.1732 19.2388 12.0000
    vertex 153.5216 11.1548 12.0000
  endloop
endfacet
facet normal -0.321439 0.946930 0.000000
  outer loop
    vertex 151.4118 19.6593 0.0000
    vertex 150.1732 19.2388 0.0000
    vertex 150.1732 19.2388 12.0000
  endloop
endfacet
facet normal -0.321439 0.946930 0.000000
  outer loop
    vertex 151.4118 19.6593 0.0000
    vertex 150.1732 19.2388 12.0000
    vertex 151.4118 19.6593 12.0000
  endloop
endfacet
facet normal 0.321439 -0.946930 0.000000
  outer loop
    vertex 153.6765 11.2074 0.0000
    vertex 153.5216 11.1548 12.0000
    vertex 153.5216 11.1548 0.0000
  endloop
endfacet
facet normal 0.321439 -0.946930 0.000000
  outer loop
    vertex 153.6765 11.2074 0.0000
    vertex 153.6765 11.2074 12.0000
    vertex 153.5216 11.1548 12.0000
  endloop
endfacet
facet normal 0.000000 0.000000 -1.000000
  outer loop
    vertex 153.5216 11.1548 0.0000
    vertex 149.0000 18.6603 0.0000
    vertex 150.1732 19.2388 0.0000
  endloop
endfacet
facet normal -0.000000 0.000000 -1.000000
  outer loop
    vertex 153.5216 11.1548 0.0000
    vertex 153.3750 11.0825 0.0000
    vertex 149.0000 18.6603 0.0000
  endloop
endfacet
facet normal 0.000000 0.000000 1.000000
  outer loop
    vertex 153.5216 11.1548 12.0000
    vertex 150.1732 19.2388 12.0000
    vertex 149.0000 18.6603 12.0000
  endloop
endfacet
facet normal 0.000000 0.000000 1.000000
  outer loop
    vertex 153.5216 11.1548 12.0000
    vertex 149.0000 18.6603 12.0000
    vertex 153.3750 11.0825 12.0000
  endloop
endfacet
facet normal -0.442289 0.896873 0.000000
  outer loop
    vertex 150.1732 19.2388 0.0000
    vertex 149.0000 18.6603 0.0000
    vertex 149.0000 18.6603 12.0000
  endloop
endfacet
facet normal -0.442289 0.896873 0.000000
  outer loop
    vertex 150.1732 19.2388 0.0000
    vertex 149.0000 18.6603 12.0000
    vertex 150.1732 19.2388 12.0000
  endloop
endfacet
facet normal 0.442289 -0.896873 0.000000
  outer loop
    vertex 153.5216 11.1548 0.0000
    vertex 153.3750 11.0825 12.0000
    vertex 153.3750 11.0825 0.0000
  endloop
endfacet
facet normal 0.442289 -0.896873 0.000000
  outer loop
    vertex 153.5216 11.1548 0.0000
    vertex 153.5216 11.1548 12.0000
    vertex 153.3750 11.0825 12.0000
  endloop
endfacet
facet normal 0.000000 0.000000 -1.000000
  outer loop
    vertex 153.3750 11.0825 0.0000
    vertex 147.9124 17.9335 0.0000
    vertex 149.0000 18.6603 0.0000
  endloop
endfacet
facet normal -0.000000 0.000000 -1.000000
  outer loop
    vertex 153.3750 11.0825 0.0000
    vertex 153.2390 10.9917 0.0000
    vertex 147.9124 17.9335 0.0000
  endloop
endfacet
facet normal 0.000000 0.000000 1.000000
  outer loop
    vertex 153.3750 11.0825 12.0000
    vertex 149.0000 18.6603 12.0000
    vertex 147.9124 17.9335 12.0000
  endloop
endfacet
facet normal 0.000000 0.000000 1.000000
  outer loop
    vertex 153.3750 11.0825 12.0000
    vertex 147.9124 17.9335 12.0000
    vertex 153.2390 10.9917 12.0000
  endloop
endfacet
facet normal -0.555570 0.831470 0.000000
  outer loop
    vertex 149.0000 18.6603 0.0000
    vertex 147.9124 17.9335 0.0000
    vertex 147.9124 17.9335 12.0000
  endloop
endfacet
facet normal -0.555570 0.831470 0.000000
  outer loop
    vertex 149.0000 18.6603 0.0000
    vertex 147.9124 17.9335 12.0000
    vertex 149.0000 18.6603 12.0000
  endloop
endfacet
facet normal 0.555570 -0.831470 0.000000
  outer loop
    vertex 153.3750 11.0825 0.0000
    vertex 153.2390 10.9917 12.0000
    vertex 153.2390 10.9917 0.0000
  endloop
endfacet
facet normal 0.555570 -0.831470 0.000000
  outer loop
    vertex 153.3750 11.0825 0.0000
    vertex 153.3750 11.0825 12.0000
    vertex 153.2390 10.9917 12.0000
  endloop
endfacet
facet normal 0.000000 0.000000 -1.000000
  outer loop
    vertex 153.2390 10.9917 0.0000
    vertex 146.9289 17.0711 0.0000
    vertex 147.9124 17.9335 0.0000
  endloop
endfacet
facet normal -0.000000 0.000000 -1.000000
  outer loop
    vertex 153.2390 10.9917 0.0000
    vertex 153.1161 10.8839 0.0000
    vertex 146.9289 17.0711 0.0000
  endloop
endfacet
facet normal 0.000000 0.000000 1.000000
  outer loop
    vertex 153.2390 10.9917 12.0000
    vertex 147.9124 17.9335 12.0000
    vertex 146.9289 17.0711 12.0000
  endloop
endfacet
facet normal 0.000000 0.000000 1.000000
  outer loop
    vertex 153.2390 10.9917 12.0000
    vertex 146.9289 17.0711 12.0000
    vertex 153.1161 10.8839 12.0000
  endloop
endfacet
facet normal -0.659346 0.751840 0.000000
  outer loop
    vertex 147.9124 17.9335 0.0000
    vertex 146.9289 17.0711 0.0000
    vertex 146.9289 17.0711 12.0000
  endloop
endfacet
facet normal -0.659346 0.751840 0.000000
  outer loop
    vertex 147.9124 17.9335 0.0000
    vertex 146.9289 17.0711 12.0000
    vertex 147.9124 17.9335 12.0000
  endloop
endfacet
facet normal 0.659346 -0.751840 0.000000
  outer loop
    vertex 153.2390 10.9917 0.0000
    vertex 153.1161 10.8839 12.0000
    vertex 153.1161 10.8839 0.0000
  endloop
endfacet
facet normal 0.659346 -0.751840 0.000000
  outer loop
    vertex 153.2390 10.9917 0.0000
    vertex 153.2390 10.9917 12.0000
    vertex 153.1161 10.8839 12.0000
  endloop
endfacet
facet normal 0.000000 0.000000 -1.000000
  outer loop
    vertex 153.1161 10.8839 0.0000
    vertex 146.0665 16.0876 0.0000
    vertex 146.9289 17.0711 0.0000
  endloop
endfacet
facet normal -0.000000 0.000000 -1.000000
  outer loop
    vertex 153.1161 10.8839 0.0000
    vertex 153.0083 10.7610 0.0000
    vertex 146.0665 16.0876 0.0000
  endloop
endfacet
facet normal 0.000000 0.000000 1.000000
  outer loop
    vertex 153.1161 10.8839 12.0000
    vertex 146.9289 17.0711 12.0000
    vertex 146.0665 16.0876 12.0000
  endloop
endfacet
facet normal 0.000000 0.000000 1.000000
  outer loop
    vertex 153.1161 10.8839 12.0000
    vertex 146.0665 16.0876 12.0000
    vertex 153.0083 10.7610 12.0000
  endloop
endfacet
facet normal -0.751840 0.659346 0.000000
  outer loop
    vertex 146.9289 17.0711 0.0000
    vertex 146.0665 16.0876 0.0000
    vertex 146.0665 16.0876 12.0000
  endloop
endfacet
facet normal -0.751840 0.659346 0.000000
  outer loop
    vertex 146.9289 17.0711 0.0000
    vertex 146.0665 16.0876 12.0000
    vertex 146.9289 17.0711 12.0000
  endloop
endfacet
facet normal 0.751840 -0.659346 0.000000
  outer loop
    vertex 153.1161 10.8839 0.0000
    vertex 153.0083 10.7610 12.0000
    vertex 153.0083 10.7610 0.0000
  endloop
endfacet
facet normal 0.751840 -0.659346 0.000000
  outer loop
    vertex 153.1161 10.8839 0.0000
    vertex 153.1161 10.8839 12.0000
    vertex 153.0083 10.7610 12.0000
  endloop
endfacet
facet normal 0.000000 0.000000 -1.000000
  outer loop
    vertex 153.0083 10.7610 0.0000
    vertex 145.3397 15.0000 0.0000
    vertex 146.0665 16.0876 0.0000
  endloop
endfacet
facet normal -0.000000 0.000000 -1.000000
  outer loop
    vertex 153.0083 10.7610 0.0000
    vertex 152.9175 10.6250 0.0000
    vertex 145.3397 15.0000 0.0000
  endloop
endfacet
facet normal 0.000000 0.000000 1.000000
  outer loop
    vertex 153.0083 10.7610 12.0000
    vertex 146.0665 16.0876 12.0000
    vertex 145.3397 15.0000 12.0000
  endloop
endfacet
facet normal 0.000000 0.000000 1.000000
  outer loop
    vertex 153.0083 10.7610 12.0000
    vertex 145.3397 15.0000 12.0000
    vertex 152.9175 10.6250 12.0000
  endloop
endfacet
facet normal -0.831470 0.555570 0.000000
  outer loop
    vertex 146.0665 16.0876 0.0000
    vertex 145.3397 15.0000 0.0000
    vertex 145.3397 15.0000 12.0000
  endloop
endfacet
facet normal -0.831470 0.555570 0.000000
  outer loop
    vertex 146.0665 16.0876 0.0000
    vertex 145.3397 15.0000 12.0000
    vertex 146.0665 16.0876 12.0000
  endloop
endfacet
facet normal 0.831470 -0.555570 0.000000
  outer loop
    vertex 153.0083 10.7610 0.0000
    vertex 152.9175 10.6250 12.0000
    vertex 152.9175 10.6250 0.0000
  endloop
endfacet
facet normal 0.831470 -0.555570 0.000000
  outer loop
    vertex 153.0083 10.7610 0.0000
    vertex 153.0083 10.7610 12.0000
    vertex 152.9175 10.6250 12.0000
  endloop
endfacet
facet normal 0.000000 0.000000 -1.000000
  outer loop
    vertex 152.9175 10.6250 0.0000
    vertex 144.7612 13.8268 0.0000
    vertex 145.3397 15.0000 0.0000
  endloop
endfacet
facet normal -0.000000 0.000000 -1.000000
  outer loop
    vertex 152.9175 10.6250 0.0000
    vertex 152.8452 10.4784 0.0000
    vertex 144.7612 13.8268 0.0000
  endloop
endfacet
facet normal 0.000000 0.000000 1.000000
  outer loop
    vertex 152.9175 10.6250 12.0000
    vertex 145.3397 15.0000 12.0000
    vertex 144.7612 13.8268 12.0000
  endloop
endfacet
facet normal 0.000000 0.000000 1.000000
  outer loop
    vertex 152.9175 10.6250 12.0000
    vertex 144.7612 13.8268 12.0000
    vertex 152.8452 10.4784 12.0000
  endloop
endfacet
facet normal -0.896873 0.442289 0.000000
  outer loop
    vertex 145.3397 15.0000 0.0000
    vertex 144.7612 13.8268 0.0000
    vertex 144.7612 13.8268 12.0000
  endloop
endfacet
facet normal -0.896873 0.442289 0.000000
  outer loop
    vertex 145.3397 15.0000 0.0000
    vertex 144.7612 13.8268 12.0000
    vertex 145.3397 15.0000 12.0000
  endloop
endfacet
facet normal 0.896873 -0.442289 0.000000
  outer loop
    vertex 152.9175 10.6250 0.0000
    vertex 152.8452 10.4784 12.0000
    vertex 152.8452 10.4784 0.0000
  endloop
endfacet
facet normal 0.896873 -0.442289 0.000000
  outer loop
    vertex 152.9175 10.6250 0.0000
    vertex 152.9175 10.6250 12.0000
    vertex 152.8452 10.4784 12.0000
  endloop
endfacet
facet normal 0.000000 0.000000 -1.000000
  outer loop
    vertex 152.8452 10.4784 0.0000
    vertex 144.3407 12.5882 0.0000
    vertex 144.7612 13.8268 0.0000
  endloop
endfacet
facet normal -0.000000 0.000000 -1.000000
  outer loop
    vertex 152.8452 10.4784 0.0000
    vertex 152.7926 10.3235 0.0000
    vertex 144.3407 12.5882 0.0000
  endloop
endfacet
facet normal 0.000000 0.000000 1.000000
  outer loop
    vertex 152.8452 10.4784 12.0000
    vertex 144.7612 13.8268 12.0000
    vertex 144.3407 12.5882 12.0000
  endloop
endfacet
facet normal 0.000000 0.000000 1.000000
  outer loop
    vertex 152.8452 10.4784 12.0000
    vertex 144.3407 12.5882 12.0000
    vertex 152.7926 10.3235 12.0000
  endloop
endfacet
facet normal -0.946930 0.321439 0.000000
  outer loop
    vertex 144.7612 13.8268 0.0000
    vertex 144.3407 12.5882 0.0000
    vertex 144.3407 12.5882 12.0000
  endloop
endfacet
facet normal -0.946930 0.321439 0.000000
  outer loop
    vertex 144.7612 13.8268 0.0000
    vertex 144.3407 12.5882 12.0000
    vertex 144.7612 13.8268 12.0000
  endloop
endfacet
facet normal 0.946930 -0.321439 0.000000
  outer loop
    vertex 152.8452 10.4784 0.0000
    vertex 152.7926 10.3235 12.0000
    vertex 152.7926 10.3235 0.0000
  endloop
endfacet
facet normal 0.946930 -0.321439 0.000000
  outer loop
    vertex 152.8452 10.4784 0.0000
    vertex 152.8452 10.4784 12.0000
    vertex 152.7926 10.3235 12.0000
  endloop
endfacet
facet normal 0.000000 0.000000 -1.000000
  outer loop
    vertex 152.7926 10.3235 0.0000
    vertex 144.0856 11.3053 0.0000
    vertex 144.3407 12.5882 0.0000
  endloop
endfacet
facet normal -0.000000 0.000000 -1.000000
  outer loop
    vertex 152.7926 10.3235 0.0000
    vertex 152.7607 10.1632 0.0000
    vertex 144.0856 11.3053 0.0000
  endloop
endfacet
facet normal 0.000000 0.000000 1.000000
  outer loop
    vertex 152.7926 10.3235 12.0000
    vertex 144.3407 12.5882 12.0000
    vertex 144.0856 11.3053 12.0000
  endloop
endfacet
facet normal 0.000000 0.000000 1.000000
  outer loop
    vertex 152.7926 10.3235 12.0000
    vertex 144.0856 11.3053 12.0000
    vertex 152.7607 10.1632 12.0000
  endloop
endfacet
facet normal -0.980785 0.195090 0.000000
  outer loop
    vertex 144.3407 12.5882 0.0000
    vertex 144.0856 11.3053 0.0000
    vertex 144.0856 11.3053 12.0000
  endloop
endfacet
facet normal -0.980785 0.195090 0.000000
  outer loop
    vertex 144.3407 12.5882 0.0000
    vertex 144.0856 11.3053 12.0000
    vertex 144.3407 12.5882 12.0000
  endloop
endfacet
facet normal 0.980785 -0.195090 0.000000
  outer loop
    vertex 152.7926 10.3235 0.0000
    vertex 152.7607 10.1632 12.0000
    vertex 152.7607 10.1632 0.0000
  endloop
endfacet
facet normal 0.980785 -0.195090 0.000000
  outer loop
    vertex 152.7926 10.3235 0.0000
    vertex 152.7926 10.3235 12.0000
    vertex 152.7607 10.1632 12.0000
  endloop
endfacet
facet normal -0.000000 0.000000 -1.000000
  outer loop
    vertex 152.7607 10.1632 0.0000
    vertex 144.0000 10.0000 0.0000
    vertex 144.0856 11.3053 0.0000
  endloop
endfacet
facet normal 0.000000 0.000000 -1.000000
  outer loop
    vertex 152.7607 10.1632 0.0000
    vertex 152.7500 10.0000 0.0000
    vertex 144.0000 10.0000 0.0000
  endloop
endfacet
facet normal 0.000000 0.000000 1.000000
  outer loop
    vertex 152.7607 10.1632 12.0000
    vertex 144.0856 11.3053 12.0000
    vertex 144.0000 10.0000 12.0000
  endloop
endfacet
facet normal 0.000000 0.000000 1.000000
  outer loop
    vertex 152.7607 10.1632 12.0000
    vertex 144.0000 10.0000 12.0000
    vertex 152.7500 10.0000 12.0000
  endloop
endfacet
facet normal -0.997859 0.065403 0.000000
  outer loop
    vertex 144.0856 11.3053 0.0000
    vertex 144.0000 10.0000 0.0000
    vertex 144.0000 10.0000 12.0000
  endloop
endfacet
facet normal -0.997859 0.065403 0.000000
  outer loop
    vertex 144.0856 11.3053 0.0000
    vertex 144.0000 10.0000 12.0000
    vertex 144.0856 11.3053 12.0000
  endloop
endfacet
facet normal 0.997859 -0.065403 0.000000
  outer loop
    vertex 152.7607 10.1632 0.0000
    vertex 152.7500 10.0000 12.0000
    vertex 152.7500 10.0000 0.0000
  endloop
endfacet
facet normal 0.997859 -0.065403 0.000000
  outer loop
    vertex 152.7607 10.1632 0.0000
    vertex 152.7607 10.1632 12.0000
    vertex 152.7500 10.0000 12.0000
  endloop
endfacet
facet normal -0.000000 0.000000 -1.000000
  outer loop
    vertex 152.7500 10.0000 0.0000
    vertex 144.0856 8.6947 0.0000
    vertex 144.0000 10.0000 0.0000
  endloop
endfacet
facet normal 0.000000 -0.000000 -1.000000
  outer loop
    vertex 152.7500 10.0000 0.0000
    vertex 152.7607 9.8368 0.0000
    vertex 144.0856 8.6947 0.0000
  endloop
endfacet
facet normal 0.000000 0.000000 1.000000
  outer loop
    vertex 152.7500 10.0000 12.0000
    vertex 144.0000 10.0000 12.0000
    vertex 144.0856 8.6947 12.0000
  endloop
endfacet
facet normal 0.000000 0.000000 1.000000
  outer loop
    vertex 152.7500 10.0000 12.0000
    vertex 144.0856 8.6947 12.0000
    vertex 152.7607 9.8368 12.0000
  endloop
endfacet
facet normal -0.997859 -0.065403 0.000000
  outer loop
    vertex 144.0000 10.0000 0.0000
    vertex 144.0856 8.6947 0.0000
    vertex 144.0856 8.6947 12.0000
  endloop
endfacet
facet normal -0.997859 -0.065403 0.000000
  outer loop
    vertex 144.0000 10.0000 0.0000
    vertex 144.0856 8.6947 12.0000
    vertex 144.0000 10.0000 12.0000
  endloop
endfacet
facet normal 0.997859 0.065403 0.000000
  outer loop
    vertex 152.7500 10.0000 0.0000
    vertex 152.7607 9.8368 12.0000
    vertex 152.7607 9.8368 0.0000
  endloop
endfacet
facet normal 0.997859 0.065403 -0.000000
  outer loop
    vertex 152.7500 10.0000 0.0000
    vertex 152.7500 10.0000 12.0000
    vertex 152.7607 9.8368 12.0000
  endloop
endfacet
facet normal 0.000000 0.000000 -1.000000
  outer loop
    vertex 152.7607 9.8368 0.0000
    vertex 144.3407 7.4118 0.0000
    vertex 144.0856 8.6947 0.0000
  endloop
endfacet
facet normal 0.000000 -0.000000 -1.000000
  outer loop
    vertex 152.7607 9.8368 0.0000
    vertex 152.7926 9.6765 0.0000
    vertex 144.3407 7.4118 0.0000
  endloop
endfacet
facet normal 0.000000 0.000000 1.000000
  outer loop
    vertex 152.7607 9.8368 12.0000
    vertex 144.0856 8.6947 12.0000
    vertex 144.3407 7.4118 12.0000
  endloop
endfacet
facet normal 0.000000 0.000000 1.000000
  outer loop
    vertex 152.7607 9.8368 12.0000
    vertex 144.3407 7.4118 12.0000
    vertex 152.7926 9.6765 12.0000
  endloop
endfacet
facet normal -0.980785 -0.195090 0.000000
  outer loop
    vertex 144.0856 8.6947 0.0000
    vertex 144.3407 7.4118 0.0000
    vertex 144.3407 7.4118 12.0000
  endloop
endfacet
facet normal -0.980785 -0.195090 0.000000
  outer loop
    vertex 144.0856 8.6947 0.0000
    vertex 144.3407 7.4118 12.0000
    vertex 144.0856 8.6947 12.0000
  endloop
endfacet
facet normal 0.980785 0.195090 0.000000
  outer loop
    vertex 152.7607 9.8368 0.0000
    vertex 152.7926 9.6765 12.0000
    vertex 152.7926 9.6765 0.0000
  endloop
endfacet
facet normal 0.980785 0.195090 -0.000000
  outer loop
    vertex 152.7607 9.8368 0.0000
    vertex 152.7607 9.8368 12.0000
    vertex 152.7926 9.6765 12.0000
  endloop
endfacet
facet normal 0.000000 0.000000 -1.000000
  outer loop
    vertex 152.7926 9.6765 0.0000
    vertex 144.7612 6.1732 0.0000
    vertex 144.3407 7.4118 0.0000
  endloop
endfacet
facet normal 0.000000 -0.000000 -1.000000
  outer loop
    vertex 152.7926 9.6765 0.0000
    vertex 152.8452 9.5216 0.0000
    vertex 144.7612 6.1732 0.0000
  endloop
endfacet
facet normal 0.000000 0.000000 1.000000
  outer loop
    vertex 152.7926 9.6765 12.0000
    vertex 144.3407 7.4118 12.0000
    vertex 144.7612 6.1732 12.0000
  endloop
endfacet
facet normal 0.000000 0.000000 1.000000
  outer loop
    vertex 152.7926 9.6765 12.0000
    vertex 144.7612 6.1732 12.0000
    vertex 152.8452 9.5216 12.0000
  endloop
endfacet
facet normal -0.946930 -0.321439 0.000000
  outer loop
    vertex 144.3407 7.4118 0.0000
    vertex 144.7612 6.1732 0.0000
    vertex 144.7612 6.1732 12.0000
  endloop
endfacet
facet normal -0.946930 -0.321439 0.000000
  outer loop
    vertex 144.3407 7.4118 0.0000
    vertex 144.7612 6.1732 12.0000
    vertex 144.3407 7.4118 12.0000
  endloop
endfacet
facet normal 0.946930 0.321439 0.000000
  outer loop
    vertex 152.7926 9.6765 0.0000
    vertex 152.8452 9.5216 12.0000
    vertex 152.8452 9.5216 0.0000
  endloop
endfacet
facet normal 0.946930 0.321439 -0.000000
  outer loop
    vertex 152.7926 9.6765 0.0000
    vertex 152.7926 9.6765 12.0000
    vertex 152.8452 9.5216 12.0000
  endloop
endfacet
facet normal 0.000000 0.000000 -1.000000
  outer loop
    vertex 152.8452 9.5216 0.0000
    vertex 145.3397 5.0000 0.0000
    vertex 144.7612 6.1732 0.0000
  endloop
endfacet
facet normal 0.000000 -0.000000 -1.000000
  outer loop
    vertex 152.8452 9.5216 0.0000
    vertex 152.9175 9.3750 0.0000
    vertex 145.3397 5.0000 0.0000
  endloop
endfacet
facet normal 0.000000 0.000000 1.000000
  outer loop
    vertex 152.8452 9.5216 12.0000
    vertex 144.7612 6.1732 12.0000
    vertex 145.3397 5.0000 12.0000
  endloop
endfacet
facet normal 0.000000 0.000000 1.000000
  outer loop
    vertex 152.8452 9.5216 12.0000
    vertex 145.3397 5.0000 12.0000
    vertex 152.9175 9.3750 12.0000
  endloop
endfacet
facet normal -0.896873 -0.442289 0.000000
  outer loop
    vertex 144.7612 6.1732 0.0000
    vertex 145.3397 5.0000 0.0000
    vertex 145.3397 5.0000 12.0000
  endloop
endfacet
facet normal -0.896873 -0.442289 0.000000
  outer loop
    vertex 144.7612 6.1732 0.0000
    vertex 145.3397 5.0000 12.0000
    vertex 144.7612 6.1732 12.0000
  endloop
endfacet
facet normal 0.896873 0.442289 0.000000
  outer loop
    vertex 152.8452 9.5216 0.0000
    vertex 152.9175 9.3750 12.0000
    vertex 152.9175 9.3750 0.0000
  endloop
endfacet
facet normal 0.896873 0.442289 -0.000000
  outer loop
    vertex 152.8452 9.5216 0.0000
    vertex 152.8452 9.5216 12.0000
    vertex 152.9175 9.3750 12.0000
  endloop
endfacet
facet normal 0.000000 0.000000 -1.000000
  outer loop
    vertex 152.9175 9.3750 0.0000
    vertex 146.0665 3.9124 0.0000
    vertex 145.3397 5.0000 0.0000
  endloop
endfacet
facet normal 0.000000 -0.000000 -1.000000
  outer loop
    vertex 152.9175 9.3750 0.0000
    vertex 153.0083 9.2390 0.0000
    vertex 146.0665 3.9124 0.0000
  endloop
endfacet
facet normal 0.000000 0.000000 1.000000
  outer loop
    vertex 152.9175 9.3750 12.0000
    vertex 145.3397 5.0000 12.0000
    vertex 146.0665 3.9124 12.0000
  endloop
endfacet
facet normal 0.000000 0.000000 1.000000
  outer loop
    vertex 152.9175 9.3750 12.0000
    vertex 146.0665 3.9124 12.0000
    vertex 153.0083 9.2390 12.0000
  endloop
endfacet
facet normal -0.831470 -0.555570 0.000000
  outer loop
    vertex 145.3397 5.0000 0.0000
    vertex 146.0665 3.9124 0.0000
    vertex 146.0665 3.9124 12.0000
  endloop
endfacet
facet normal -0.831470 -0.555570 0.000000
  outer loop
    vertex 145.3397 5.0000 0.0000
    vertex 146.0665 3.9124 12.0000
    vertex 145.3397 5.0000 12.0000
  endloop
endfacet
facet normal 0.831470 0.555570 0.000000
  outer loop
    vertex 152.9175 9.3750 0.0000
    vertex 153.0083 9.2390 12.0000
    vertex 153.0083 9.2390 0.0000
  endloop
endfacet
facet normal 0.831470 0.555570 -0.000000
  outer loop
    vertex 152.9175 9.3750 0.0000
    vertex 152.9175 9.3750 12.0000
    vertex 153.0083 9.2390 12.0000
  endloop
endfacet
facet normal 0.000000 0.000000 -1.000000
  outer loop
    vertex 153.0083 9.2390 0.0000
    vertex 146.9289 2.9289 0.0000
    vertex 146.0665 3.9124 0.0000
  endloop
endfacet
facet normal 0.000000 -0.000000 -1.000000
  outer loop
    vertex 153.0083 9.2390 0.0000
    vertex 153.1161 9.1161 0.0000
    vertex 146.9289 2.9289 0.0000
  endloop
endfacet
facet normal 0.000000 0.000000 1.000000
  outer loop
    vertex 153.0083 9.2390 12.0000
    vertex 146.0665 3.9124 12.0000
    vertex 146.9289 2.9289 12.0000
  endloop
endfacet
facet normal 0.000000 0.000000 1.000000
  outer loop
    vertex 153.0083 9.2390 12.0000
    vertex 146.9289 2.9289 12.0000
    vertex 153.1161 9.1161 12.0000
  endloop
endfacet
facet normal -0.751840 -0.659346 0.000000
  outer loop
    vertex 146.0665 3.9124 0.0000
    vertex 146.9289 2.9289 0.0000
    vertex 146.9289 2.9289 12.0000
  endloop
endfacet
facet normal -0.751840 -0.659346 0.000000
  outer loop
    vertex 146.0665 3.9124 0.0000
    vertex 146.9289 2.9289 12.0000
    vertex 146.0665 3.9124 12.0000
  endloop
endfacet
facet normal 0.751840 0.659346 0.000000
  outer loop
    vertex 153.0083 9.2390 0.0000
    vertex 153.1161 9.1161 12.0000
    vertex 153.1161 9.1161 0.0000
  endloop
endfacet
facet normal 0.751840 0.659346 -0.000000
  outer loop
    vertex 153.0083 9.2390 0.0000
    vertex 153.0083 9.2390 12.0000
    vertex 153.1161 9.1161 12.0000
  endloop
endfacet
facet normal 0.000000 0.000000 -1.000000
  outer loop
    vertex 153.1161 9.1161 0.0000
    vertex 147.9124 2.0665 0.0000
    vertex 146.9289 2.9289 0.0000
  endloop
endfacet
facet normal 0.000000 -0.000000 -1.000000
  outer loop
    vertex 153.1161 9.1161 0.0000
    vertex 153.2390 9.0083 0.0000
    vertex 147.9124 2.0665 0.0000
  endloop
endfacet
facet normal 0.000000 0.000000 1.000000
  outer loop
    vertex 153.1161 9.1161 12.0000
    vertex 146.9289 2.9289 12.0000
    vertex 147.9124 2.0665 12.0000
  endloop
endfacet
facet normal 0.000000 0.000000 1.000000
  outer loop
    vertex 153.1161 9.1161 12.0000
    vertex 147.9124 2.0665 12.0000
    vertex 153.2390 9.0083 12.0000
  endloop
endfacet
facet normal -0.659346 -0.751840 0.000000
  outer loop
    vertex 146.9289 2.9289 0.0000
    vertex 147.9124 2.0665 0.0000
    vertex 147.9124 2.0665 12.0000
  endloop
endfacet
facet normal -0.659346 -0.751840 0.000000
  outer loop
    vertex 146.9289 2.9289 0.0000
    vertex 147.9124 2.0665 12.0000
    vertex 146.9289 2.9289 12.0000
  endloop
endfacet
facet normal 0.659346 0.751840 0.000000
  outer loop
    vertex 153.1161 9.1161 0.0000
    vertex 153.2390 9.0083 12.0000
    vertex 153.2390 9.0083 0.0000
  endloop
endfacet
facet normal 0.659346 0.751840 -0.000000
  outer loop
    vertex 153.1161 9.1161 0.0000
    vertex 153.1161 9.1161 12.0000
    vertex 153.2390 9.0083 12.0000
  endloop
endfacet
facet normal 0.000000 0.000000 -1.000000
  outer loop
    vertex 153.2390 9.0083 0.0000
    vertex 149.0000 1.3397 0.0000
    vertex 147.9124 2.0665 0.0000
  endloop
endfacet
facet normal 0.000000 -0.000000 -1.000000
  outer loop
    vertex 153.2390 9.0083 0.0000
    vertex 153.3750 8.9175 0.0000
    vertex 149.0000 1.3397 0.0000
  endloop
endfacet
facet normal 0.000000 0.000000 1.000000
  outer loop
    vertex 153.2390 9.0083 12.0000
    vertex 147.9124 2.0665 12.0000
    vertex 149.0000 1.3397 12.0000
  endloop
endfacet
facet normal 0.000000 0.000000 1.000000
  outer loop
    vertex 153.2390 9.0083 12.0000
    vertex 149.0000 1.3397 12.0000
    vertex 153.3750 8.9175 12.0000
  endloop
endfacet
facet normal -0.555570 -0.831470 0.000000
  outer loop
    vertex 147.9124 2.0665 0.0000
    vertex 149.0000 1.3397 0.0000
    vertex 149.0000 1.3397 12.0000
  endloop
endfacet
facet normal -0.555570 -0.831470 0.000000
  outer loop
    vertex 147.9124 2.0665 0.0000
    vertex 149.0000 1.3397 12.0000
    vertex 147.9124 2.0665 12.0000
  endloop
endfacet
facet normal 0.555570 0.831470 0.000000
  outer loop
    vertex 153.2390 9.0083 0.0000
    vertex 153.3750 8.9175 12.0000
    vertex 153.3750 8.9175 0.0000
  endloop
endfacet
facet normal 0.555570 0.831470 -0.000000
  outer loop
    vertex 153.2390 9.0083 0.0000
    vertex 153.2390 9.0083 12.0000
    vertex 153.3750 8.9175 12.0000
  endloop
endfacet
facet normal 0.000000 0.000000 -1.000000
  outer loop
    vertex 153.3750 8.9175 0.0000
    vertex 150.1732 0.7612 0.0000
    vertex 149.0000 1.3397 0.0000
  endloop
endfacet
facet normal 0.000000 -0.000000 -1.000000
  outer loop
    vertex 153.3750 8.9175 0.0000
    vertex 153.5216 8.8452 0.0000
    vertex 150.1732 0.7612 0.0000
  endloop
endfacet
facet normal 0.000000 0.000000 1.000000
  outer loop
    vertex 153.3750 8.9175 12.0000
    vertex 149.0000 1.3397 12.0000
    vertex 150.1732 0.7612 12.0000
  endloop
endfacet
facet normal 0.000000 0.000000 1.000000
  outer loop
    vertex 153.3750 8.9175 12.0000
    vertex 150.1732 0.7612 12.0000
    vertex 153.5216 8.8452 12.0000
  endloop
endfacet
facet normal -0.442289 -0.896873 0.000000
  outer loop
    vertex 149.0000 1.3397 0.0000
    vertex 150.1732 0.7612 0.0000
    vertex 150.1732 0.7612 12.0000
  endloop
endfacet
facet normal -0.442289 -0.896873 0.000000
  outer loop
    vertex 149.0000 1.3397 0.0000
    vertex 150.1732 0.7612 12.0000
    vertex 149.0000 1.3397 12.0000
  endloop
endfacet
facet normal 0.442289 0.896873 0.000000
  outer loop
    vertex 153.3750 8.9175 0.0000
    vertex 153.5216 8.8452 12.0000
    vertex 153.5216 8.8452 0.0000
  endloop
endfacet
facet normal 0.442289 0.896873 -0.000000
  outer loop
    vertex 153.3750 8.9175 0.0000
    vertex 153.3750 8.9175 12.0000
    vertex 153.5216 8.8452 12.0000
  endloop
endfacet
facet normal 0.000000 0.000000 -1.000000
  outer loop
    vertex 153.5216 8.8452 0.0000
    vertex 151.4118 0.3407 0.0000
    vertex 150.1732 0.7612 0.0000
  endloop
endfacet
facet normal 0.000000 -0.000000 -1.000000
  outer loop
    vertex 153.5216 8.8452 0.0000
    vertex 153.6765 8.7926 0.0000
    vertex 151.4118 0.3407 0.0000
  endloop
endfacet
facet normal 0.000000 0.000000 1.000000
  outer loop
    vertex 153.5216 8.8452 12.0000
    vertex 150.1732 0.7612 12.0000
    vertex 151.4118 0.3407 12.0000
  endloop
endfacet
facet normal 0.000000 0.000000 1.000000
  outer loop
    vertex 153.5216 8.8452 12.0000
    vertex 151.4118 0.3407 12.0000
    vertex 153.6765 8.7926 12.0000
  endloop
endfacet
facet normal -0.321439 -0.946930 0.000000
  outer loop
    vertex 150.1732 0.7612 0.0000
    vertex 151.4118 0.3407 0.0000
    vertex 151.4118 0.3407 12.0000
  endloop
endfacet
facet normal -0.321439 -0.946930 0.000000
  outer loop
    vertex 150.1732 0.7612 0.0000
    vertex 151.4118 0.3407 12.0000
    vertex 150.1732 0.7612 12.0000
  endloop
endfacet
facet normal 0.321439 0.946930 0.000000
  outer loop
    vertex 153.5216 8.8452 0.0000
    vertex 153.6765 8.7926 12.0000
    vertex 153.6765 8.7926 0.0000
  endloop
endfacet
facet normal 0.321439 0.946930 -0.000000
  outer loop
    vertex 153.5216 8.8452 0.0000
    vertex 153.5216 8.8452 12.0000
    vertex 153.6765 8.7926 12.0000
  endloop
endfacet
facet normal 0.000000 0.000000 -1.000000
  outer loop
    vertex 153.6765 8.7926 0.0000
    vertex 152.6947 0.0856 0.0000
    vertex 151.4118 0.3407 0.0000
  endloop
endfacet
facet normal 0.000000 -0.000000 -1.000000
  outer loop
    vertex 153.6765 8.7926 0.0000
    vertex 153.8368 8.7607 0.0000
    vertex 152.6947 0.0856 0.0000
  endloop
endfacet
facet normal 0.000000 0.000000 1.000000
  outer loop
    vertex 153.6765 8.7926 12.0000
    vertex 151.4118 0.3407 12.0000
    vertex 152.6947 0.0856 12.0000
  endloop
endfacet
facet normal 0.000000 0.000000 1.000000
  outer loop
    vertex 153.6765 8.7926 12.0000
    vertex 152.6947 0.0856 12.0000
    vertex 153.8368 8.7607 12.0000
  endloop
endfacet
facet normal -0.195090 -0.980785 0.000000
  outer loop
    vertex 151.4118 0.3407 0.0000
    vertex 152.6947 0.0856 0.0000
    vertex 152.6947 0.0856 12.0000
  endloop
endfacet
facet normal -0.195090 -0.980785 0.000000
  outer loop
    vertex 151.4118 0.3407 0.0000
    vertex 152.6947 0.0856 12.0000
    vertex 151.4118 0.3407 12.0000
  endloop
endfacet
facet normal 0.195090 0.980785 0.000000
  outer loop
    vertex 153.6765 8.7926 0.0000
    vertex 153.8368 8.7607 12.0000
    vertex 153.8368 8.7607 0.0000
  endloop
endfacet
facet normal 0.195090 0.980785 -0.000000
  outer loop
    vertex 153.6765 8.7926 0.0000
    vertex 153.6765 8.7926 12.0000
    vertex 153.8368 8.7607 12.0000
  endloop
endfacet
facet normal 0.000000 -0.000000 -1.000000
  outer loop
    vertex 153.8368 8.7607 0.0000
    vertex 154.0000 0.0000 0.0000
    vertex 152.6947 0.0856 0.0000
  endloop
endfacet
facet normal 0.000000 0.000000 -1.000000
  outer loop
    vertex 153.8368 8.7607 0.0000
    vertex 154.0000 8.7500 0.0000
    vertex 154.0000 0.0000 0.0000
  endloop
endfacet
facet normal 0.000000 0.000000 1.000000
  outer loop
    vertex 153.8368 8.7607 12.0000
    vertex 152.6947 0.0856 12.0000
    vertex 154.0000 0.0000 12.0000
  endloop
endfacet
facet normal 0.000000 0.000000 1.000000
  outer loop
    vertex 153.8368 8.7607 12.0000
    vertex 154.0000 0.0000 12.0000
    vertex 154.0000 8.7500 12.0000
  endloop
endfacet
facet normal -0.065403 -0.997859 0.000000
  outer loop
    vertex 152.6947 0.0856 0.0000
    vertex 154.0000 0.0000 0.0000
    vertex 154.0000 0.0000 12.0000
  endloop
endfacet
facet normal -0.065403 -0.997859 0.000000
  outer loop
    vertex 152.6947 0.0856 0.0000
    vertex 154.0000 0.0000 12.0000
    vertex 152.6947 0.0856 12.0000
  endloop
endfacet
facet normal 0.065403 0.997859 0.000000
  outer loop
    vertex 153.8368 8.7607 0.0000
    vertex 154.0000 8.7500 12.0000
    vertex 154.0000 8.7500 0.0000
  endloop
endfacet
facet normal 0.065403 0.997859 -0.000000
  outer loop
    vertex 153.8368 8.7607 0.0000
    vertex 153.8368 8.7607 12.0000
    vertex 154.0000 8.7500 12.0000
  endloop
endfacet
facet normal 0.000000 0.000000 -1.000000
  outer loop
    vertex 154.0000 8.7500 0.0000
    vertex 155.3053 0.0856 0.0000
    vertex 154.0000 0.0000 0.0000
  endloop
endfacet
facet normal 0.000000 0.000000 -1.000000
  outer loop
    vertex 154.0000 8.7500 0.0000
    vertex 154.1632 8.7607 0.0000
    vertex 155.3053 0.0856 0.0000
  endloop
endfacet
facet normal 0.000000 0.000000 1.000000
  outer loop
    vertex 154.0000 8.7500 12.0000
    vertex 154.0000 0.0000 12.0000
    vertex 155.3053 0.0856 12.0000
  endloop
endfacet
facet normal -0.000000 0.000000 1.000000
  outer loop
    vertex 154.0000 8.7500 12.0000
    vertex 155.3053 0.0856 12.0000
    vertex 154.1632 8.7607 12.0000
  endloop
endfacet
facet normal 0.065403 -0.997859 0.000000
  outer loop
    vertex 154.0000 0.0000 0.0000
    vertex 155.3053 0.0856 0.0000
    vertex 155.3053 0.0856 12.0000
  endloop
endfacet
facet normal 0.065403 -0.997859 0.000000
  outer loop
    vertex 154.0000 0.0000 0.0000
    vertex 155.3053 0.0856 12.0000
    vertex 154.0000 0.0000 12.0000
  endloop
endfacet
facet normal -0.065403 0.997859 0.000000
  outer loop
    vertex 154.0000 8.7500 0.0000
    vertex 154.1632 8.7607 12.0000
    vertex 154.1632 8.7607 0.0000
  endloop
endfacet
facet normal -0.065403 0.997859 0.000000
  outer loop
    vertex 154.0000 8.7500 0.0000
    vertex 154.0000 8.7500 12.0000
    vertex 154.1632 8.7607 12.0000
  endloop
endfacet
facet normal 0.000000 0.000000 -1.000000
  outer loop
    vertex 154.1632 8.7607 0.0000
    vertex 156.5882 0.3407 0.0000
    vertex 155.3053 0.0856 0.0000
  endloop
endfacet
facet normal 0.000000 0.000000 -1.000000
  outer loop
    vertex 154.1632 8.7607 0.0000
    vertex 154.3235 8.7926 0.0000
    vertex 156.5882 0.3407 0.0000
  endloop
endfacet
facet normal 0.000000 0.000000 1.000000
  outer loop
    vertex 154.1632 8.7607 12.0000
    vertex 155.3053 0.0856 12.0000
    vertex 156.5882 0.3407 12.0000
  endloop
endfacet
facet normal -0.000000 0.000000 1.000000
  outer loop
    vertex 154.1632 8.7607 12.0000
    vertex 156.5882 0.3407 12.0000
    vertex 154.3235 8.7926 12.0000
  endloop
endfacet
facet normal 0.195090 -0.980785 0.000000
  outer loop
    vertex 155.3053 0.0856 0.0000
    vertex 156.5882 0.3407 0.0000
    vertex 156.5882 0.3407 12.0000
  endloop
endfacet
facet normal 0.195090 -0.980785 0.000000
  outer loop
    vertex 155.3053 0.0856 0.0000
    vertex 156.5882 0.3407 12.0000
    vertex 155.3053 0.0856 12.0000
  endloop
endfacet
facet normal -0.195090 0.980785 0.000000
  outer loop
    vertex 154.1632 8.7607 0.0000
    vertex 154.3235 8.7926 12.0000
    vertex 154.3235 8.7926 0.0000
  endloop
endfacet
facet normal -0.195090 0.980785 0.000000
  outer loop
    vertex 154.1632 8.7607 0.0000
    vertex 154.1632 8.7607 12.0000
    vertex 154.3235 8.7926 12.0000
  endloop
endfacet
facet normal 0.000000 0.000000 -1.000000
  outer loop
    vertex 154.3235 8.7926 0.0000
    vertex 157.8268 0.7612 0.0000
    vertex 156.5882 0.3407 0.0000
  endloop
endfacet
facet normal 0.000000 0.000000 -1.000000
  outer loop
    vertex 154.3235 8.7926 0.0000
    vertex 154.4784 8.8452 0.0000
    vertex 157.8268 0.7612 0.0000
  endloop
endfacet
facet normal 0.000000 0.000000 1.000000
  outer loop
    vertex 154.3235 8.7926 12.0000
    vertex 156.5882 0.3407 12.0000
    vertex 157.8268 0.7612 12.0000
  endloop
endfacet
facet normal -0.000000 0.000000 1.000000
  outer loop
    vertex 154.3235 8.7926 12.0000
    vertex 157.8268 0.7612 12.0000
    vertex 154.4784 8.8452 12.0000
  endloop
endfacet
facet normal 0.321439 -0.946930 0.000000
  outer loop
    vertex 156.5882 0.3407 0.0000
    vertex 157.8268 0.7612 0.0000
    vertex 157.8268 0.7612 12.0000
  endloop
endfacet
facet normal 0.321439 -0.946930 0.000000
  outer loop
    vertex 156.5882 0.3407 0.0000
    vertex 157.8268 0.7612 12.0000
    vertex 156.5882 0.3407 12.0000
  endloop
endfacet
facet normal -0.321439 0.946930 0.000000
  outer loop
    vertex 154.3235 8.7926 0.0000
    vertex 154.4784 8.8452 12.0000
    vertex 154.4784 8.8452 0.0000
  endloop
endfacet
facet normal -0.321439 0.946930 0.000000
  outer loop
    vertex 154.3235 8.7926 0.0000
    vertex 154.3235 8.7926 12.0000
    vertex 154.4784 8.8452 12.0000
  endloop
endfacet
facet normal 0.000000 0.000000 -1.000000
  outer loop
    vertex 154.4784 8.8452 0.0000
    vertex 159.0000 1.3397 0.0000
    vertex 157.8268 0.7612 0.0000
  endloop
endfacet
facet normal 0.000000 0.000000 -1.000000
  outer loop
    vertex 154.4784 8.8452 0.0000
    vertex 154.6250 8.9175 0.0000
    vertex 159.0000 1.3397 0.0000
  endloop
endfacet
facet normal 0.000000 0.000000 1.000000
  outer loop
    vertex 154.4784 8.8452 12.0000
    vertex 157.8268 0.7612 12.0000
    vertex 159.0000 1.3397 12.0000
  endloop
endfacet
facet normal -0.000000 0.000000 1.000000
  outer loop
    vertex 154.4784 8.8452 12.0000
    vertex 159.0000 1.3397 12.0000
    vertex 154.6250 8.9175 12.0000
  endloop
endfacet
facet normal 0.442289 -0.896873 0.000000
  outer loop
    vertex 157.8268 0.7612 0.0000
    vertex 159.0000 1.3397 0.0000
    vertex 159.0000 1.3397 12.0000
  endloop
endfacet
facet normal 0.442289 -0.896873 0.000000
  outer loop
    vertex 157.8268 0.7612 0.0000
    vertex 159.0000 1.3397 12.0000
    vertex 157.8268 0.7612 12.0000
  endloop
endfacet
facet normal -0.442289 0.896873 0.000000
  outer loop
    vertex 154.4784 8.8452 0.0000
    vertex 154.6250 8.9175 12.0000
    vertex 154.6250 8.9175 0.0000
  endloop
endfacet
facet normal -0.442289 0.896873 0.000000
  outer loop
    vertex 154.4784 8.8452 0.0000
    vertex 154.4784 8.8452 12.0000
    vertex 154.6250 8.9175 12.0000
  endloop
endfacet
facet normal 0.000000 0.000000 -1.000000
  outer loop
    vertex 154.6250 8.9175 0.0000
    vertex 160.0876 2.0665 0.0000
    vertex 159.0000 1.3397 0.0000
  endloop
endfacet
facet normal 0.000000 0.000000 -1.000000
  outer loop
    vertex 154.6250 8.9175 0.0000
    vertex 154.7610 9.0083 0.0000
    vertex 160.0876 2.0665 0.0000
  endloop
endfacet
facet normal 0.000000 0.000000 1.000000
  outer loop
    vertex 154.6250 8.9175 12.0000
    vertex 159.0000 1.3397 12.0000
    vertex 160.0876 2.0665 12.0000
  endloop
endfacet
facet normal -0.000000 0.000000 1.000000
  outer loop
    vertex 154.6250 8.9175 12.0000
    vertex 160.0876 2.0665 12.0000
    vertex 154.7610 9.0083 12.0000
  endloop
endfacet
facet normal 0.555570 -0.831470 0.000000
  outer loop
    vertex 159.0000 1.3397 0.0000
    vertex 160.0876 2.0665 0.0000
    vertex 160.0876 2.0665 12.0000
  endloop
endfacet
facet normal 0.555570 -0.831470 0.000000
  outer loop
    vertex 159.0000 1.3397 0.0000
    vertex 160.0876 2.0665 12.0000
    vertex 159.0000 1.3397 12.0000
  endloop
endfacet
facet normal -0.555570 0.831470 0.000000
  outer loop
    vertex 154.6250 8.9175 0.0000
    vertex 154.7610 9.0083 12.0000
    vertex 154.7610 9.0083 0.0000
  endloop
endfacet
facet normal -0.555570 0.831470 0.000000
  outer loop
    vertex 154.6250 8.9175 0.0000
    vertex 154.6250 8.9175 12.0000
    vertex 154.7610 9.0083 12.0000
  endloop
endfacet
facet normal 0.000000 0.000000 -1.000000
  outer loop
    vertex 154.7610 9.0083 0.0000
    vertex 161.0711 2.9289 0.0000
    vertex 160.0876 2.0665 0.0000
  endloop
endfacet
facet normal 0.000000 0.000000 -1.000000
  outer loop
    vertex 154.7610 9.0083 0.0000
    vertex 154.8839 9.1161 0.0000
    vertex 161.0711 2.9289 0.0000
  endloop
endfacet
facet normal 0.000000 0.000000 1.000000
  outer loop
    vertex 154.7610 9.0083 12.0000
    vertex 160.0876 2.0665 12.0000
    vertex 161.0711 2.9289 12.0000
  endloop
endfacet
facet normal -0.000000 0.000000 1.000000
  outer loop
    vertex 154.7610 9.0083 12.0000
    vertex 161.0711 2.9289 12.0000
    vertex 154.8839 9.1161 12.0000
  endloop
endfacet
facet normal 0.659346 -0.751840 0.000000
  outer loop
    vertex 160.0876 2.0665 0.0000
    vertex 161.0711 2.9289 0.0000
    vertex 161.0711 2.9289 12.0000
  endloop
endfacet
facet normal 0.659346 -0.751840 0.000000
  outer loop
    vertex 160.0876 2.0665 0.0000
    vertex 161.0711 2.9289 12.0000
    vertex 160.0876 2.0665 12.0000
  endloop
endfacet
facet normal -0.659346 0.751840 0.000000
  outer loop
    vertex 154.7610 9.0083 0.0000
    vertex 154.8839 9.1161 12.0000
    vertex 154.8839 9.1161 0.0000
  endloop
endfacet
facet normal -0.659346 0.751840 0.000000
  outer loop
    vertex 154.7610 9.0083 0.0000
    vertex 154.7610 9.0083 12.0000
    vertex 154.8839 9.1161 12.0000
  endloop
endfacet
facet normal 0.000000 0.000000 -1.000000
  outer loop
    vertex 154.8839 9.1161 0.0000
    vertex 161.9335 3.9124 0.0000
    vertex 161.0711 2.9289 0.0000
  endloop
endfacet
facet normal 0.000000 0.000000 -1.000000
  outer loop
    vertex 154.8839 9.1161 0.0000
    vertex 154.9917 9.2390 0.0000
    vertex 161.9335 3.9124 0.0000
  endloop
endfacet
facet normal 0.000000 0.000000 1.000000
  outer loop
    vertex 154.8839 9.1161 12.0000
    vertex 161.0711 2.9289 12.0000
    vertex 161.9335 3.9124 12.0000
  endloop
endfacet
facet normal -0.000000 0.000000 1.000000
  outer loop
    vertex 154.8839 9.1161 12.0000
    vertex 161.9335 3.9124 12.0000
    vertex 154.9917 9.2390 12.0000
  endloop
endfacet
facet normal 0.751840 -0.659346 0.000000
  outer loop
    vertex 161.0711 2.9289 0.0000
    vertex 161.9335 3.9124 0.0000
    vertex 161.9335 3.9124 12.0000
  endloop
endfacet
facet normal 0.751840 -0.659346 0.000000
  outer loop
    vertex 161.0711 2.9289 0.0000
    vertex 161.9335 3.9124 12.0000
    vertex 161.0711 2.9289 12.0000
  endloop
endfacet
facet normal -0.751840 0.659346 0.000000
  outer loop
    vertex 154.8839 9.1161 0.0000
    vertex 154.9917 9.2390 12.0000
    vertex 154.9917 9.2390 0.0000
  endloop
endfacet
facet normal -0.751840 0.659346 0.000000
  outer loop
    vertex 154.8839 9.1161 0.0000
    vertex 154.8839 9.1161 12.0000
    vertex 154.9917 9.2390 12.0000
  endloop
endfacet
facet normal 0.000000 0.000000 -1.000000
  outer loop
    vertex 154.9917 9.2390 0.0000
    vertex 162.6603 5.0000 0.0000
    vertex 161.9335 3.9124 0.0000
  endloop
endfacet
facet normal 0.000000 0.000000 -1.000000
  outer loop
    vertex 154.9917 9.2390 0.0000
    vertex 155.0825 9.3750 0.0000
    vertex 162.6603 5.0000 0.0000
  endloop
endfacet
facet normal 0.000000 0.000000 1.000000
  outer loop
    vertex 154.9917 9.2390 12.0000
    vertex 161.9335 3.9124 12.0000
    vertex 162.6603 5.0000 12.0000
  endloop
endfacet
facet normal -0.000000 0.000000 1.000000
  outer loop
    vertex 154.9917 9.2390 12.0000
    vertex 162.6603 5.0000 12.0000
    vertex 155.0825 9.3750 12.0000
  endloop
endfacet
facet normal 0.831470 -0.555570 0.000000
  outer loop
    vertex 161.9335 3.9124 0.0000
    vertex 162.6603 5.0000 0.0000
    vertex 162.6603 5.0000 12.0000
  endloop
endfacet
facet normal 0.831470 -0.555570 0.000000
  outer loop
    vertex 161.9335 3.9124 0.0000
    vertex 162.6603 5.0000 12.0000
    vertex 161.9335 3.9124 12.0000
  endloop
endfacet
facet normal -0.831470 0.555570 0.000000
  outer loop
    vertex 154.9917 9.2390 0.0000
    vertex 155.0825 9.3750 12.0000
    vertex 155.0825 9.3750 0.0000
  endloop
endfacet
facet normal -0.831470 0.555570 0.000000
  outer loop
    vertex 154.9917 9.2390 0.0000
    vertex 154.9917 9.2390 12.0000
    vertex 155.0825 9.3750 12.0000
  endloop
endfacet
facet normal 0.000000 0.000000 -1.000000
  outer loop
    vertex 155.0825 9.3750 0.0000
    vertex 163.2388 6.1732 0.0000
    vertex 162.6603 5.0000 0.0000
  endloop
endfacet
facet normal 0.000000 0.000000 -1.000000
  outer loop
    vertex 155.0825 9.3750 0.0000
    vertex 155.1548 9.5216 0.0000
    vertex 163.2388 6.1732 0.0000
  endloop
endfacet
facet normal 0.000000 0.000000 1.000000
  outer loop
    vertex 155.0825 9.3750 12.0000
    vertex 162.6603 5.0000 12.0000
    vertex 163.2388 6.1732 12.0000
  endloop
endfacet
facet normal -0.000000 0.000000 1.000000
  outer loop
    vertex 155.0825 9.3750 12.0000
    vertex 163.2388 6.1732 12.0000
    vertex 155.1548 9.5216 12.0000
  endloop
endfacet
facet normal 0.896873 -0.442289 0.000000
  outer loop
    vertex 162.6603 5.0000 0.0000
    vertex 163.2388 6.1732 0.0000
    vertex 163.2388 6.1732 12.0000
  endloop
endfacet
facet normal 0.896873 -0.442289 0.000000
  outer loop
    vertex 162.6603 5.0000 0.0000
    vertex 163.2388 6.1732 12.0000
    vertex 162.6603 5.0000 12.0000
  endloop
endfacet
facet normal -0.896873 0.442289 0.000000
  outer loop
    vertex 155.0825 9.3750 0.0000
    vertex 155.1548 9.5216 12.0000
    vertex 155.1548 9.5216 0.0000
  endloop
endfacet
facet normal -0.896873 0.442289 0.000000
  outer loop
    vertex 155.0825 9.3750 0.0000
    vertex 155.0825 9.3750 12.0000
    vertex 155.1548 9.5216 12.0000
  endloop
endfacet
facet normal 0.000000 0.000000 -1.000000
  outer loop
    vertex 155.1548 9.5216 0.0000
    vertex 163.6593 7.4118 0.0000
    vertex 163.2388 6.1732 0.0000
  endloop
endfacet
facet normal 0.000000 0.000000 -1.000000
  outer loop
    vertex 155.1548 9.5216 0.0000
    vertex 155.2074 9.6765 0.0000
    vertex 163.6593 7.4118 0.0000
  endloop
endfacet
facet normal 0.000000 0.000000 1.000000
  outer loop
    vertex 155.1548 9.5216 12.0000
    vertex 163.2388 6.1732 12.0000
    vertex 163.6593 7.4118 12.0000
  endloop
endfacet
facet normal -0.000000 0.000000 1.000000
  outer loop
    vertex 155.1548 9.5216 12.0000
    vertex 163.6593 7.4118 12.0000
    vertex 155.2074 9.6765 12.0000
  endloop
endfacet
facet normal 0.946930 -0.321439 0.000000
  outer loop
    vertex 163.2388 6.1732 0.0000
    vertex 163.6593 7.4118 0.0000
    vertex 163.6593 7.4118 12.0000
  endloop
endfacet
facet normal 0.946930 -0.321439 0.000000
  outer loop
    vertex 163.2388 6.1732 0.0000
    vertex 163.6593 7.4118 12.0000
    vertex 163.2388 6.1732 12.0000
  endloop
endfacet
facet normal -0.946930 0.321439 0.000000
  outer loop
    vertex 155.1548 9.5216 0.0000
    vertex 155.2074 9.6765 12.0000
    vertex 155.2074 9.6765 0.0000
  endloop
endfacet
facet normal -0.946930 0.321439 0.000000
  outer loop
    vertex 155.1548 9.5216 0.0000
    vertex 155.1548 9.5216 12.0000
    vertex 155.2074 9.6765 12.0000
  endloop
endfacet
facet normal 0.000000 0.000000 -1.000000
  outer loop
    vertex 155.2074 9.6765 0.0000
    vertex 163.9144 8.6947 0.0000
    vertex 163.6593 7.4118 0.0000
  endloop
endfacet
facet normal 0.000000 0.000000 -1.000000
  outer loop
    vertex 155.2074 9.6765 0.0000
    vertex 155.2393 9.8368 0.0000
    vertex 163.9144 8.6947 0.0000
  endloop
endfacet
facet normal 0.000000 0.000000 1.000000
  outer loop
    vertex 155.2074 9.6765 12.0000
    vertex 163.6593 7.4118 12.0000
    vertex 163.9144 8.6947 12.0000
  endloop
endfacet
facet normal -0.000000 0.000000 1.000000
  outer loop
    vertex 155.2074 9.6765 12.0000
    vertex 163.9144 8.6947 12.0000
    vertex 155.2393 9.8368 12.0000
  endloop
endfacet
facet normal 0.980785 -0.195090 0.000000
  outer loop
    vertex 163.6593 7.4118 0.0000
    vertex 163.9144 8.6947 0.0000
    vertex 163.9144 8.6947 12.0000
  endloop
endfacet
facet normal 0.980785 -0.195090 0.000000
  outer loop
    vertex 163.6593 7.4118 0.0000
    vertex 163.9144 8.6947 12.0000
    vertex 163.6593 7.4118 12.0000
  endloop
endfacet
facet normal -0.980785 0.195090 0.000000
  outer loop
    vertex 155.2074 9.6765 0.0000
    vertex 155.2393 9.8368 12.0000
    vertex 155.2393 9.8368 0.0000
  endloop
endfacet
facet normal -0.980785 0.195090 0.000000
  outer loop
    vertex 155.2074 9.6765 0.0000
    vertex 155.2074 9.6765 12.0000
    vertex 155.2393 9.8368 12.0000
  endloop
endfacet
facet normal 0.000000 0.000000 -1.000000
  outer loop
    vertex 155.2393 9.8368 0.0000
    vertex 164.0000 10.0000 0.0000
    vertex 163.9144 8.6947 0.0000
  endloop
endfacet
facet normal 0.000000 0.000000 -1.000000
  outer loop
    vertex 155.2393 9.8368 0.0000
    vertex 155.2500 10.0000 0.0000
    vertex 164.0000 10.0000 0.0000
  endloop
endfacet
facet normal -0.000000 0.000000 1.000000
  outer loop
    vertex 155.2393 9.8368 12.0000
    vertex 163.9144 8.6947 12.0000
    vertex 164.0000 10.0000 12.0000
  endloop
endfacet
facet normal 0.000000 0.000000 1.000000
  outer loop
    vertex 155.2393 9.8368 12.0000
    vertex 164.0000 10.0000 12.0000
    vertex 155.2500 10.0000 12.0000
  endloop
endfacet
facet normal 0.997859 -0.065403 0.000000
  outer loop
    vertex 163.9144 8.6947 0.0000
    vertex 164.0000 10.0000 0.0000
    vertex 164.0000 10.0000 12.0000
  endloop
endfacet
facet normal 0.997859 -0.065403 0.000000
  outer loop
    vertex 163.9144 8.6947 0.0000
    vertex 164.0000 10.0000 12.0000
    vertex 163.9144 8.6947 12.0000
  endloop
endfacet
facet normal -0.997859 0.065403 0.000000
  outer loop
    vertex 155.2393 9.8368 0.0000
    vertex 155.2500 10.0000 12.0000
    vertex 155.2500 10.0000 0.0000
  endloop
endfacet
facet normal -0.997859 0.065403 0.000000
  outer loop
    vertex 155.2393 9.8368 0.0000
    vertex 155.2393 9.8368 12.0000
    vertex 155.2500 10.0000 12.0000
  endloop
endfacet
endsolid calib_holes_vertical
