solid calib_holes_horizontal
facet normal 0.000000 -1.000000 0.000000
  outer loop
    vertex 11.0250 0.0000 44.0000
    vertex 20.0000 0.0000 44.0000
    vertex 19.9144 0.0000 45.3053
  endloop
endfacet
facet normal 0.000000 -1.000000 0.000000
  outer loop
    vertex 11.0250 0.0000 44.0000
    vertex 19.9144 0.0000 45.3053
    vertex 11.0162 0.0000 44.1338
  endloop
endfacet
facet normal 0.000000 1.000000 0.000000
  outer loop
    vertex 11.0250 8.0000 44.0000
    vertex 19.9144 8.0000 45.3053
    vertex 20.0000 8.0000 44.0000
  endloop
endfacet
facet normal 0.000000 1.000000 -0.000000
  outer loop
    vertex 11.0250 8.0000 44.0000
    vertex 11.0162 8.0000 44.1338
    vertex 19.9144 8.0000 45.3053
  endloop
endfacet
facet normal 0.997859 0.000000 0.065403
  outer loop
    vertex 20.0000 0.0000 44.0000
    vertex 19.9144 8.0000 45.3053
    vertex 19.9144 0.0000 45.3053
  endloop
endfacet
facet normal 0.997859 -0.000000 0.065403
  outer loop
    vertex 20.0000 0.0000 44.0000
    vertex 20.0000 8.0000 44.0000
    vertex 19.9144 8.0000 45.3053
  endloop
endfacet
facet normal -0.997859 0.000000 -0.065403
  outer loop
    vertex 11.0250 0.0000 44.0000
    vertex 11.0162 0.0000 44.1338
    vertex 11.0162 8.0000 44.1338
  endloop
endfacet
facet normal -0.997859 0.000000 -0.065403
  outer loop
    vertex 11.0250 0.0000 44.0000
    vertex 11.0162 8.0000 44.1338
    vertex 11.0250 8.0000 44.0000
  endloop
endfacet
facet normal 0.000000 -1.000000 0.000000
  outer loop
    vertex 11.0162 0.0000 44.1338
    vertex 19.9144 0.0000 45.3053
    vertex 19.6593 0.0000 46.5882
  endloop
endfacet
facet normal 0.000000 -1.000000 0.000000
  outer loop
    vertex 11.0162 0.0000 44.1338
    vertex 19.6593 0.0000 46.5882
    vertex 10.9901 0.0000 44.2653
  endloop
endfacet
facet normal 0.000000 1.000000 0.000000
  outer loop
    vertex 11.0162 8.0000 44.1338
    vertex 19.6593 8.0000 46.5882
    vertex 19.9144 8.0000 45.3053
  endloop
endfacet
facet normal 0.000000 1.000000 -0.000000
  outer loop
    vertex 11.0162 8.0000 44.1338
    vertex 10.9901 8.0000 44.2653
    vertex 19.6593 8.0000 46.5882
  endloop
endfacet
facet normal 0.980785 0.000000 0.195090
  outer loop
    vertex 19.9144 0.0000 45.3053
    vertex 19.6593 8.0000 46.5882
    vertex 19.6593 0.0000 46.5882
  endloop
endfacet
facet normal 0.980785 -0.000000 0.195090
  outer loop
    vertex 19.9144 0.0000 45.3053
    vertex 19.9144 8.0000 45.3053
    vertex 19.6593 8.0000 46.5882
  endloop
endfacet
facet normal -0.980785 0.000000 -0.195090
  outer loop
    vertex 11.0162 0.0000 44.1338
    vertex 10.9901 0.0000 44.2653
    vertex 10.9901 8.0000 44.2653
  endloop
endfacet
facet normal -0.980785 0.000000 -0.195090
  outer loop
    vertex 11.0162 0.0000 44.1338
    vertex 10.9901 8.0000 44.2653
    vertex 11.0162 8.0000 44.1338
  endloop
endfacet
facet normal 0.000000 -1.000000 0.000000
  outer loop
    vertex 10.9901 0.0000 44.2653
    vertex 19.6593 0.0000 46.5882
    vertex 19.2388 0.0000 47.8268
  endloop
endfacet
facet normal 0.000000 -1.000000 0.000000
  outer loop
    vertex 10.9901 0.0000 44.2653
    vertex 19.2388 0.0000 47.8268
    vertex 10.9470 0.0000 44.3923
  endloop
endfacet
facet normal 0.000000 1.000000 0.000000
  outer loop
    vertex 10.9901 8.0000 44.2653
    vertex 19.2388 8.0000 47.8268
    vertex 19.6593 8.0000 46.5882
  endloop
endfacet
facet normal 0.000000 1.000000 -0.000000
  outer loop
    vertex 10.9901 8.0000 44.2653
    vertex 10.9470 8.0000 44.3923
    vertex 19.2388 8.0000 47.8268
  endloop
endfacet
facet normal 0.946930 0.000000 0.321439
  outer loop
    vertex 19.6593 0.0000 46.5882
    vertex 19.2388 8.0000 47.8268
    vertex 19.2388 0.0000 47.8268
  endloop
endfacet
facet normal 0.946930 -0.000000 0.321439
  outer loop
    vertex 19.6593 0.0000 46.5882
    vertex 19.6593 8.0000 46.5882
    vertex 19.2388 8.0000 47.8268
  endloop
endfacet
facet normal -0.946930 0.000000 -0.321439
  outer loop
    vertex 10.9901 0.0000 44.2653
    vertex 10.9470 0.0000 44.3923
    vertex 10.9470 8.0000 44.3923
  endloop
endfacet
facet normal -0.946930 0.000000 -0.321439
  outer loop
    vertex 10.9901 0.0000 44.2653
    vertex 10.9470 8.0000 44.3923
    vertex 10.9901 8.0000 44.2653
  endloop
endfacet
facet normal 0.000000 -1.000000 0.000000
  outer loop
    vertex 10.9470 0.0000 44.3923
    vertex 19.2388 0.0000 47.8268
    vertex 18.6603 0.0000 49.0000
  endloop
endfacet
facet normal 0.000000 -1.000000 0.000000
  outer loop
    vertex 10.9470 0.0000 44.3923
    vertex 18.6603 0.0000 49.0000
    vertex 10.8877 0.0000 44.5125
  endloop
endfacet
facet normal 0.000000 1.000000 0.000000
  outer loop
    vertex 10.9470 8.0000 44.3923
    vertex 18.6603 8.0000 49.0000
    vertex 19.2388 8.0000 47.8268
  endloop
endfacet
facet normal 0.000000 1.000000 -0.000000
  outer loop
    vertex 10.9470 8.0000 44.3923
    vertex 10.8877 8.0000 44.5125
    vertex 18.6603 8.0000 49.0000
  endloop
endfacet
facet normal 0.896873 0.000000 0.442289
  outer loop
    vertex 19.2388 0.0000 47.8268
    vertex 18.6603 8.0000 49.0000
    vertex 18.6603 0.0000 49.0000
  endloop
endfacet
facet normal 0.896873 -0.000000 0.442289
  outer loop
    vertex 19.2388 0.0000 47.8268
    vertex 19.2388 8.0000 47.8268
    vertex 18.6603 8.0000 49.0000
  endloop
endfacet
facet normal -0.896873 0.000000 -0.442289
  outer loop
    vertex 10.9470 0.0000 44.3923
    vertex 10.8877 0.0000 44.5125
    vertex 10.8877 8.0000 44.5125
  endloop
endfacet
facet normal -0.896873 0.000000 -0.442289
  outer loop
    vertex 10.9470 0.0000 44.3923
    vertex 10.8877 8.0000 44.5125
    vertex 10.9470 8.0000 44.3923
  endloop
endfacet
facet normal 0.000000 -1.000000 0.000000
  outer loop
    vertex 10.8877 0.0000 44.5125
    vertex 18.6603 0.0000 49.0000
    vertex 17.9335 0.0000 50.0876
  endloop
endfacet
facet normal 0.000000 -1.000000 0.000000
  outer loop
    vertex 10.8877 0.0000 44.5125
    vertex 17.9335 0.0000 50.0876
    vertex 10.8132 0.0000 44.6240
  endloop
endfacet
facet normal 0.000000 1.000000 0.000000
  outer loop
    vertex 10.8877 8.0000 44.5125
    vertex 17.9335 8.0000 50.0876
    vertex 18.6603 8.0000 49.0000
  endloop
endfacet
facet normal 0.000000 1.000000 -0.000000
  outer loop
    vertex 10.8877 8.0000 44.5125
    vertex 10.8132 8.0000 44.6240
    vertex 17.9335 8.0000 50.0876
  endloop
endfacet
facet normal 0.831470 0.000000 0.555570
  outer loop
    vertex 18.6603 0.0000 49.0000
    vertex 17.9335 8.0000 50.0876
    vertex 17.9335 0.0000 50.0876
  endloop
endfacet
facet normal 0.831470 -0.000000 0.555570
  outer loop
    vertex 18.6603 0.0000 49.0000
    vertex 18.6603 8.0000 49.0000
    vertex 17.9335 8.0000 50.0876
  endloop
endfacet
facet normal -0.831470 0.000000 -0.555570
  outer loop
    vertex 10.8877 0.0000 44.5125
    vertex 10.8132 0.0000 44.6240
    vertex 10.8132 8.0000 44.6240
  endloop
endfacet
facet normal -0.831470 0.000000 -0.555570
  outer loop
    vertex 10.8877 0.0000 44.5125
    vertex 10.8132 8.0000 44.6240
    vertex 10.8877 8.0000 44.5125
  endloop
endfacet
facet normal 0.000000 -1.000000 0.000000
  outer loop
    vertex 10.8132 0.0000 44.6240
    vertex 17.9335 0.0000 50.0876
    vertex 17.0711 0.0000 51.0711
  endloop
endfacet
facet normal 0.000000 -1.000000 0.000000
  outer loop
    vertex 10.8132 0.0000 44.6240
    vertex 17.0711 0.0000 51.0711
    vertex 10.7248 0.0000 44.7248
  endloop
endfacet
facet normal 0.000000 1.000000 0.000000
  outer loop
    vertex 10.8132 8.0000 44.6240
    vertex 17.0711 8.0000 51.0711
    vertex 17.9335 8.0000 50.0876
  endloop
endfacet
facet normal 0.000000 1.000000 -0.000000
  outer loop
    vertex 10.8132 8.0000 44.6240
    vertex 10.7248 8.0000 44.7248
    vertex 17.0711 8.0000 51.0711
  endloop
endfacet
facet normal 0.751840 0.000000 0.659346
  outer loop
    vertex 17.9335 0.0000 50.0876
    vertex 17.0711 8.0000 51.0711
    vertex 17.0711 0.0000 51.0711
  endloop
endfacet
facet normal 0.751840 -0.000000 0.659346
  outer loop
    vertex 17.9335 0.0000 50.0876
    vertex 17.9335 8.0000 50.0876
    vertex 17.0711 8.0000 51.0711
  endloop
endfacet
facet normal -0.751840 0.000000 -0.659346
  outer loop
    vertex 10.8132 0.0000 44.6240
    vertex 10.7248 0.0000 44.7248
    vertex 10.7248 8.0000 44.7248
  endloop
endfacet
facet normal -0.751840 0.000000 -0.659346
  outer loop
    vertex 10.8132 0.0000 44.6240
    vertex 10.7248 8.0000 44.7248
    vertex 10.8132 8.0000 44.6240
  endloop
endfacet
facet normal 0.000000 -1.000000 0.000000
  outer loop
    vertex 10.7248 0.0000 44.7248
    vertex 17.0711 0.0000 51.0711
    vertex 16.0876 0.0000 51.9335
  endloop
endfacet
facet normal 0.000000 -1.000000 0.000000
  outer loop
    vertex 10.7248 0.0000 44.7248
    vertex 16.0876 0.0000 51.9335
    vertex 10.6240 0.0000 44.8132
  endloop
endfacet
facet normal 0.000000 1.000000 0.000000
  outer loop
    vertex 10.7248 8.0000 44.7248
    vertex 16.0876 8.0000 51.9335
    vertex 17.0711 8.0000 51.0711
  endloop
endfacet
facet normal 0.000000 1.000000 -0.000000
  outer loop
    vertex 10.7248 8.0000 44.7248
    vertex 10.6240 8.0000 44.8132
    vertex 16.0876 8.0000 51.9335
  endloop
endfacet
facet normal 0.659346 0.000000 0.751840
  outer loop
    vertex 17.0711 0.0000 51.0711
    vertex 16.0876 8.0000 51.9335
    vertex 16.0876 0.0000 51.9335
  endloop
endfacet
facet normal 0.659346 -0.000000 0.751840
  outer loop
    vertex 17.0711 0.0000 51.0711
    vertex 17.0711 8.0000 51.0711
    vertex 16.0876 8.0000 51.9335
  endloop
endfacet
facet normal -0.659346 0.000000 -0.751840
  outer loop
    vertex 10.7248 0.0000 44.7248
    vertex 10.6240 0.0000 44.8132
    vertex 10.6240 8.0000 44.8132
  endloop
endfacet
facet normal -0.659346 0.000000 -0.751840
  outer loop
    vertex 10.7248 0.0000 44.7248
    vertex 10.6240 8.0000 44.8132
    vertex 10.7248 8.0000 44.7248
  endloop
endfacet
facet normal 0.000000 -1.000000 0.000000
  outer loop
    vertex 10.6240 0.0000 44.8132
    vertex 16.0876 0.0000 51.9335
    vertex 15.0000 0.0000 52.6603
  endloop
endfacet
facet normal 0.000000 -1.000000 0.000000
  outer loop
    vertex 10.6240 0.0000 44.8132
    vertex 15.0000 0.0000 52.6603
    vertex 10.5125 0.0000 44.8877
  endloop
endfacet
facet normal 0.000000 1.000000 0.000000
  outer loop
    vertex 10.6240 8.0000 44.8132
    vertex 15.0000 8.0000 52.6603
    vertex 16.0876 8.0000 51.9335
  endloop
endfacet
facet normal 0.000000 1.000000 -0.000000
  outer loop
    vertex 10.6240 8.0000 44.8132
    vertex 10.5125 8.0000 44.8877
    vertex 15.0000 8.0000 52.6603
  endloop
endfacet
facet normal 0.555570 0.000000 0.831470
  outer loop
    vertex 16.0876 0.0000 51.9335
    vertex 15.0000 8.0000 52.6603
    vertex 15.0000 0.0000 52.6603
  endloop
endfacet
facet normal 0.555570 -0.000000 0.831470
  outer loop
    vertex 16.0876 0.0000 51.9335
    vertex 16.0876 8.0000 51.9335
    vertex 15.0000 8.0000 52.6603
  endloop
endfacet
facet normal -0.555570 0.000000 -0.831470
  outer loop
    vertex 10.6240 0.0000 44.8132
    vertex 10.5125 0.0000 44.8877
    vertex 10.5125 8.0000 44.8877
  endloop
endfacet
facet normal -0.555570 0.000000 -0.831470
  outer loop
    vertex 10.6240 0.0000 44.8132
    vertex 10.5125 8.0000 44.8877
    vertex 10.6240 8.0000 44.8132
  endloop
endfacet
facet normal 0.000000 -1.000000 0.000000
  outer loop
    vertex 10.5125 0.0000 44.8877
    vertex 15.0000 0.0000 52.6603
    vertex 13.8268 0.0000 53.2388
  endloop
endfacet
facet normal 0.000000 -1.000000 0.000000
  outer loop
    vertex 10.5125 0.0000 44.8877
    vertex 13.8268 0.0000 53.2388
    vertex 10.3923 0.0000 44.9470
  endloop
endfacet
facet normal 0.000000 1.000000 0.000000
  outer loop
    vertex 10.5125 8.0000 44.8877
    vertex 13.8268 8.0000 53.2388
    vertex 15.0000 8.0000 52.6603
  endloop
endfacet
facet normal 0.000000 1.000000 -0.000000
  outer loop
    vertex 10.5125 8.0000 44.8877
    vertex 10.3923 8.0000 44.9470
    vertex 13.8268 8.0000 53.2388
  endloop
endfacet
facet normal 0.442289 0.000000 0.896873
  outer loop
    vertex 15.0000 0.0000 52.6603
    vertex 13.8268 8.0000 53.2388
    vertex 13.8268 0.0000 53.2388
  endloop
endfacet
facet normal 0.442289 -0.000000 0.896873
  outer loop
    vertex 15.0000 0.0000 52.6603
    vertex 15.0000 8.0000 52.6603
    vertex 13.8268 8.0000 53.2388
  endloop
endfacet
facet normal -0.442289 0.000000 -0.896873
  outer loop
    vertex 10.5125 0.0000 44.8877
    vertex 10.3923 0.0000 44.9470
    vertex 10.3923 8.0000 44.9470
  endloop
endfacet
facet normal -0.442289 0.000000 -0.896873
  outer loop
    vertex 10.5125 0.0000 44.8877
    vertex 10.3923 8.0000 44.9470
    vertex 10.5125 8.0000 44.8877
  endloop
endfacet
facet normal 0.000000 -1.000000 0.000000
  outer loop
    vertex 10.3923 0.0000 44.9470
    vertex 13.8268 0.0000 53.2388
    vertex 12.5882 0.0000 53.6593
  endloop
endfacet
facet normal 0.000000 -1.000000 0.000000
  outer loop
    vertex 10.3923 0.0000 44.9470
    vertex 12.5882 0.0000 53.6593
    vertex 10.2653 0.0000 44.9901
  endloop
endfacet
facet normal 0.000000 1.000000 0.000000
  outer loop
    vertex 10.3923 8.0000 44.9470
    vertex 12.5882 8.0000 53.6593
    vertex 13.8268 8.0000 53.2388
  endloop
endfacet
facet normal 0.000000 1.000000 -0.000000
  outer loop
    vertex 10.3923 8.0000 44.9470
    vertex 10.2653 8.0000 44.9901
    vertex 12.5882 8.0000 53.6593
  endloop
endfacet
facet normal 0.321439 0.000000 0.946930
  outer loop
    vertex 13.8268 0.0000 53.2388
    vertex 12.5882 8.0000 53.6593
    vertex 12.5882 0.0000 53.6593
  endloop
endfacet
facet normal 0.321439 -0.000000 0.946930
  outer loop
    vertex 13.8268 0.0000 53.2388
    vertex 13.8268 8.0000 53.2388
    vertex 12.5882 8.0000 53.6593
  endloop
endfacet
facet normal -0.321439 0.000000 -0.946930
  outer loop
    vertex 10.3923 0.0000 44.9470
    vertex 10.2653 0.0000 44.9901
    vertex 10.2653 8.0000 44.9901
  endloop
endfacet
facet normal -0.321439 0.000000 -0.946930
  outer loop
    vertex 10.3923 0.0000 44.9470
    vertex 10.2653 8.0000 44.9901
    vertex 10.3923 8.0000 44.9470
  endloop
endfacet
facet normal 0.000000 -1.000000 0.000000
  outer loop
    vertex 10.2653 0.0000 44.9901
    vertex 12.5882 0.0000 53.6593
    vertex 11.3053 0.0000 53.9144
  endloop
endfacet
facet normal 0.000000 -1.000000 0.000000
  outer loop
    vertex 10.2653 0.0000 44.9901
    vertex 11.3053 0.0000 53.9144
    vertex 10.1338 0.0000 45.0162
  endloop
endfacet
facet normal 0.000000 1.000000 0.000000
  outer loop
    vertex 10.2653 8.0000 44.9901
    vertex 11.3053 8.0000 53.9144
    vertex 12.5882 8.0000 53.6593
  endloop
endfacet
facet normal 0.000000 1.000000 -0.000000
  outer loop
    vertex 10.2653 8.0000 44.9901
    vertex 10.1338 8.0000 45.0162
    vertex 11.3053 8.0000 53.9144
  endloop
endfacet
facet normal 0.195090 0.000000 0.980785
  outer loop
    vertex 12.5882 0.0000 53.6593
    vertex 11.3053 8.0000 53.9144
    vertex 11.3053 0.0000 53.9144
  endloop
endfacet
facet normal 0.195090 -0.000000 0.980785
  outer loop
    vertex 12.5882 0.0000 53.6593
    vertex 12.5882 8.0000 53.6593
    vertex 11.3053 8.0000 53.9144
  endloop
endfacet
facet normal -0.195090 0.000000 -0.980785
  outer loop
    vertex 10.2653 0.0000 44.9901
    vertex 10.1338 0.0000 45.0162
    vertex 10.1338 8.0000 45.0162
  endloop
endfacet
facet normal -0.195090 0.000000 -0.980785
  outer loop
    vertex 10.2653 0.0000 44.9901
    vertex 10.1338 8.0000 45.0162
    vertex 10.2653 8.0000 44.9901
  endloop
endfacet
facet normal 0.000000 -1.000000 0.000000
  outer loop
    vertex 10.1338 0.0000 45.0162
    vertex 11.3053 0.0000 53.9144
    vertex 10.0000 0.0000 54.0000
  endloop
endfacet
facet normal 0.000000 -1.000000 0.000000
  outer loop
    vertex 10.1338 0.0000 45.0162
    vertex 10.0000 0.0000 54.0000
    vertex 10.0000 0.0000 45.0250
  endloop
endfacet
facet normal 0.000000 1.000000 -0.000000
  outer loop
    vertex 10.1338 8.0000 45.0162
    vertex 10.0000 8.0000 54.0000
    vertex 11.3053 8.0000 53.9144
  endloop
endfacet
facet normal 0.000000 1.000000 0.000000
  outer loop
    vertex 10.1338 8.0000 45.0162
    vertex 10.0000 8.0000 45.0250
    vertex 10.0000 8.0000 54.0000
  endloop
endfacet
facet normal 0.065403 0.000000 0.997859
  outer loop
    vertex 11.3053 0.0000 53.9144
    vertex 10.0000 8.0000 54.0000
    vertex 10.0000 0.0000 54.0000
  endloop
endfacet
facet normal 0.065403 -0.000000 0.997859
  outer loop
    vertex 11.3053 0.0000 53.9144
    vertex 11.3053 8.0000 53.9144
    vertex 10.0000 8.0000 54.0000
  endloop
endfacet
facet normal -0.065403 0.000000 -0.997859
  outer loop
    vertex 10.1338 0.0000 45.0162
    vertex 10.0000 0.0000 45.0250
    vertex 10.0000 8.0000 45.0250
  endloop
endfacet
facet normal -0.065403 0.000000 -0.997859
  outer loop
    vertex 10.1338 0.0000 45.0162
    vertex 10.0000 8.0000 45.0250
    vertex 10.1338 8.0000 45.0162
  endloop
endfacet
facet normal 0.000000 -1.000000 0.000000
  outer loop
    vertex 10.0000 0.0000 45.0250
    vertex 10.0000 0.0000 54.0000
    vertex 8.6947 0.0000 53.9144
  endloop
endfacet
facet normal -0.000000 -1.000000 0.000000
  outer loop
    vertex 10.0000 0.0000 45.0250
    vertex 8.6947 0.0000 53.9144
    vertex 9.8662 0.0000 45.0162
  endloop
endfacet
facet normal 0.000000 1.000000 -0.000000
  outer loop
    vertex 10.0000 8.0000 45.0250
    vertex 8.6947 8.0000 53.9144
    vertex 10.0000 8.0000 54.0000
  endloop
endfacet
facet normal 0.000000 1.000000 0.000000
  outer loop
    vertex 10.0000 8.0000 45.0250
    vertex 9.8662 8.0000 45.0162
    vertex 8.6947 8.0000 53.9144
  endloop
endfacet
facet normal -0.065403 0.000000 0.997859
  outer loop
    vertex 10.0000 0.0000 54.0000
    vertex 8.6947 8.0000 53.9144
    vertex 8.6947 0.0000 53.9144
  endloop
endfacet
facet normal -0.065403 0.000000 0.997859
  outer loop
    vertex 10.0000 0.0000 54.0000
    vertex 10.0000 8.0000 54.0000
    vertex 8.6947 8.0000 53.9144
  endloop
endfacet
facet normal 0.065403 0.000000 -0.997859
  outer loop
    vertex 10.0000 0.0000 45.0250
    vertex 9.8662 0.0000 45.0162
    vertex 9.8662 8.0000 45.0162
  endloop
endfacet
facet normal 0.065403 0.000000 -0.997859
  outer loop
    vertex 10.0000 0.0000 45.0250
    vertex 9.8662 8.0000 45.0162
    vertex 10.0000 8.0000 45.0250
  endloop
endfacet
facet normal 0.000000 -1.000000 0.000000
  outer loop
    vertex 9.8662 0.0000 45.0162
    vertex 8.6947 0.0000 53.9144
    vertex 7.4118 0.0000 53.6593
  endloop
endfacet
facet normal -0.000000 -1.000000 0.000000
  outer loop
    vertex 9.8662 0.0000 45.0162
    vertex 7.4118 0.0000 53.6593
    vertex 9.7347 0.0000 44.9901
  endloop
endfacet
facet normal 0.000000 1.000000 0.000000
  outer loop
    vertex 9.8662 8.0000 45.0162
    vertex 7.4118 8.0000 53.6593
    vertex 8.6947 8.0000 53.9144
  endloop
endfacet
facet normal 0.000000 1.000000 0.000000
  outer loop
    vertex 9.8662 8.0000 45.0162
    vertex 9.7347 8.0000 44.9901
    vertex 7.4118 8.0000 53.6593
  endloop
endfacet
facet normal -0.195090 0.000000 0.980785
  outer loop
    vertex 8.6947 0.0000 53.9144
    vertex 7.4118 8.0000 53.6593
    vertex 7.4118 0.0000 53.6593
  endloop
endfacet
facet normal -0.195090 0.000000 0.980785
  outer loop
    vertex 8.6947 0.0000 53.9144
    vertex 8.6947 8.0000 53.9144
    vertex 7.4118 8.0000 53.6593
  endloop
endfacet
facet normal 0.195090 0.000000 -0.980785
  outer loop
    vertex 9.8662 0.0000 45.0162
    vertex 9.7347 0.0000 44.9901
    vertex 9.7347 8.0000 44.9901
  endloop
endfacet
facet normal 0.195090 0.000000 -0.980785
  outer loop
    vertex 9.8662 0.0000 45.0162
    vertex 9.7347 8.0000 44.9901
    vertex 9.8662 8.0000 45.0162
  endloop
endfacet
facet normal 0.000000 -1.000000 0.000000
  outer loop
    vertex 9.7347 0.0000 44.9901
    vertex 7.4118 0.0000 53.6593
    vertex 6.1732 0.0000 53.2388
  endloop
endfacet
facet normal -0.000000 -1.000000 0.000000
  outer loop
    vertex 9.7347 0.0000 44.9901
    vertex 6.1732 0.0000 53.2388
    vertex 9.6077 0.0000 44.9470
  endloop
endfacet
facet normal 0.000000 1.000000 0.000000
  outer loop
    vertex 9.7347 8.0000 44.9901
    vertex 6.1732 8.0000 53.2388
    vertex 7.4118 8.0000 53.6593
  endloop
endfacet
facet normal 0.000000 1.000000 0.000000
  outer loop
    vertex 9.7347 8.0000 44.9901
    vertex 9.6077 8.0000 44.9470
    vertex 6.1732 8.0000 53.2388
  endloop
endfacet
facet normal -0.321439 0.000000 0.946930
  outer loop
    vertex 7.4118 0.0000 53.6593
    vertex 6.1732 8.0000 53.2388
    vertex 6.1732 0.0000 53.2388
  endloop
endfacet
facet normal -0.321439 0.000000 0.946930
  outer loop
    vertex 7.4118 0.0000 53.6593
    vertex 7.4118 8.0000 53.6593
    vertex 6.1732 8.0000 53.2388
  endloop
endfacet
facet normal 0.321439 0.000000 -0.946930
  outer loop
    vertex 9.7347 0.0000 44.9901
    vertex 9.6077 0.0000 44.9470
    vertex 9.6077 8.0000 44.9470
  endloop
endfacet
facet normal 0.321439 0.000000 -0.946930
  outer loop
    vertex 9.7347 0.0000 44.9901
    vertex 9.6077 8.0000 44.9470
    vertex 9.7347 8.0000 44.9901
  endloop
endfacet
facet normal 0.000000 -1.000000 0.000000
  outer loop
    vertex 9.6077 0.0000 44.9470
    vertex 6.1732 0.0000 53.2388
    vertex 5.0000 0.0000 52.6603
  endloop
endfacet
facet normal -0.000000 -1.000000 0.000000
  outer loop
    vertex 9.6077 0.0000 44.9470
    vertex 5.0000 0.0000 52.6603
    vertex 9.4875 0.0000 44.8877
  endloop
endfacet
facet normal 0.000000 1.000000 0.000000
  outer loop
    vertex 9.6077 8.0000 44.9470
    vertex 5.0000 8.0000 52.6603
    vertex 6.1732 8.0000 53.2388
  endloop
endfacet
facet normal 0.000000 1.000000 0.000000
  outer loop
    vertex 9.6077 8.0000 44.9470
    vertex 9.4875 8.0000 44.8877
    vertex 5.0000 8.0000 52.6603
  endloop
endfacet
facet normal -0.442289 0.000000 0.896873
  outer loop
    vertex 6.1732 0.0000 53.2388
    vertex 5.0000 8.0000 52.6603
    vertex 5.0000 0.0000 52.6603
  endloop
endfacet
facet normal -0.442289 0.000000 0.896873
  outer loop
    vertex 6.1732 0.0000 53.2388
    vertex 6.1732 8.0000 53.2388
    vertex 5.0000 8.0000 52.6603
  endloop
endfacet
facet normal 0.442289 0.000000 -0.896873
  outer loop
    vertex 9.6077 0.0000 44.9470
    vertex 9.4875 0.0000 44.8877
    vertex 9.4875 8.0000 44.8877
  endloop
endfacet
facet normal 0.442289 0.000000 -0.896873
  outer loop
    vertex 9.6077 0.0000 44.9470
    vertex 9.4875 8.0000 44.8877
    vertex 9.6077 8.0000 44.9470
  endloop
endfacet
facet normal 0.000000 -1.000000 0.000000
  outer loop
    vertex 9.4875 0.0000 44.8877
    vertex 5.0000 0.0000 52.6603
    vertex 3.9124 0.0000 51.9335
  endloop
endfacet
facet normal -0.000000 -1.000000 0.000000
  outer loop
    vertex 9.4875 0.0000 44.8877
    vertex 3.9124 0.0000 51.9335
    vertex 9.3760 0.0000 44.8132
  endloop
endfacet
facet normal 0.000000 1.000000 0.000000
  outer loop
    vertex 9.4875 8.0000 44.8877
    vertex 3.9124 8.0000 51.9335
    vertex 5.0000 8.0000 52.6603
  endloop
endfacet
facet normal 0.000000 1.000000 0.000000
  outer loop
    vertex 9.4875 8.0000 44.8877
    vertex 9.3760 8.0000 44.8132
    vertex 3.9124 8.0000 51.9335
  endloop
endfacet
facet normal -0.555570 0.000000 0.831470
  outer loop
    vertex 5.0000 0.0000 52.6603
    vertex 3.9124 8.0000 51.9335
    vertex 3.9124 0.0000 51.9335
  endloop
endfacet
facet normal -0.555570 0.000000 0.831470
  outer loop
    vertex 5.0000 0.0000 52.6603
    vertex 5.0000 8.0000 52.6603
    vertex 3.9124 8.0000 51.9335
  endloop
endfacet
facet normal 0.555570 0.000000 -0.831470
  outer loop
    vertex 9.4875 0.0000 44.8877
    vertex 9.3760 0.0000 44.8132
    vertex 9.3760 8.0000 44.8132
  endloop
endfacet
facet normal 0.555570 0.000000 -0.831470
  outer loop
    vertex 9.4875 0.0000 44.8877
    vertex 9.3760 8.0000 44.8132
    vertex 9.4875 8.0000 44.8877
  endloop
endfacet
facet normal 0.000000 -1.000000 0.000000
  outer loop
    vertex 9.3760 0.0000 44.8132
    vertex 3.9124 0.0000 51.9335
    vertex 2.9289 0.0000 51.0711
  endloop
endfacet
facet normal -0.000000 -1.000000 0.000000
  outer loop
    vertex 9.3760 0.0000 44.8132
    vertex 2.9289 0.0000 51.0711
    vertex 9.2752 0.0000 44.7248
  endloop
endfacet
facet normal 0.000000 1.000000 0.000000
  outer loop
    vertex 9.3760 8.0000 44.8132
    vertex 2.9289 8.0000 51.0711
    vertex 3.9124 8.0000 51.9335
  endloop
endfacet
facet normal 0.000000 1.000000 0.000000
  outer loop
    vertex 9.3760 8.0000 44.8132
    vertex 9.2752 8.0000 44.7248
    vertex 2.9289 8.0000 51.0711
  endloop
endfacet
facet normal -0.659346 0.000000 0.751840
  outer loop
    vertex 3.9124 0.0000 51.9335
    vertex 2.9289 8.0000 51.0711
    vertex 2.9289 0.0000 51.0711
  endloop
endfacet
facet normal -0.659346 0.000000 0.751840
  outer loop
    vertex 3.9124 0.0000 51.9335
    vertex 3.9124 8.0000 51.9335
    vertex 2.9289 8.0000 51.0711
  endloop
endfacet
facet normal 0.659346 0.000000 -0.751840
  outer loop
    vertex 9.3760 0.0000 44.8132
    vertex 9.2752 0.0000 44.7248
    vertex 9.2752 8.0000 44.7248
  endloop
endfacet
facet normal 0.659346 0.000000 -0.751840
  outer loop
    vertex 9.3760 0.0000 44.8132
    vertex 9.2752 8.0000 44.7248
    vertex 9.3760 8.0000 44.8132
  endloop
endfacet
facet normal 0.000000 -1.000000 0.000000
  outer loop
    vertex 9.2752 0.0000 44.7248
    vertex 2.9289 0.0000 51.0711
    vertex 2.0665 0.0000 50.0876
  endloop
endfacet
facet normal -0.000000 -1.000000 0.000000
  outer loop
    vertex 9.2752 0.0000 44.7248
    vertex 2.0665 0.0000 50.0876
    vertex 9.1868 0.0000 44.6240
  endloop
endfacet
facet normal 0.000000 1.000000 0.000000
  outer loop
    vertex 9.2752 8.0000 44.7248
    vertex 2.0665 8.0000 50.0876
    vertex 2.9289 8.0000 51.0711
  endloop
endfacet
facet normal 0.000000 1.000000 0.000000
  outer loop
    vertex 9.2752 8.0000 44.7248
    vertex 9.1868 8.0000 44.6240
    vertex 2.0665 8.0000 50.0876
  endloop
endfacet
facet normal -0.751840 0.000000 0.659346
  outer loop
    vertex 2.9289 0.0000 51.0711
    vertex 2.0665 8.0000 50.0876
    vertex 2.0665 0.0000 50.0876
  endloop
endfacet
facet normal -0.751840 0.000000 0.659346
  outer loop
    vertex 2.9289 0.0000 51.0711
    vertex 2.9289 8.0000 51.0711
    vertex 2.0665 8.0000 50.0876
  endloop
endfacet
facet normal 0.751840 0.000000 -0.659346
  outer loop
    vertex 9.2752 0.0000 44.7248
    vertex 9.1868 0.0000 44.6240
    vertex 9.1868 8.0000 44.6240
  endloop
endfacet
facet normal 0.751840 0.000000 -0.659346
  outer loop
    vertex 9.2752 0.0000 44.7248
    vertex 9.1868 8.0000 44.6240
    vertex 9.2752 8.0000 44.7248
  endloop
endfacet
facet normal 0.000000 -1.000000 0.000000
  outer loop
    vertex 9.1868 0.0000 44.6240
    vertex 2.0665 0.0000 50.0876
    vertex 1.3397 0.0000 49.0000
  endloop
endfacet
facet normal -0.000000 -1.000000 0.000000
  outer loop
    vertex 9.1868 0.0000 44.6240
    vertex 1.3397 0.0000 49.0000
    vertex 9.1123 0.0000 44.5125
  endloop
endfacet
facet normal 0.000000 1.000000 0.000000
  outer loop
    vertex 9.1868 8.0000 44.6240
    vertex 1.3397 8.0000 49.0000
    vertex 2.0665 8.0000 50.0876
  endloop
endfacet
facet normal 0.000000 1.000000 0.000000
  outer loop
    vertex 9.1868 8.0000 44.6240
    vertex 9.1123 8.0000 44.5125
    vertex 1.3397 8.0000 49.0000
  endloop
endfacet
facet normal -0.831470 0.000000 0.555570
  outer loop
    vertex 2.0665 0.0000 50.0876
    vertex 1.3397 8.0000 49.0000
    vertex 1.3397 0.0000 49.0000
  endloop
endfacet
facet normal -0.831470 0.000000 0.555570
  outer loop
    vertex 2.0665 0.0000 50.0876
    vertex 2.0665 8.0000 50.0876
    vertex 1.3397 8.0000 49.0000
  endloop
endfacet
facet normal 0.831470 0.000000 -0.555570
  outer loop
    vertex 9.1868 0.0000 44.6240
    vertex 9.1123 0.0000 44.5125
    vertex 9.1123 8.0000 44.5125
  endloop
endfacet
facet normal 0.831470 0.000000 -0.555570
  outer loop
    vertex 9.1868 0.0000 44.6240
    vertex 9.1123 8.0000 44.5125
    vertex 9.1868 8.0000 44.6240
  endloop
endfacet
facet normal 0.000000 -1.000000 0.000000
  outer loop
    vertex 9.1123 0.0000 44.5125
    vertex 1.3397 0.0000 49.0000
    vertex 0.7612 0.0000 47.8268
  endloop
endfacet
facet normal -0.000000 -1.000000 0.000000
  outer loop
    vertex 9.1123 0.0000 44.5125
    vertex 0.7612 0.0000 47.8268
    vertex 9.0530 0.0000 44.3923
  endloop
endfacet
facet normal 0.000000 1.000000 0.000000
  outer loop
    vertex 9.1123 8.0000 44.5125
    vertex 0.7612 8.0000 47.8268
    vertex 1.3397 8.0000 49.0000
  endloop
endfacet
facet normal 0.000000 1.000000 0.000000
  outer loop
    vertex 9.1123 8.0000 44.5125
    vertex 9.0530 8.0000 44.3923
    vertex 0.7612 8.0000 47.8268
  endloop
endfacet
facet normal -0.896873 0.000000 0.442289
  outer loop
    vertex 1.3397 0.0000 49.0000
    vertex 0.7612 8.0000 47.8268
    vertex 0.7612 0.0000 47.8268
  endloop
endfacet
facet normal -0.896873 0.000000 0.442289
  outer loop
    vertex 1.3397 0.0000 49.0000
    vertex 1.3397 8.0000 49.0000
    vertex 0.7612 8.0000 47.8268
  endloop
endfacet
facet normal 0.896873 0.000000 -0.442289
  outer loop
    vertex 9.1123 0.0000 44.5125
    vertex 9.0530 0.0000 44.3923
    vertex 9.0530 8.0000 44.3923
  endloop
endfacet
facet normal 0.896873 0.000000 -0.442289
  outer loop
    vertex 9.1123 0.0000 44.5125
    vertex 9.0530 8.0000 44.3923
    vertex 9.1123 8.0000 44.5125
  endloop
endfacet
facet normal 0.000000 -1.000000 0.000000
  outer loop
    vertex 9.0530 0.0000 44.3923
    vertex 0.7612 0.0000 47.8268
    vertex 0.3407 0.0000 46.5882
  endloop
endfacet
facet normal -0.000000 -1.000000 0.000000
  outer loop
    vertex 9.0530 0.0000 44.3923
    vertex 0.3407 0.0000 46.5882
    vertex 9.0099 0.0000 44.2653
  endloop
endfacet
facet normal 0.000000 1.000000 0.000000
  outer loop
    vertex 9.0530 8.0000 44.3923
    vertex 0.3407 8.0000 46.5882
    vertex 0.7612 8.0000 47.8268
  endloop
endfacet
facet normal 0.000000 1.000000 0.000000
  outer loop
    vertex 9.0530 8.0000 44.3923
    vertex 9.0099 8.0000 44.2653
    vertex 0.3407 8.0000 46.5882
  endloop
endfacet
facet normal -0.946930 0.000000 0.321439
  outer loop
    vertex 0.7612 0.0000 47.8268
    vertex 0.3407 8.0000 46.5882
    vertex 0.3407 0.0000 46.5882
  endloop
endfacet
facet normal -0.946930 0.000000 0.321439
  outer loop
    vertex 0.7612 0.0000 47.8268
    vertex 0.7612 8.0000 47.8268
    vertex 0.3407 8.0000 46.5882
  endloop
endfacet
facet normal 0.946930 0.000000 -0.321439
  outer loop
    vertex 9.0530 0.0000 44.3923
    vertex 9.0099 0.0000 44.2653
    vertex 9.0099 8.0000 44.2653
  endloop
endfacet
facet normal 0.946930 0.000000 -0.321439
  outer loop
    vertex 9.0530 0.0000 44.3923
    vertex 9.0099 8.0000 44.2653
    vertex 9.0530 8.0000 44.3923
  endloop
endfacet
facet normal 0.000000 -1.000000 0.000000
  outer loop
    vertex 9.0099 0.0000 44.2653
    vertex 0.3407 0.0000 46.5882
    vertex 0.0856 0.0000 45.3053
  endloop
endfacet
facet normal -0.000000 -1.000000 0.000000
  outer loop
    vertex 9.0099 0.0000 44.2653
    vertex 0.0856 0.0000 45.3053
    vertex 8.9838 0.0000 44.1338
  endloop
endfacet
facet normal 0.000000 1.000000 0.000000
  outer loop
    vertex 9.0099 8.0000 44.2653
    vertex 0.0856 8.0000 45.3053
    vertex 0.3407 8.0000 46.5882
  endloop
endfacet
facet normal 0.000000 1.000000 0.000000
  outer loop
    vertex 9.0099 8.0000 44.2653
    vertex 8.9838 8.0000 44.1338
    vertex 0.0856 8.0000 45.3053
  endloop
endfacet
facet normal -0.980785 0.000000 0.195090
  outer loop
    vertex 0.3407 0.0000 46.5882
    vertex 0.0856 8.0000 45.3053
    vertex 0.0856 0.0000 45.3053
  endloop
endfacet
facet normal -0.980785 0.000000 0.195090
  outer loop
    vertex 0.3407 0.0000 46.5882
    vertex 0.3407 8.0000 46.5882
    vertex 0.0856 8.0000 45.3053
  endloop
endfacet
facet normal 0.980785 0.000000 -0.195090
  outer loop
    vertex 9.0099 0.0000 44.2653
    vertex 8.9838 0.0000 44.1338
    vertex 8.9838 8.0000 44.1338
  endloop
endfacet
facet normal 0.980785 0.000000 -0.195090
  outer loop
    vertex 9.0099 0.0000 44.2653
    vertex 8.9838 8.0000 44.1338
    vertex 9.0099 8.0000 44.2653
  endloop
endfacet
facet normal -0.000000 -1.000000 0.000000
  outer loop
    vertex 8.9838 0.0000 44.1338
    vertex 0.0856 0.0000 45.3053
    vertex 0.0000 0.0000 44.0000
  endloop
endfacet
facet normal 0.000000 -1.000000 0.000000
  outer loop
    vertex 8.9838 0.0000 44.1338
    vertex 0.0000 0.0000 44.0000
    vertex 8.9750 0.0000 44.0000
  endloop
endfacet
facet normal 0.000000 1.000000 0.000000
  outer loop
    vertex 8.9838 8.0000 44.1338
    vertex 0.0000 8.0000 44.0000
    vertex 0.0856 8.0000 45.3053
  endloop
endfacet
facet normal 0.000000 1.000000 0.000000
  outer loop
    vertex 8.9838 8.0000 44.1338
    vertex 8.9750 8.0000 44.0000
    vertex 0.0000 8.0000 44.0000
  endloop
endfacet
facet normal -0.997859 0.000000 0.065403
  outer loop
    vertex 0.0856 0.0000 45.3053
    vertex 0.0000 8.0000 44.0000
    vertex 0.0000 0.0000 44.0000
  endloop
endfacet
facet normal -0.997859 0.000000 0.065403
  outer loop
    vertex 0.0856 0.0000 45.3053
    vertex 0.0856 8.0000 45.3053
    vertex 0.0000 8.0000 44.0000
  endloop
endfacet
facet normal 0.997859 0.000000 -0.065403
  outer loop
    vertex 8.9838 0.0000 44.1338
    vertex 8.9750 0.0000 44.0000
    vertex 8.9750 8.0000 44.0000
  endloop
endfacet
facet normal 0.997859 0.000000 -0.065403
  outer loop
    vertex 8.9838 0.0000 44.1338
    vertex 8.9750 8.0000 44.0000
    vertex 8.9838 8.0000 44.1338
  endloop
endfacet
facet normal -0.000000 -1.000000 0.000000
  outer loop
    vertex 8.9750 0.0000 44.0000
    vertex 0.0000 0.0000 44.0000
    vertex 0.0856 0.0000 42.6947
  endloop
endfacet
facet normal 0.000000 -1.000000 -0.000000
  outer loop
    vertex 8.9750 0.0000 44.0000
    vertex 0.0856 0.0000 42.6947
    vertex 8.9838 0.0000 43.8662
  endloop
endfacet
facet normal 0.000000 1.000000 0.000000
  outer loop
    vertex 8.9750 8.0000 44.0000
    vertex 0.0856 8.0000 42.6947
    vertex 0.0000 8.0000 44.0000
  endloop
endfacet
facet normal 0.000000 1.000000 0.000000
  outer loop
    vertex 8.9750 8.0000 44.0000
    vertex 8.9838 8.0000 43.8662
    vertex 0.0856 8.0000 42.6947
  endloop
endfacet
facet normal -0.997859 0.000000 -0.065403
  outer loop
    vertex 0.0000 0.0000 44.0000
    vertex 0.0856 8.0000 42.6947
    vertex 0.0856 0.0000 42.6947
  endloop
endfacet
facet normal -0.997859 0.000000 -0.065403
  outer loop
    vertex 0.0000 0.0000 44.0000
    vertex 0.0000 8.0000 44.0000
    vertex 0.0856 8.0000 42.6947
  endloop
endfacet
facet normal 0.997859 0.000000 0.065403
  outer loop
    vertex 8.9750 0.0000 44.0000
    vertex 8.9838 0.0000 43.8662
    vertex 8.9838 8.0000 43.8662
  endloop
endfacet
facet normal 0.997859 -0.000000 0.065403
  outer loop
    vertex 8.9750 0.0000 44.0000
    vertex 8.9838 8.0000 43.8662
    vertex 8.9750 8.0000 44.0000
  endloop
endfacet
facet normal 0.000000 -1.000000 0.000000
  outer loop
    vertex 8.9838 0.0000 43.8662
    vertex 0.0856 0.0000 42.6947
    vertex 0.3407 0.0000 41.4118
  endloop
endfacet
facet normal 0.000000 -1.000000 -0.000000
  outer loop
    vertex 8.9838 0.0000 43.8662
    vertex 0.3407 0.0000 41.4118
    vertex 9.0099 0.0000 43.7347
  endloop
endfacet
facet normal 0.000000 1.000000 0.000000
  outer loop
    vertex 8.9838 8.0000 43.8662
    vertex 0.3407 8.0000 41.4118
    vertex 0.0856 8.0000 42.6947
  endloop
endfacet
facet normal 0.000000 1.000000 0.000000
  outer loop
    vertex 8.9838 8.0000 43.8662
    vertex 9.0099 8.0000 43.7347
    vertex 0.3407 8.0000 41.4118
  endloop
endfacet
facet normal -0.980785 0.000000 -0.195090
  outer loop
    vertex 0.0856 0.0000 42.6947
    vertex 0.3407 8.0000 41.4118
    vertex 0.3407 0.0000 41.4118
  endloop
endfacet
facet normal -0.980785 0.000000 -0.195090
  outer loop
    vertex 0.0856 0.0000 42.6947
    vertex 0.0856 8.0000 42.6947
    vertex 0.3407 8.0000 41.4118
  endloop
endfacet
facet normal 0.980785 0.000000 0.195090
  outer loop
    vertex 8.9838 0.0000 43.8662
    vertex 9.0099 0.0000 43.7347
    vertex 9.0099 8.0000 43.7347
  endloop
endfacet
facet normal 0.980785 -0.000000 0.195090
  outer loop
    vertex 8.9838 0.0000 43.8662
    vertex 9.0099 8.0000 43.7347
    vertex 8.9838 8.0000 43.8662
  endloop
endfacet
facet normal 0.000000 -1.000000 0.000000
  outer loop
    vertex 9.0099 0.0000 43.7347
    vertex 0.3407 0.0000 41.4118
    vertex 0.7612 0.0000 40.1732
  endloop
endfacet
facet normal 0.000000 -1.000000 -0.000000
  outer loop
    vertex 9.0099 0.0000 43.7347
    vertex 0.7612 0.0000 40.1732
    vertex 9.0530 0.0000 43.6077
  endloop
endfacet
facet normal 0.000000 1.000000 0.000000
  outer loop
    vertex 9.0099 8.0000 43.7347
    vertex 0.7612 8.0000 40.1732
    vertex 0.3407 8.0000 41.4118
  endloop
endfacet
facet normal 0.000000 1.000000 0.000000
  outer loop
    vertex 9.0099 8.0000 43.7347
    vertex 9.0530 8.0000 43.6077
    vertex 0.7612 8.0000 40.1732
  endloop
endfacet
facet normal -0.946930 0.000000 -0.321439
  outer loop
    vertex 0.3407 0.0000 41.4118
    vertex 0.7612 8.0000 40.1732
    vertex 0.7612 0.0000 40.1732
  endloop
endfacet
facet normal -0.946930 0.000000 -0.321439
  outer loop
    vertex 0.3407 0.0000 41.4118
    vertex 0.3407 8.0000 41.4118
    vertex 0.7612 8.0000 40.1732
  endloop
endfacet
facet normal 0.946930 0.000000 0.321439
  outer loop
    vertex 9.0099 0.0000 43.7347
    vertex 9.0530 0.0000 43.6077
    vertex 9.0530 8.0000 43.6077
  endloop
endfacet
facet normal 0.946930 -0.000000 0.321439
  outer loop
    vertex 9.0099 0.0000 43.7347
    vertex 9.0530 8.0000 43.6077
    vertex 9.0099 8.0000 43.7347
  endloop
endfacet
facet normal 0.000000 -1.000000 0.000000
  outer loop
    vertex 9.0530 0.0000 43.6077
    vertex 0.7612 0.0000 40.1732
    vertex 1.3397 0.0000 39.0000
  endloop
endfacet
facet normal 0.000000 -1.000000 -0.000000
  outer loop
    vertex 9.0530 0.0000 43.6077
    vertex 1.3397 0.0000 39.0000
    vertex 9.1123 0.0000 43.4875
  endloop
endfacet
facet normal 0.000000 1.000000 0.000000
  outer loop
    vertex 9.0530 8.0000 43.6077
    vertex 1.3397 8.0000 39.0000
    vertex 0.7612 8.0000 40.1732
  endloop
endfacet
facet normal 0.000000 1.000000 0.000000
  outer loop
    vertex 9.0530 8.0000 43.6077
    vertex 9.1123 8.0000 43.4875
    vertex 1.3397 8.0000 39.0000
  endloop
endfacet
facet normal -0.896873 0.000000 -0.442289
  outer loop
    vertex 0.7612 0.0000 40.1732
    vertex 1.3397 8.0000 39.0000
    vertex 1.3397 0.0000 39.0000
  endloop
endfacet
facet normal -0.896873 0.000000 -0.442289
  outer loop
    vertex 0.7612 0.0000 40.1732
    vertex 0.7612 8.0000 40.1732
    vertex 1.3397 8.0000 39.0000
  endloop
endfacet
facet normal 0.896873 0.000000 0.442289
  outer loop
    vertex 9.0530 0.0000 43.6077
    vertex 9.1123 0.0000 43.4875
    vertex 9.1123 8.0000 43.4875
  endloop
endfacet
facet normal 0.896873 -0.000000 0.442289
  outer loop
    vertex 9.0530 0.0000 43.6077
    vertex 9.1123 8.0000 43.4875
    vertex 9.0530 8.0000 43.6077
  endloop
endfacet
facet normal 0.000000 -1.000000 0.000000
  outer loop
    vertex 9.1123 0.0000 43.4875
    vertex 1.3397 0.0000 39.0000
    vertex 2.0665 0.0000 37.9124
  endloop
endfacet
facet normal 0.000000 -1.000000 -0.000000
  outer loop
    vertex 9.1123 0.0000 43.4875
    vertex 2.0665 0.0000 37.9124
    vertex 9.1868 0.0000 43.3760
  endloop
endfacet
facet normal 0.000000 1.000000 0.000000
  outer loop
    vertex 9.1123 8.0000 43.4875
    vertex 2.0665 8.0000 37.9124
    vertex 1.3397 8.0000 39.0000
  endloop
endfacet
facet normal 0.000000 1.000000 0.000000
  outer loop
    vertex 9.1123 8.0000 43.4875
    vertex 9.1868 8.0000 43.3760
    vertex 2.0665 8.0000 37.9124
  endloop
endfacet
facet normal -0.831470 0.000000 -0.555570
  outer loop
    vertex 1.3397 0.0000 39.0000
    vertex 2.0665 8.0000 37.9124
    vertex 2.0665 0.0000 37.9124
  endloop
endfacet
facet normal -0.831470 0.000000 -0.555570
  outer loop
    vertex 1.3397 0.0000 39.0000
    vertex 1.3397 8.0000 39.0000
    vertex 2.0665 8.0000 37.9124
  endloop
endfacet
facet normal 0.831470 0.000000 0.555570
  outer loop
    vertex 9.1123 0.0000 43.4875
    vertex 9.1868 0.0000 43.3760
    vertex 9.1868 8.0000 43.3760
  endloop
endfacet
facet normal 0.831470 -0.000000 0.555570
  outer loop
    vertex 9.1123 0.0000 43.4875
    vertex 9.1868 8.0000 43.3760
    vertex 9.1123 8.0000 43.4875
  endloop
endfacet
facet normal 0.000000 -1.000000 0.000000
  outer loop
    vertex 9.1868 0.0000 43.3760
    vertex 2.0665 0.0000 37.9124
    vertex 2.9289 0.0000 36.9289
  endloop
endfacet
facet normal 0.000000 -1.000000 -0.000000
  outer loop
    vertex 9.1868 0.0000 43.3760
    vertex 2.9289 0.0000 36.9289
    vertex 9.2752 0.0000 43.2752
  endloop
endfacet
facet normal 0.000000 1.000000 0.000000
  outer loop
    vertex 9.1868 8.0000 43.3760
    vertex 2.9289 8.0000 36.9289
    vertex 2.0665 8.0000 37.9124
  endloop
endfacet
facet normal 0.000000 1.000000 0.000000
  outer loop
    vertex 9.1868 8.0000 43.3760
    vertex 9.2752 8.0000 43.2752
    vertex 2.9289 8.0000 36.9289
  endloop
endfacet
facet normal -0.751840 0.000000 -0.659346
  outer loop
    vertex 2.0665 0.0000 37.9124
    vertex 2.9289 8.0000 36.9289
    vertex 2.9289 0.0000 36.9289
  endloop
endfacet
facet normal -0.751840 0.000000 -0.659346
  outer loop
    vertex 2.0665 0.0000 37.9124
    vertex 2.0665 8.0000 37.9124
    vertex 2.9289 8.0000 36.9289
  endloop
endfacet
facet normal 0.751840 0.000000 0.659346
  outer loop
    vertex 9.1868 0.0000 43.3760
    vertex 9.2752 0.0000 43.2752
    vertex 9.2752 8.0000 43.2752
  endloop
endfacet
facet normal 0.751840 -0.000000 0.659346
  outer loop
    vertex 9.1868 0.0000 43.3760
    vertex 9.2752 8.0000 43.2752
    vertex 9.1868 8.0000 43.3760
  endloop
endfacet
facet normal 0.000000 -1.000000 0.000000
  outer loop
    vertex 9.2752 0.0000 43.2752
    vertex 2.9289 0.0000 36.9289
    vertex 3.9124 0.0000 36.0665
  endloop
endfacet
facet normal 0.000000 -1.000000 -0.000000
  outer loop
    vertex 9.2752 0.0000 43.2752
    vertex 3.9124 0.0000 36.0665
    vertex 9.3760 0.0000 43.1868
  endloop
endfacet
facet normal 0.000000 1.000000 0.000000
  outer loop
    vertex 9.2752 8.0000 43.2752
    vertex 3.9124 8.0000 36.0665
    vertex 2.9289 8.0000 36.9289
  endloop
endfacet
facet normal 0.000000 1.000000 0.000000
  outer loop
    vertex 9.2752 8.0000 43.2752
    vertex 9.3760 8.0000 43.1868
    vertex 3.9124 8.0000 36.0665
  endloop
endfacet
facet normal -0.659346 0.000000 -0.751840
  outer loop
    vertex 2.9289 0.0000 36.9289
    vertex 3.9124 8.0000 36.0665
    vertex 3.9124 0.0000 36.0665
  endloop
endfacet
facet normal -0.659346 0.000000 -0.751840
  outer loop
    vertex 2.9289 0.0000 36.9289
    vertex 2.9289 8.0000 36.9289
    vertex 3.9124 8.0000 36.0665
  endloop
endfacet
facet normal 0.659346 0.000000 0.751840
  outer loop
    vertex 9.2752 0.0000 43.2752
    vertex 9.3760 0.0000 43.1868
    vertex 9.3760 8.0000 43.1868
  endloop
endfacet
facet normal 0.659346 -0.000000 0.751840
  outer loop
    vertex 9.2752 0.0000 43.2752
    vertex 9.3760 8.0000 43.1868
    vertex 9.2752 8.0000 43.2752
  endloop
endfacet
facet normal 0.000000 -1.000000 0.000000
  outer loop
    vertex 9.3760 0.0000 43.1868
    vertex 3.9124 0.0000 36.0665
    vertex 5.0000 0.0000 35.3397
  endloop
endfacet
facet normal 0.000000 -1.000000 -0.000000
  outer loop
    vertex 9.3760 0.0000 43.1868
    vertex 5.0000 0.0000 35.3397
    vertex 9.4875 0.0000 43.1123
  endloop
endfacet
facet normal 0.000000 1.000000 0.000000
  outer loop
    vertex 9.3760 8.0000 43.1868
    vertex 5.0000 8.0000 35.3397
    vertex 3.9124 8.0000 36.0665
  endloop
endfacet
facet normal 0.000000 1.000000 0.000000
  outer loop
    vertex 9.3760 8.0000 43.1868
    vertex 9.4875 8.0000 43.1123
    vertex 5.0000 8.0000 35.3397
  endloop
endfacet
facet normal -0.555570 0.000000 -0.831470
  outer loop
    vertex 3.9124 0.0000 36.0665
    vertex 5.0000 8.0000 35.3397
    vertex 5.0000 0.0000 35.3397
  endloop
endfacet
facet normal -0.555570 0.000000 -0.831470
  outer loop
    vertex 3.9124 0.0000 36.0665
    vertex 3.9124 8.0000 36.0665
    vertex 5.0000 8.0000 35.3397
  endloop
endfacet
facet normal 0.555570 0.000000 0.831470
  outer loop
    vertex 9.3760 0.0000 43.1868
    vertex 9.4875 0.0000 43.1123
    vertex 9.4875 8.0000 43.1123
  endloop
endfacet
facet normal 0.555570 -0.000000 0.831470
  outer loop
    vertex 9.3760 0.0000 43.1868
    vertex 9.4875 8.0000 43.1123
    vertex 9.3760 8.0000 43.1868
  endloop
endfacet
facet normal 0.000000 -1.000000 0.000000
  outer loop
    vertex 9.4875 0.0000 43.1123
    vertex 5.0000 0.0000 35.3397
    vertex 6.1732 0.0000 34.7612
  endloop
endfacet
facet normal 0.000000 -1.000000 -0.000000
  outer loop
    vertex 9.4875 0.0000 43.1123
    vertex 6.1732 0.0000 34.7612
    vertex 9.6077 0.0000 43.0530
  endloop
endfacet
facet normal 0.000000 1.000000 0.000000
  outer loop
    vertex 9.4875 8.0000 43.1123
    vertex 6.1732 8.0000 34.7612
    vertex 5.0000 8.0000 35.3397
  endloop
endfacet
facet normal 0.000000 1.000000 0.000000
  outer loop
    vertex 9.4875 8.0000 43.1123
    vertex 9.6077 8.0000 43.0530
    vertex 6.1732 8.0000 34.7612
  endloop
endfacet
facet normal -0.442289 0.000000 -0.896873
  outer loop
    vertex 5.0000 0.0000 35.3397
    vertex 6.1732 8.0000 34.7612
    vertex 6.1732 0.0000 34.7612
  endloop
endfacet
facet normal -0.442289 0.000000 -0.896873
  outer loop
    vertex 5.0000 0.0000 35.3397
    vertex 5.0000 8.0000 35.3397
    vertex 6.1732 8.0000 34.7612
  endloop
endfacet
facet normal 0.442289 0.000000 0.896873
  outer loop
    vertex 9.4875 0.0000 43.1123
    vertex 9.6077 0.0000 43.0530
    vertex 9.6077 8.0000 43.0530
  endloop
endfacet
facet normal 0.442289 -0.000000 0.896873
  outer loop
    vertex 9.4875 0.0000 43.1123
    vertex 9.6077 8.0000 43.0530
    vertex 9.4875 8.0000 43.1123
  endloop
endfacet
facet normal 0.000000 -1.000000 0.000000
  outer loop
    vertex 9.6077 0.0000 43.0530
    vertex 6.1732 0.0000 34.7612
    vertex 7.4118 0.0000 34.3407
  endloop
endfacet
facet normal 0.000000 -1.000000 -0.000000
  outer loop
    vertex 9.6077 0.0000 43.0530
    vertex 7.4118 0.0000 34.3407
    vertex 9.7347 0.0000 43.0099
  endloop
endfacet
facet normal 0.000000 1.000000 0.000000
  outer loop
    vertex 9.6077 8.0000 43.0530
    vertex 7.4118 8.0000 34.3407
    vertex 6.1732 8.0000 34.7612
  endloop
endfacet
facet normal 0.000000 1.000000 0.000000
  outer loop
    vertex 9.6077 8.0000 43.0530
    vertex 9.7347 8.0000 43.0099
    vertex 7.4118 8.0000 34.3407
  endloop
endfacet
facet normal -0.321439 0.000000 -0.946930
  outer loop
    vertex 6.1732 0.0000 34.7612
    vertex 7.4118 8.0000 34.3407
    vertex 7.4118 0.0000 34.3407
  endloop
endfacet
facet normal -0.321439 0.000000 -0.946930
  outer loop
    vertex 6.1732 0.0000 34.7612
    vertex 6.1732 8.0000 34.7612
    vertex 7.4118 8.0000 34.3407
  endloop
endfacet
facet normal 0.321439 0.000000 0.946930
  outer loop
    vertex 9.6077 0.0000 43.0530
    vertex 9.7347 0.0000 43.0099
    vertex 9.7347 8.0000 43.0099
  endloop
endfacet
facet normal 0.321439 -0.000000 0.946930
  outer loop
    vertex 9.6077 0.0000 43.0530
    vertex 9.7347 8.0000 43.0099
    vertex 9.6077 8.0000 43.0530
  endloop
endfacet
facet normal 0.000000 -1.000000 0.000000
  outer loop
    vertex 9.7347 0.0000 43.0099
    vertex 7.4118 0.0000 34.3407
    vertex 8.6947 0.0000 34.0856
  endloop
endfacet
facet normal 0.000000 -1.000000 -0.000000
  outer loop
    vertex 9.7347 0.0000 43.0099
    vertex 8.6947 0.0000 34.0856
    vertex 9.8662 0.0000 42.9838
  endloop
endfacet
facet normal 0.000000 1.000000 0.000000
  outer loop
    vertex 9.7347 8.0000 43.0099
    vertex 8.6947 8.0000 34.0856
    vertex 7.4118 8.0000 34.3407
  endloop
endfacet
facet normal 0.000000 1.000000 0.000000
  outer loop
    vertex 9.7347 8.0000 43.0099
    vertex 9.8662 8.0000 42.9838
    vertex 8.6947 8.0000 34.0856
  endloop
endfacet
facet normal -0.195090 0.000000 -0.980785
  outer loop
    vertex 7.4118 0.0000 34.3407
    vertex 8.6947 8.0000 34.0856
    vertex 8.6947 0.0000 34.0856
  endloop
endfacet
facet normal -0.195090 0.000000 -0.980785
  outer loop
    vertex 7.4118 0.0000 34.3407
    vertex 7.4118 8.0000 34.3407
    vertex 8.6947 8.0000 34.0856
  endloop
endfacet
facet normal 0.195090 0.000000 0.980785
  outer loop
    vertex 9.7347 0.0000 43.0099
    vertex 9.8662 0.0000 42.9838
    vertex 9.8662 8.0000 42.9838
  endloop
endfacet
facet normal 0.195090 -0.000000 0.980785
  outer loop
    vertex 9.7347 0.0000 43.0099
    vertex 9.8662 8.0000 42.9838
    vertex 9.7347 8.0000 43.0099
  endloop
endfacet
facet normal 0.000000 -1.000000 -0.000000
  outer loop
    vertex 9.8662 0.0000 42.9838
    vertex 8.6947 0.0000 34.0856
    vertex 10.0000 0.0000 34.0000
  endloop
endfacet
facet normal 0.000000 -1.000000 0.000000
  outer loop
    vertex 9.8662 0.0000 42.9838
    vertex 10.0000 0.0000 34.0000
    vertex 10.0000 0.0000 42.9750
  endloop
endfacet
facet normal 0.000000 1.000000 0.000000
  outer loop
    vertex 9.8662 8.0000 42.9838
    vertex 10.0000 8.0000 34.0000
    vertex 8.6947 8.0000 34.0856
  endloop
endfacet
facet normal 0.000000 1.000000 0.000000
  outer loop
    vertex 9.8662 8.0000 42.9838
    vertex 10.0000 8.0000 42.9750
    vertex 10.0000 8.0000 34.0000
  endloop
endfacet
facet normal -0.065403 0.000000 -0.997859
  outer loop
    vertex 8.6947 0.0000 34.0856
    vertex 10.0000 8.0000 34.0000
    vertex 10.0000 0.0000 34.0000
  endloop
endfacet
facet normal -0.065403 0.000000 -0.997859
  outer loop
    vertex 8.6947 0.0000 34.0856
    vertex 8.6947 8.0000 34.0856
    vertex 10.0000 8.0000 34.0000
  endloop
endfacet
facet normal 0.065403 0.000000 0.997859
  outer loop
    vertex 9.8662 0.0000 42.9838
    vertex 10.0000 0.0000 42.9750
    vertex 10.0000 8.0000 42.9750
  endloop
endfacet
facet normal 0.065403 -0.000000 0.997859
  outer loop
    vertex 9.8662 0.0000 42.9838
    vertex 10.0000 8.0000 42.9750
    vertex 9.8662 8.0000 42.9838
  endloop
endfacet
facet normal 0.000000 -1.000000 -0.000000
  outer loop
    vertex 10.0000 0.0000 42.9750
    vertex 10.0000 0.0000 34.0000
    vertex 11.3053 0.0000 34.0856
  endloop
endfacet
facet normal 0.000000 -1.000000 0.000000
  outer loop
    vertex 10.0000 0.0000 42.9750
    vertex 11.3053 0.0000 34.0856
    vertex 10.1338 0.0000 42.9838
  endloop
endfacet
facet normal 0.000000 1.000000 0.000000
  outer loop
    vertex 10.0000 8.0000 42.9750
    vertex 11.3053 8.0000 34.0856
    vertex 10.0000 8.0000 34.0000
  endloop
endfacet
facet normal -0.000000 1.000000 0.000000
  outer loop
    vertex 10.0000 8.0000 42.9750
    vertex 10.1338 8.0000 42.9838
    vertex 11.3053 8.0000 34.0856
  endloop
endfacet
facet normal 0.065403 0.000000 -0.997859
  outer loop
    vertex 10.0000 0.0000 34.0000
    vertex 11.3053 8.0000 34.0856
    vertex 11.3053 0.0000 34.0856
  endloop
endfacet
facet normal 0.065403 0.000000 -0.997859
  outer loop
    vertex 10.0000 0.0000 34.0000
    vertex 10.0000 8.0000 34.0000
    vertex 11.3053 8.0000 34.0856
  endloop
endfacet
facet normal -0.065403 0.000000 0.997859
  outer loop
    vertex 10.0000 0.0000 42.9750
    vertex 10.1338 0.0000 42.9838
    vertex 10.1338 8.0000 42.9838
  endloop
endfacet
facet normal -0.065403 0.000000 0.997859
  outer loop
    vertex 10.0000 0.0000 42.9750
    vertex 10.1338 8.0000 42.9838
    vertex 10.0000 8.0000 42.9750
  endloop
endfacet
facet normal 0.000000 -1.000000 0.000000
  outer loop
    vertex 10.1338 0.0000 42.9838
    vertex 11.3053 0.0000 34.0856
    vertex 12.5882 0.0000 34.3407
  endloop
endfacet
facet normal 0.000000 -1.000000 0.000000
  outer loop
    vertex 10.1338 0.0000 42.9838
    vertex 12.5882 0.0000 34.3407
    vertex 10.2653 0.0000 43.0099
  endloop
endfacet
facet normal 0.000000 1.000000 0.000000
  outer loop
    vertex 10.1338 8.0000 42.9838
    vertex 12.5882 8.0000 34.3407
    vertex 11.3053 8.0000 34.0856
  endloop
endfacet
facet normal -0.000000 1.000000 0.000000
  outer loop
    vertex 10.1338 8.0000 42.9838
    vertex 10.2653 8.0000 43.0099
    vertex 12.5882 8.0000 34.3407
  endloop
endfacet
facet normal 0.195090 0.000000 -0.980785
  outer loop
    vertex 11.3053 0.0000 34.0856
    vertex 12.5882 8.0000 34.3407
    vertex 12.5882 0.0000 34.3407
  endloop
endfacet
facet normal 0.195090 0.000000 -0.980785
  outer loop
    vertex 11.3053 0.0000 34.0856
    vertex 11.3053 8.0000 34.0856
    vertex 12.5882 8.0000 34.3407
  endloop
endfacet
facet normal -0.195090 0.000000 0.980785
  outer loop
    vertex 10.1338 0.0000 42.9838
    vertex 10.2653 0.0000 43.0099
    vertex 10.2653 8.0000 43.0099
  endloop
endfacet
facet normal -0.195090 0.000000 0.980785
  outer loop
    vertex 10.1338 0.0000 42.9838
    vertex 10.2653 8.0000 43.0099
    vertex 10.1338 8.0000 42.9838
  endloop
endfacet
facet normal 0.000000 -1.000000 0.000000
  outer loop
    vertex 10.2653 0.0000 43.0099
    vertex 12.5882 0.0000 34.3407
    vertex 13.8268 0.0000 34.7612
  endloop
endfacet
facet normal 0.000000 -1.000000 0.000000
  outer loop
    vertex 10.2653 0.0000 43.0099
    vertex 13.8268 0.0000 34.7612
    vertex 10.3923 0.0000 43.0530
  endloop
endfacet
facet normal 0.000000 1.000000 0.000000
  outer loop
    vertex 10.2653 8.0000 43.0099
    vertex 13.8268 8.0000 34.7612
    vertex 12.5882 8.0000 34.3407
  endloop
endfacet
facet normal -0.000000 1.000000 0.000000
  outer loop
    vertex 10.2653 8.0000 43.0099
    vertex 10.3923 8.0000 43.0530
    vertex 13.8268 8.0000 34.7612
  endloop
endfacet
facet normal 0.321439 0.000000 -0.946930
  outer loop
    vertex 12.5882 0.0000 34.3407
    vertex 13.8268 8.0000 34.7612
    vertex 13.8268 0.0000 34.7612
  endloop
endfacet
facet normal 0.321439 0.000000 -0.946930
  outer loop
    vertex 12.5882 0.0000 34.3407
    vertex 12.5882 8.0000 34.3407
    vertex 13.8268 8.0000 34.7612
  endloop
endfacet
facet normal -0.321439 0.000000 0.946930
  outer loop
    vertex 10.2653 0.0000 43.0099
    vertex 10.3923 0.0000 43.0530
    vertex 10.3923 8.0000 43.0530
  endloop
endfacet
facet normal -0.321439 0.000000 0.946930
  outer loop
    vertex 10.2653 0.0000 43.0099
    vertex 10.3923 8.0000 43.0530
    vertex 10.2653 8.0000 43.0099
  endloop
endfacet
facet normal 0.000000 -1.000000 0.000000
  outer loop
    vertex 10.3923 0.0000 43.0530
    vertex 13.8268 0.0000 34.7612
    vertex 15.0000 0.0000 35.3397
  endloop
endfacet
facet normal 0.000000 -1.000000 0.000000
  outer loop
    vertex 10.3923 0.0000 43.0530
    vertex 15.0000 0.0000 35.3397
    vertex 10.5125 0.0000 43.1123
  endloop
endfacet
facet normal 0.000000 1.000000 0.000000
  outer loop
    vertex 10.3923 8.0000 43.0530
    vertex 15.0000 8.0000 35.3397
    vertex 13.8268 8.0000 34.7612
  endloop
endfacet
facet normal -0.000000 1.000000 0.000000
  outer loop
    vertex 10.3923 8.0000 43.0530
    vertex 10.5125 8.0000 43.1123
    vertex 15.0000 8.0000 35.3397
  endloop
endfacet
facet normal 0.442289 0.000000 -0.896873
  outer loop
    vertex 13.8268 0.0000 34.7612
    vertex 15.0000 8.0000 35.3397
    vertex 15.0000 0.0000 35.3397
  endloop
endfacet
facet normal 0.442289 0.000000 -0.896873
  outer loop
    vertex 13.8268 0.0000 34.7612
    vertex 13.8268 8.0000 34.7612
    vertex 15.0000 8.0000 35.3397
  endloop
endfacet
facet normal -0.442289 0.000000 0.896873
  outer loop
    vertex 10.3923 0.0000 43.0530
    vertex 10.5125 0.0000 43.1123
    vertex 10.5125 8.0000 43.1123
  endloop
endfacet
facet normal -0.442289 0.000000 0.896873
  outer loop
    vertex 10.3923 0.0000 43.0530
    vertex 10.5125 8.0000 43.1123
    vertex 10.3923 8.0000 43.0530
  endloop
endfacet
facet normal 0.000000 -1.000000 0.000000
  outer loop
    vertex 10.5125 0.0000 43.1123
    vertex 15.0000 0.0000 35.3397
    vertex 16.0876 0.0000 36.0665
  endloop
endfacet
facet normal 0.000000 -1.000000 0.000000
  outer loop
    vertex 10.5125 0.0000 43.1123
    vertex 16.0876 0.0000 36.0665
    vertex 10.6240 0.0000 43.1868
  endloop
endfacet
facet normal 0.000000 1.000000 0.000000
  outer loop
    vertex 10.5125 8.0000 43.1123
    vertex 16.0876 8.0000 36.0665
    vertex 15.0000 8.0000 35.3397
  endloop
endfacet
facet normal -0.000000 1.000000 0.000000
  outer loop
    vertex 10.5125 8.0000 43.1123
    vertex 10.6240 8.0000 43.1868
    vertex 16.0876 8.0000 36.0665
  endloop
endfacet
facet normal 0.555570 0.000000 -0.831470
  outer loop
    vertex 15.0000 0.0000 35.3397
    vertex 16.0876 8.0000 36.0665
    vertex 16.0876 0.0000 36.0665
  endloop
endfacet
facet normal 0.555570 0.000000 -0.831470
  outer loop
    vertex 15.0000 0.0000 35.3397
    vertex 15.0000 8.0000 35.3397
    vertex 16.0876 8.0000 36.0665
  endloop
endfacet
facet normal -0.555570 0.000000 0.831470
  outer loop
    vertex 10.5125 0.0000 43.1123
    vertex 10.6240 0.0000 43.1868
    vertex 10.6240 8.0000 43.1868
  endloop
endfacet
facet normal -0.555570 0.000000 0.831470
  outer loop
    vertex 10.5125 0.0000 43.1123
    vertex 10.6240 8.0000 43.1868
    vertex 10.5125 8.0000 43.1123
  endloop
endfacet
facet normal 0.000000 -1.000000 0.000000
  outer loop
    vertex 10.6240 0.0000 43.1868
    vertex 16.0876 0.0000 36.0665
    vertex 17.0711 0.0000 36.9289
  endloop
endfacet
facet normal 0.000000 -1.000000 0.000000
  outer loop
    vertex 10.6240 0.0000 43.1868
    vertex 17.0711 0.0000 36.9289
    vertex 10.7248 0.0000 43.2752
  endloop
endfacet
facet normal 0.000000 1.000000 0.000000
  outer loop
    vertex 10.6240 8.0000 43.1868
    vertex 17.0711 8.0000 36.9289
    vertex 16.0876 8.0000 36.0665
  endloop
endfacet
facet normal -0.000000 1.000000 0.000000
  outer loop
    vertex 10.6240 8.0000 43.1868
    vertex 10.7248 8.0000 43.2752
    vertex 17.0711 8.0000 36.9289
  endloop
endfacet
facet normal 0.659346 0.000000 -0.751840
  outer loop
    vertex 16.0876 0.0000 36.0665
    vertex 17.0711 8.0000 36.9289
    vertex 17.0711 0.0000 36.9289
  endloop
endfacet
facet normal 0.659346 0.000000 -0.751840
  outer loop
    vertex 16.0876 0.0000 36.0665
    vertex 16.0876 8.0000 36.0665
    vertex 17.0711 8.0000 36.9289
  endloop
endfacet
facet normal -0.659346 0.000000 0.751840
  outer loop
    vertex 10.6240 0.0000 43.1868
    vertex 10.7248 0.0000 43.2752
    vertex 10.7248 8.0000 43.2752
  endloop
endfacet
facet normal -0.659346 0.000000 0.751840
  outer loop
    vertex 10.6240 0.0000 43.1868
    vertex 10.7248 8.0000 43.2752
    vertex 10.6240 8.0000 43.1868
  endloop
endfacet
facet normal 0.000000 -1.000000 0.000000
  outer loop
    vertex 10.7248 0.0000 43.2752
    vertex 17.0711 0.0000 36.9289
    vertex 17.9335 0.0000 37.9124
  endloop
endfacet
facet normal 0.000000 -1.000000 0.000000
  outer loop
    vertex 10.7248 0.0000 43.2752
    vertex 17.9335 0.0000 37.9124
    vertex 10.8132 0.0000 43.3760
  endloop
endfacet
facet normal 0.000000 1.000000 0.000000
  outer loop
    vertex 10.7248 8.0000 43.2752
    vertex 17.9335 8.0000 37.9124
    vertex 17.0711 8.0000 36.9289
  endloop
endfacet
facet normal -0.000000 1.000000 0.000000
  outer loop
    vertex 10.7248 8.0000 43.2752
    vertex 10.8132 8.0000 43.3760
    vertex 17.9335 8.0000 37.9124
  endloop
endfacet
facet normal 0.751840 0.000000 -0.659346
  outer loop
    vertex 17.0711 0.0000 36.9289
    vertex 17.9335 8.0000 37.9124
    vertex 17.9335 0.0000 37.9124
  endloop
endfacet
facet normal 0.751840 0.000000 -0.659346
  outer loop
    vertex 17.0711 0.0000 36.9289
    vertex 17.0711 8.0000 36.9289
    vertex 17.9335 8.0000 37.9124
  endloop
endfacet
facet normal -0.751840 0.000000 0.659346
  outer loop
    vertex 10.7248 0.0000 43.2752
    vertex 10.8132 0.0000 43.3760
    vertex 10.8132 8.0000 43.3760
  endloop
endfacet
facet normal -0.751840 0.000000 0.659346
  outer loop
    vertex 10.7248 0.0000 43.2752
    vertex 10.8132 8.0000 43.3760
    vertex 10.7248 8.0000 43.2752
  endloop
endfacet
facet normal 0.000000 -1.000000 0.000000
  outer loop
    vertex 10.8132 0.0000 43.3760
    vertex 17.9335 0.0000 37.9124
    vertex 18.6603 0.0000 39.0000
  endloop
endfacet
facet normal 0.000000 -1.000000 0.000000
  outer loop
    vertex 10.8132 0.0000 43.3760
    vertex 18.6603 0.0000 39.0000
    vertex 10.8877 0.0000 43.4875
  endloop
endfacet
facet normal 0.000000 1.000000 0.000000
  outer loop
    vertex 10.8132 8.0000 43.3760
    vertex 18.6603 8.0000 39.0000
    vertex 17.9335 8.0000 37.9124
  endloop
endfacet
facet normal -0.000000 1.000000 0.000000
  outer loop
    vertex 10.8132 8.0000 43.3760
    vertex 10.8877 8.0000 43.4875
    vertex 18.6603 8.0000 39.0000
  endloop
endfacet
facet normal 0.831470 0.000000 -0.555570
  outer loop
    vertex 17.9335 0.0000 37.9124
    vertex 18.6603 8.0000 39.0000
    vertex 18.6603 0.0000 39.0000
  endloop
endfacet
facet normal 0.831470 0.000000 -0.555570
  outer loop
    vertex 17.9335 0.0000 37.9124
    vertex 17.9335 8.0000 37.9124
    vertex 18.6603 8.0000 39.0000
  endloop
endfacet
facet normal -0.831470 0.000000 0.555570
  outer loop
    vertex 10.8132 0.0000 43.3760
    vertex 10.8877 0.0000 43.4875
    vertex 10.8877 8.0000 43.4875
  endloop
endfacet
facet normal -0.831470 0.000000 0.555570
  outer loop
    vertex 10.8132 0.0000 43.3760
    vertex 10.8877 8.0000 43.4875
    vertex 10.8132 8.0000 43.3760
  endloop
endfacet
facet normal 0.000000 -1.000000 0.000000
  outer loop
    vertex 10.8877 0.0000 43.4875
    vertex 18.6603 0.0000 39.0000
    vertex 19.2388 0.0000 40.1732
  endloop
endfacet
facet normal 0.000000 -1.000000 0.000000
  outer loop
    vertex 10.8877 0.0000 43.4875
    vertex 19.2388 0.0000 40.1732
    vertex 10.9470 0.0000 43.6077
  endloop
endfacet
facet normal 0.000000 1.000000 0.000000
  outer loop
    vertex 10.8877 8.0000 43.4875
    vertex 19.2388 8.0000 40.1732
    vertex 18.6603 8.0000 39.0000
  endloop
endfacet
facet normal -0.000000 1.000000 0.000000
  outer loop
    vertex 10.8877 8.0000 43.4875
    vertex 10.9470 8.0000 43.6077
    vertex 19.2388 8.0000 40.1732
  endloop
endfacet
facet normal 0.896873 0.000000 -0.442289
  outer loop
    vertex 18.6603 0.0000 39.0000
    vertex 19.2388 8.0000 40.1732
    vertex 19.2388 0.0000 40.1732
  endloop
endfacet
facet normal 0.896873 0.000000 -0.442289
  outer loop
    vertex 18.6603 0.0000 39.0000
    vertex 18.6603 8.0000 39.0000
    vertex 19.2388 8.0000 40.1732
  endloop
endfacet
facet normal -0.896873 0.000000 0.442289
  outer loop
    vertex 10.8877 0.0000 43.4875
    vertex 10.9470 0.0000 43.6077
    vertex 10.9470 8.0000 43.6077
  endloop
endfacet
facet normal -0.896873 0.000000 0.442289
  outer loop
    vertex 10.8877 0.0000 43.4875
    vertex 10.9470 8.0000 43.6077
    vertex 10.8877 8.0000 43.4875
  endloop
endfacet
facet normal 0.000000 -1.000000 0.000000
  outer loop
    vertex 10.9470 0.0000 43.6077
    vertex 19.2388 0.0000 40.1732
    vertex 19.6593 0.0000 41.4118
  endloop
endfacet
facet normal 0.000000 -1.000000 0.000000
  outer loop
    vertex 10.9470 0.0000 43.6077
    vertex 19.6593 0.0000 41.4118
    vertex 10.9901 0.0000 43.7347
  endloop
endfacet
facet normal 0.000000 1.000000 0.000000
  outer loop
    vertex 10.9470 8.0000 43.6077
    vertex 19.6593 8.0000 41.4118
    vertex 19.2388 8.0000 40.1732
  endloop
endfacet
facet normal -0.000000 1.000000 0.000000
  outer loop
    vertex 10.9470 8.0000 43.6077
    vertex 10.9901 8.0000 43.7347
    vertex 19.6593 8.0000 41.4118
  endloop
endfacet
facet normal 0.946930 0.000000 -0.321439
  outer loop
    vertex 19.2388 0.0000 40.1732
    vertex 19.6593 8.0000 41.4118
    vertex 19.6593 0.0000 41.4118
  endloop
endfacet
facet normal 0.946930 0.000000 -0.321439
  outer loop
    vertex 19.2388 0.0000 40.1732
    vertex 19.2388 8.0000 40.1732
    vertex 19.6593 8.0000 41.4118
  endloop
endfacet
facet normal -0.946930 0.000000 0.321439
  outer loop
    vertex 10.9470 0.0000 43.6077
    vertex 10.9901 0.0000 43.7347
    vertex 10.9901 8.0000 43.7347
  endloop
endfacet
facet normal -0.946930 0.000000 0.321439
  outer loop
    vertex 10.9470 0.0000 43.6077
    vertex 10.9901 8.0000 43.7347
    vertex 10.9470 8.0000 43.6077
  endloop
endfacet
facet normal 0.000000 -1.000000 0.000000
  outer loop
    vertex 10.9901 0.0000 43.7347
    vertex 19.6593 0.0000 41.4118
    vertex 19.9144 0.0000 42.6947
  endloop
endfacet
facet normal 0.000000 -1.000000 0.000000
  outer loop
    vertex 10.9901 0.0000 43.7347
    vertex 19.9144 0.0000 42.6947
    vertex 11.0162 0.0000 43.8662
  endloop
endfacet
facet normal 0.000000 1.000000 0.000000
  outer loop
    vertex 10.9901 8.0000 43.7347
    vertex 19.9144 8.0000 42.6947
    vertex 19.6593 8.0000 41.4118
  endloop
endfacet
facet normal -0.000000 1.000000 0.000000
  outer loop
    vertex 10.9901 8.0000 43.7347
    vertex 11.0162 8.0000 43.8662
    vertex 19.9144 8.0000 42.6947
  endloop
endfacet
facet normal 0.980785 0.000000 -0.195090
  outer loop
    vertex 19.6593 0.0000 41.4118
    vertex 19.9144 8.0000 42.6947
    vertex 19.9144 0.0000 42.6947
  endloop
endfacet
facet normal 0.980785 0.000000 -0.195090
  outer loop
    vertex 19.6593 0.0000 41.4118
    vertex 19.6593 8.0000 41.4118
    vertex 19.9144 8.0000 42.6947
  endloop
endfacet
facet normal -0.980785 0.000000 0.195090
  outer loop
    vertex 10.9901 0.0000 43.7347
    vertex 11.0162 0.0000 43.8662
    vertex 11.0162 8.0000 43.8662
  endloop
endfacet
facet normal -0.980785 0.000000 0.195090
  outer loop
    vertex 10.9901 0.0000 43.7347
    vertex 11.0162 8.0000 43.8662
    vertex 10.9901 8.0000 43.7347
  endloop
endfacet
facet normal 0.000000 -1.000000 0.000000
  outer loop
    vertex 11.0162 0.0000 43.8662
    vertex 19.9144 0.0000 42.6947
    vertex 20.0000 0.0000 44.0000
  endloop
endfacet
facet normal 0.000000 -1.000000 0.000000
  outer loop
    vertex 11.0162 0.0000 43.8662
    vertex 20.0000 0.0000 44.0000
    vertex 11.0250 0.0000 44.0000
  endloop
endfacet
facet normal -0.000000 1.000000 0.000000
  outer loop
    vertex 11.0162 8.0000 43.8662
    vertex 20.0000 8.0000 44.0000
    vertex 19.9144 8.0000 42.6947
  endloop
endfacet
facet normal 0.000000 1.000000 0.000000
  outer loop
    vertex 11.0162 8.0000 43.8662
    vertex 11.0250 8.0000 44.0000
    vertex 20.0000 8.0000 44.0000
  endloop
endfacet
facet normal 0.997859 0.000000 -0.065403
  outer loop
    vertex 19.9144 0.0000 42.6947
    vertex 20.0000 8.0000 44.0000
    vertex 20.0000 0.0000 44.0000
  endloop
endfacet
facet normal 0.997859 0.000000 -0.065403
  outer loop
    vertex 19.9144 0.0000 42.6947
    vertex 19.9144 8.0000 42.6947
    vertex 20.0000 8.0000 44.0000
  endloop
endfacet
facet normal -0.997859 0.000000 0.065403
  outer loop
    vertex 11.0162 0.0000 43.8662
    vertex 11.0250 0.0000 44.0000
    vertex 11.0250 8.0000 44.0000
  endloop
endfacet
facet normal -0.997859 0.000000 0.065403
  outer loop
    vertex 11.0162 0.0000 43.8662
    vertex 11.0250 8.0000 44.0000
    vertex 11.0162 8.0000 43.8662
  endloop
endfacet
facet normal 0.000000 -1.000000 0.000000
  outer loop
    vertex 35.0400 0.0000 44.0000
    vertex 44.0000 0.0000 44.0000
    vertex 43.9144 0.0000 45.3053
  endloop
endfacet
facet normal 0.000000 -1.000000 0.000000
  outer loop
    vertex 35.0400 0.0000 44.0000
    vertex 43.9144 0.0000 45.3053
    vertex 35.0311 0.0000 44.1357
  endloop
endfacet
facet normal 0.000000 1.000000 0.000000
  outer loop
    vertex 35.0400 9.0000 44.0000
    vertex 43.9144 9.0000 45.3053
    vertex 44.0000 9.0000 44.0000
  endloop
endfacet
facet normal 0.000000 1.000000 -0.000000
  outer loop
    vertex 35.0400 9.0000 44.0000
    vertex 35.0311 9.0000 44.1357
    vertex 43.9144 9.0000 45.3053
  endloop
endfacet
facet normal 0.997859 0.000000 0.065403
  outer loop
    vertex 44.0000 0.0000 44.0000
    vertex 43.9144 9.0000 45.3053
    vertex 43.9144 0.0000 45.3053
  endloop
endfacet
facet normal 0.997859 -0.000000 0.065403
  outer loop
    vertex 44.0000 0.0000 44.0000
    vertex 44.0000 9.0000 44.0000
    vertex 43.9144 9.0000 45.3053
  endloop
endfacet
facet normal -0.997859 0.000000 -0.065403
  outer loop
    vertex 35.0400 0.0000 44.0000
    vertex 35.0311 0.0000 44.1357
    vertex 35.0311 9.0000 44.1357
  endloop
endfacet
facet normal -0.997859 0.000000 -0.065403
  outer loop
    vertex 35.0400 0.0000 44.0000
    vertex 35.0311 9.0000 44.1357
    vertex 35.0400 9.0000 44.0000
  endloop
endfacet
facet normal 0.000000 -1.000000 0.000000
  outer loop
    vertex 35.0311 0.0000 44.1357
    vertex 43.9144 0.0000 45.3053
    vertex 43.6593 0.0000 46.5882
  endloop
endfacet
facet normal 0.000000 -1.000000 0.000000
  outer loop
    vertex 35.0311 0.0000 44.1357
    vertex 43.6593 0.0000 46.5882
    vertex 35.0046 0.0000 44.2692
  endloop
endfacet
facet normal 0.000000 1.000000 0.000000
  outer loop
    vertex 35.0311 9.0000 44.1357
    vertex 43.6593 9.0000 46.5882
    vertex 43.9144 9.0000 45.3053
  endloop
endfacet
facet normal 0.000000 1.000000 -0.000000
  outer loop
    vertex 35.0311 9.0000 44.1357
    vertex 35.0046 9.0000 44.2692
    vertex 43.6593 9.0000 46.5882
  endloop
endfacet
facet normal 0.980785 0.000000 0.195090
  outer loop
    vertex 43.9144 0.0000 45.3053
    vertex 43.6593 9.0000 46.5882
    vertex 43.6593 0.0000 46.5882
  endloop
endfacet
facet normal 0.980785 -0.000000 0.195090
  outer loop
    vertex 43.9144 0.0000 45.3053
    vertex 43.9144 9.0000 45.3053
    vertex 43.6593 9.0000 46.5882
  endloop
endfacet
facet normal -0.980785 0.000000 -0.195090
  outer loop
    vertex 35.0311 0.0000 44.1357
    vertex 35.0046 0.0000 44.2692
    vertex 35.0046 9.0000 44.2692
  endloop
endfacet
facet normal -0.980785 0.000000 -0.195090
  outer loop
    vertex 35.0311 0.0000 44.1357
    vertex 35.0046 9.0000 44.2692
    vertex 35.0311 9.0000 44.1357
  endloop
endfacet
facet normal 0.000000 -1.000000 0.000000
  outer loop
    vertex 35.0046 0.0000 44.2692
    vertex 43.6593 0.0000 46.5882
    vertex 43.2388 0.0000 47.8268
  endloop
endfacet
facet normal 0.000000 -1.000000 0.000000
  outer loop
    vertex 35.0046 0.0000 44.2692
    vertex 43.2388 0.0000 47.8268
    vertex 34.9608 0.0000 44.3980
  endloop
endfacet
facet normal 0.000000 1.000000 0.000000
  outer loop
    vertex 35.0046 9.0000 44.2692
    vertex 43.2388 9.0000 47.8268
    vertex 43.6593 9.0000 46.5882
  endloop
endfacet
facet normal 0.000000 1.000000 -0.000000
  outer loop
    vertex 35.0046 9.0000 44.2692
    vertex 34.9608 9.0000 44.3980
    vertex 43.2388 9.0000 47.8268
  endloop
endfacet
facet normal 0.946930 0.000000 0.321439
  outer loop
    vertex 43.6593 0.0000 46.5882
    vertex 43.2388 9.0000 47.8268
    vertex 43.2388 0.0000 47.8268
  endloop
endfacet
facet normal 0.946930 -0.000000 0.321439
  outer loop
    vertex 43.6593 0.0000 46.5882
    vertex 43.6593 9.0000 46.5882
    vertex 43.2388 9.0000 47.8268
  endloop
endfacet
facet normal -0.946930 0.000000 -0.321439
  outer loop
    vertex 35.0046 0.0000 44.2692
    vertex 34.9608 0.0000 44.3980
    vertex 34.9608 9.0000 44.3980
  endloop
endfacet
facet normal -0.946930 0.000000 -0.321439
  outer loop
    vertex 35.0046 0.0000 44.2692
    vertex 34.9608 9.0000 44.3980
    vertex 35.0046 9.0000 44.2692
  endloop
endfacet
facet normal 0.000000 -1.000000 0.000000
  outer loop
    vertex 34.9608 0.0000 44.3980
    vertex 43.2388 0.0000 47.8268
    vertex 42.6603 0.0000 49.0000
  endloop
endfacet
facet normal 0.000000 -1.000000 0.000000
  outer loop
    vertex 34.9608 0.0000 44.3980
    vertex 42.6603 0.0000 49.0000
    vertex 34.9007 0.0000 44.5200
  endloop
endfacet
facet normal 0.000000 1.000000 0.000000
  outer loop
    vertex 34.9608 9.0000 44.3980
    vertex 42.6603 9.0000 49.0000
    vertex 43.2388 9.0000 47.8268
  endloop
endfacet
facet normal 0.000000 1.000000 -0.000000
  outer loop
    vertex 34.9608 9.0000 44.3980
    vertex 34.9007 9.0000 44.5200
    vertex 42.6603 9.0000 49.0000
  endloop
endfacet
facet normal 0.896873 0.000000 0.442289
  outer loop
    vertex 43.2388 0.0000 47.8268
    vertex 42.6603 9.0000 49.0000
    vertex 42.6603 0.0000 49.0000
  endloop
endfacet
facet normal 0.896873 -0.000000 0.442289
  outer loop
    vertex 43.2388 0.0000 47.8268
    vertex 43.2388 9.0000 47.8268
    vertex 42.6603 9.0000 49.0000
  endloop
endfacet
facet normal -0.896873 0.000000 -0.442289
  outer loop
    vertex 34.9608 0.0000 44.3980
    vertex 34.9007 0.0000 44.5200
    vertex 34.9007 9.0000 44.5200
  endloop
endfacet
facet normal -0.896873 0.000000 -0.442289
  outer loop
    vertex 34.9608 0.0000 44.3980
    vertex 34.9007 9.0000 44.5200
    vertex 34.9608 9.0000 44.3980
  endloop
endfacet
facet normal 0.000000 -1.000000 0.000000
  outer loop
    vertex 34.9007 0.0000 44.5200
    vertex 42.6603 0.0000 49.0000
    vertex 41.9335 0.0000 50.0876
  endloop
endfacet
facet normal 0.000000 -1.000000 0.000000
  outer loop
    vertex 34.9007 0.0000 44.5200
    vertex 41.9335 0.0000 50.0876
    vertex 34.8251 0.0000 44.6331
  endloop
endfacet
facet normal 0.000000 1.000000 0.000000
  outer loop
    vertex 34.9007 9.0000 44.5200
    vertex 41.9335 9.0000 50.0876
    vertex 42.6603 9.0000 49.0000
  endloop
endfacet
facet normal 0.000000 1.000000 -0.000000
  outer loop
    vertex 34.9007 9.0000 44.5200
    vertex 34.8251 9.0000 44.6331
    vertex 41.9335 9.0000 50.0876
  endloop
endfacet
facet normal 0.831470 0.000000 0.555570
  outer loop
    vertex 42.6603 0.0000 49.0000
    vertex 41.9335 9.0000 50.0876
    vertex 41.9335 0.0000 50.0876
  endloop
endfacet
facet normal 0.831470 -0.000000 0.555570
  outer loop
    vertex 42.6603 0.0000 49.0000
    vertex 42.6603 9.0000 49.0000
    vertex 41.9335 9.0000 50.0876
  endloop
endfacet
facet normal -0.831470 0.000000 -0.555570
  outer loop
    vertex 34.9007 0.0000 44.5200
    vertex 34.8251 0.0000 44.6331
    vertex 34.8251 9.0000 44.6331
  endloop
endfacet
facet normal -0.831470 0.000000 -0.555570
  outer loop
    vertex 34.9007 0.0000 44.5200
    vertex 34.8251 9.0000 44.6331
    vertex 34.9007 9.0000 44.5200
  endloop
endfacet
facet normal 0.000000 -1.000000 0.000000
  outer loop
    vertex 34.8251 0.0000 44.6331
    vertex 41.9335 0.0000 50.0876
    vertex 41.0711 0.0000 51.0711
  endloop
endfacet
facet normal 0.000000 -1.000000 0.000000
  outer loop
    vertex 34.8251 0.0000 44.6331
    vertex 41.0711 0.0000 51.0711
    vertex 34.7354 0.0000 44.7354
  endloop
endfacet
facet normal 0.000000 1.000000 0.000000
  outer loop
    vertex 34.8251 9.0000 44.6331
    vertex 41.0711 9.0000 51.0711
    vertex 41.9335 9.0000 50.0876
  endloop
endfacet
facet normal 0.000000 1.000000 -0.000000
  outer loop
    vertex 34.8251 9.0000 44.6331
    vertex 34.7354 9.0000 44.7354
    vertex 41.0711 9.0000 51.0711
  endloop
endfacet
facet normal 0.751840 0.000000 0.659346
  outer loop
    vertex 41.9335 0.0000 50.0876
    vertex 41.0711 9.0000 51.0711
    vertex 41.0711 0.0000 51.0711
  endloop
endfacet
facet normal 0.751840 -0.000000 0.659346
  outer loop
    vertex 41.9335 0.0000 50.0876
    vertex 41.9335 9.0000 50.0876
    vertex 41.0711 9.0000 51.0711
  endloop
endfacet
facet normal -0.751840 0.000000 -0.659346
  outer loop
    vertex 34.8251 0.0000 44.6331
    vertex 34.7354 0.0000 44.7354
    vertex 34.7354 9.0000 44.7354
  endloop
endfacet
facet normal -0.751840 0.000000 -0.659346
  outer loop
    vertex 34.8251 0.0000 44.6331
    vertex 34.7354 9.0000 44.7354
    vertex 34.8251 9.0000 44.6331
  endloop
endfacet
facet normal 0.000000 -1.000000 0.000000
  outer loop
    vertex 34.7354 0.0000 44.7354
    vertex 41.0711 0.0000 51.0711
    vertex 40.0876 0.0000 51.9335
  endloop
endfacet
facet normal 0.000000 -1.000000 0.000000
  outer loop
    vertex 34.7354 0.0000 44.7354
    vertex 40.0876 0.0000 51.9335
    vertex 34.6331 0.0000 44.8251
  endloop
endfacet
facet normal 0.000000 1.000000 0.000000
  outer loop
    vertex 34.7354 9.0000 44.7354
    vertex 40.0876 9.0000 51.9335
    vertex 41.0711 9.0000 51.0711
  endloop
endfacet
facet normal 0.000000 1.000000 -0.000000
  outer loop
    vertex 34.7354 9.0000 44.7354
    vertex 34.6331 9.0000 44.8251
    vertex 40.0876 9.0000 51.9335
  endloop
endfacet
facet normal 0.659346 0.000000 0.751840
  outer loop
    vertex 41.0711 0.0000 51.0711
    vertex 40.0876 9.0000 51.9335
    vertex 40.0876 0.0000 51.9335
  endloop
endfacet
facet normal 0.659346 -0.000000 0.751840
  outer loop
    vertex 41.0711 0.0000 51.0711
    vertex 41.0711 9.0000 51.0711
    vertex 40.0876 9.0000 51.9335
  endloop
endfacet
facet normal -0.659346 0.000000 -0.751840
  outer loop
    vertex 34.7354 0.0000 44.7354
    vertex 34.6331 0.0000 44.8251
    vertex 34.6331 9.0000 44.8251
  endloop
endfacet
facet normal -0.659346 0.000000 -0.751840
  outer loop
    vertex 34.7354 0.0000 44.7354
    vertex 34.6331 9.0000 44.8251
    vertex 34.7354 9.0000 44.7354
  endloop
endfacet
facet normal 0.000000 -1.000000 0.000000
  outer loop
    vertex 34.6331 0.0000 44.8251
    vertex 40.0876 0.0000 51.9335
    vertex 39.0000 0.0000 52.6603
  endloop
endfacet
facet normal 0.000000 -1.000000 0.000000
  outer loop
    vertex 34.6331 0.0000 44.8251
    vertex 39.0000 0.0000 52.6603
    vertex 34.5200 0.0000 44.9007
  endloop
endfacet
facet normal 0.000000 1.000000 0.000000
  outer loop
    vertex 34.6331 9.0000 44.8251
    vertex 39.0000 9.0000 52.6603
    vertex 40.0876 9.0000 51.9335
  endloop
endfacet
facet normal 0.000000 1.000000 -0.000000
  outer loop
    vertex 34.6331 9.0000 44.8251
    vertex 34.5200 9.0000 44.9007
    vertex 39.0000 9.0000 52.6603
  endloop
endfacet
facet normal 0.555570 0.000000 0.831470
  outer loop
    vertex 40.0876 0.0000 51.9335
    vertex 39.0000 9.0000 52.6603
    vertex 39.0000 0.0000 52.6603
  endloop
endfacet
facet normal 0.555570 -0.000000 0.831470
  outer loop
    vertex 40.0876 0.0000 51.9335
    vertex 40.0876 9.0000 51.9335
    vertex 39.0000 9.0000 52.6603
  endloop
endfacet
facet normal -0.555570 0.000000 -0.831470
  outer loop
    vertex 34.6331 0.0000 44.8251
    vertex 34.5200 0.0000 44.9007
    vertex 34.5200 9.0000 44.9007
  endloop
endfacet
facet normal -0.555570 0.000000 -0.831470
  outer loop
    vertex 34.6331 0.0000 44.8251
    vertex 34.5200 9.0000 44.9007
    vertex 34.6331 9.0000 44.8251
  endloop
endfacet
facet normal 0.000000 -1.000000 0.000000
  outer loop
    vertex 34.5200 0.0000 44.9007
    vertex 39.0000 0.0000 52.6603
    vertex 37.8268 0.0000 53.2388
  endloop
endfacet
facet normal 0.000000 -1.000000 0.000000
  outer loop
    vertex 34.5200 0.0000 44.9007
    vertex 37.8268 0.0000 53.2388
    vertex 34.3980 0.0000 44.9608
  endloop
endfacet
facet normal 0.000000 1.000000 0.000000
  outer loop
    vertex 34.5200 9.0000 44.9007
    vertex 37.8268 9.0000 53.2388
    vertex 39.0000 9.0000 52.6603
  endloop
endfacet
facet normal 0.000000 1.000000 -0.000000
  outer loop
    vertex 34.5200 9.0000 44.9007
    vertex 34.3980 9.0000 44.9608
    vertex 37.8268 9.0000 53.2388
  endloop
endfacet
facet normal 0.442289 0.000000 0.896873
  outer loop
    vertex 39.0000 0.0000 52.6603
    vertex 37.8268 9.0000 53.2388
    vertex 37.8268 0.0000 53.2388
  endloop
endfacet
facet normal 0.442289 -0.000000 0.896873
  outer loop
    vertex 39.0000 0.0000 52.6603
    vertex 39.0000 9.0000 52.6603
    vertex 37.8268 9.0000 53.2388
  endloop
endfacet
facet normal -0.442289 0.000000 -0.896873
  outer loop
    vertex 34.5200 0.0000 44.9007
    vertex 34.3980 0.0000 44.9608
    vertex 34.3980 9.0000 44.9608
  endloop
endfacet
facet normal -0.442289 0.000000 -0.896873
  outer loop
    vertex 34.5200 0.0000 44.9007
    vertex 34.3980 9.0000 44.9608
    vertex 34.5200 9.0000 44.9007
  endloop
endfacet
facet normal 0.000000 -1.000000 0.000000
  outer loop
    vertex 34.3980 0.0000 44.9608
    vertex 37.8268 0.0000 53.2388
    vertex 36.5882 0.0000 53.6593
  endloop
endfacet
facet normal 0.000000 -1.000000 0.000000
  outer loop
    vertex 34.3980 0.0000 44.9608
    vertex 36.5882 0.0000 53.6593
    vertex 34.2692 0.0000 45.0046
  endloop
endfacet
facet normal 0.000000 1.000000 0.000000
  outer loop
    vertex 34.3980 9.0000 44.9608
    vertex 36.5882 9.0000 53.6593
    vertex 37.8268 9.0000 53.2388
  endloop
endfacet
facet normal 0.000000 1.000000 -0.000000
  outer loop
    vertex 34.3980 9.0000 44.9608
    vertex 34.2692 9.0000 45.0046
    vertex 36.5882 9.0000 53.6593
  endloop
endfacet
facet normal 0.321439 0.000000 0.946930
  outer loop
    vertex 37.8268 0.0000 53.2388
    vertex 36.5882 9.0000 53.6593
    vertex 36.5882 0.0000 53.6593
  endloop
endfacet
facet normal 0.321439 -0.000000 0.946930
  outer loop
    vertex 37.8268 0.0000 53.2388
    vertex 37.8268 9.0000 53.2388
    vertex 36.5882 9.0000 53.6593
  endloop
endfacet
facet normal -0.321439 0.000000 -0.946930
  outer loop
    vertex 34.3980 0.0000 44.9608
    vertex 34.2692 0.0000 45.0046
    vertex 34.2692 9.0000 45.0046
  endloop
endfacet
facet normal -0.321439 0.000000 -0.946930
  outer loop
    vertex 34.3980 0.0000 44.9608
    vertex 34.2692 9.0000 45.0046
    vertex 34.3980 9.0000 44.9608
  endloop
endfacet
facet normal 0.000000 -1.000000 0.000000
  outer loop
    vertex 34.2692 0.0000 45.0046
    vertex 36.5882 0.0000 53.6593
    vertex 35.3053 0.0000 53.9144
  endloop
endfacet
facet normal 0.000000 -1.000000 0.000000
  outer loop
    vertex 34.2692 0.0000 45.0046
    vertex 35.3053 0.0000 53.9144
    vertex 34.1357 0.0000 45.0311
  endloop
endfacet
facet normal 0.000000 1.000000 0.000000
  outer loop
    vertex 34.2692 9.0000 45.0046
    vertex 35.3053 9.0000 53.9144
    vertex 36.5882 9.0000 53.6593
  endloop
endfacet
facet normal 0.000000 1.000000 -0.000000
  outer loop
    vertex 34.2692 9.0000 45.0046
    vertex 34.1357 9.0000 45.0311
    vertex 35.3053 9.0000 53.9144
  endloop
endfacet
facet normal 0.195090 0.000000 0.980785
  outer loop
    vertex 36.5882 0.0000 53.6593
    vertex 35.3053 9.0000 53.9144
    vertex 35.3053 0.0000 53.9144
  endloop
endfacet
facet normal 0.195090 -0.000000 0.980785
  outer loop
    vertex 36.5882 0.0000 53.6593
    vertex 36.5882 9.0000 53.6593
    vertex 35.3053 9.0000 53.9144
  endloop
endfacet
facet normal -0.195090 0.000000 -0.980785
  outer loop
    vertex 34.2692 0.0000 45.0046
    vertex 34.1357 0.0000 45.0311
    vertex 34.1357 9.0000 45.0311
  endloop
endfacet
facet normal -0.195090 0.000000 -0.980785
  outer loop
    vertex 34.2692 0.0000 45.0046
    vertex 34.1357 9.0000 45.0311
    vertex 34.2692 9.0000 45.0046
  endloop
endfacet
facet normal 0.000000 -1.000000 0.000000
  outer loop
    vertex 34.1357 0.0000 45.0311
    vertex 35.3053 0.0000 53.9144
    vertex 34.0000 0.0000 54.0000
  endloop
endfacet
facet normal 0.000000 -1.000000 0.000000
  outer loop
    vertex 34.1357 0.0000 45.0311
    vertex 34.0000 0.0000 54.0000
    vertex 34.0000 0.0000 45.0400
  endloop
endfacet
facet normal 0.000000 1.000000 -0.000000
  outer loop
    vertex 34.1357 9.0000 45.0311
    vertex 34.0000 9.0000 54.0000
    vertex 35.3053 9.0000 53.9144
  endloop
endfacet
facet normal 0.000000 1.000000 0.000000
  outer loop
    vertex 34.1357 9.0000 45.0311
    vertex 34.0000 9.0000 45.0400
    vertex 34.0000 9.0000 54.0000
  endloop
endfacet
facet normal 0.065403 0.000000 0.997859
  outer loop
    vertex 35.3053 0.0000 53.9144
    vertex 34.0000 9.0000 54.0000
    vertex 34.0000 0.0000 54.0000
  endloop
endfacet
facet normal 0.065403 -0.000000 0.997859
  outer loop
    vertex 35.3053 0.0000 53.9144
    vertex 35.3053 9.0000 53.9144
    vertex 34.0000 9.0000 54.0000
  endloop
endfacet
facet normal -0.065403 0.000000 -0.997859
  outer loop
    vertex 34.1357 0.0000 45.0311
    vertex 34.0000 0.0000 45.0400
    vertex 34.0000 9.0000 45.0400
  endloop
endfacet
facet normal -0.065403 0.000000 -0.997859
  outer loop
    vertex 34.1357 0.0000 45.0311
    vertex 34.0000 9.0000 45.0400
    vertex 34.1357 9.0000 45.0311
  endloop
endfacet
facet normal 0.000000 -1.000000 0.000000
  outer loop
    vertex 34.0000 0.0000 45.0400
    vertex 34.0000 0.0000 54.0000
    vertex 32.6947 0.0000 53.9144
  endloop
endfacet
facet normal -0.000000 -1.000000 0.000000
  outer loop
    vertex 34.0000 0.0000 45.0400
    vertex 32.6947 0.0000 53.9144
    vertex 33.8643 0.0000 45.0311
  endloop
endfacet
facet normal 0.000000 1.000000 -0.000000
  outer loop
    vertex 34.0000 9.0000 45.0400
    vertex 32.6947 9.0000 53.9144
    vertex 34.0000 9.0000 54.0000
  endloop
endfacet
facet normal 0.000000 1.000000 0.000000
  outer loop
    vertex 34.0000 9.0000 45.0400
    vertex 33.8643 9.0000 45.0311
    vertex 32.6947 9.0000 53.9144
  endloop
endfacet
facet normal -0.065403 0.000000 0.997859
  outer loop
    vertex 34.0000 0.0000 54.0000
    vertex 32.6947 9.0000 53.9144
    vertex 32.6947 0.0000 53.9144
  endloop
endfacet
facet normal -0.065403 0.000000 0.997859
  outer loop
    vertex 34.0000 0.0000 54.0000
    vertex 34.0000 9.0000 54.0000
    vertex 32.6947 9.0000 53.9144
  endloop
endfacet
facet normal 0.065403 0.000000 -0.997859
  outer loop
    vertex 34.0000 0.0000 45.0400
    vertex 33.8643 0.0000 45.0311
    vertex 33.8643 9.0000 45.0311
  endloop
endfacet
facet normal 0.065403 0.000000 -0.997859
  outer loop
    vertex 34.0000 0.0000 45.0400
    vertex 33.8643 9.0000 45.0311
    vertex 34.0000 9.0000 45.0400
  endloop
endfacet
facet normal 0.000000 -1.000000 0.000000
  outer loop
    vertex 33.8643 0.0000 45.0311
    vertex 32.6947 0.0000 53.9144
    vertex 31.4118 0.0000 53.6593
  endloop
endfacet
facet normal -0.000000 -1.000000 0.000000
  outer loop
    vertex 33.8643 0.0000 45.0311
    vertex 31.4118 0.0000 53.6593
    vertex 33.7308 0.0000 45.0046
  endloop
endfacet
facet normal 0.000000 1.000000 0.000000
  outer loop
    vertex 33.8643 9.0000 45.0311
    vertex 31.4118 9.0000 53.6593
    vertex 32.6947 9.0000 53.9144
  endloop
endfacet
facet normal 0.000000 1.000000 0.000000
  outer loop
    vertex 33.8643 9.0000 45.0311
    vertex 33.7308 9.0000 45.0046
    vertex 31.4118 9.0000 53.6593
  endloop
endfacet
facet normal -0.195090 0.000000 0.980785
  outer loop
    vertex 32.6947 0.0000 53.9144
    vertex 31.4118 9.0000 53.6593
    vertex 31.4118 0.0000 53.6593
  endloop
endfacet
facet normal -0.195090 0.000000 0.980785
  outer loop
    vertex 32.6947 0.0000 53.9144
    vertex 32.6947 9.0000 53.9144
    vertex 31.4118 9.0000 53.6593
  endloop
endfacet
facet normal 0.195090 0.000000 -0.980785
  outer loop
    vertex 33.8643 0.0000 45.0311
    vertex 33.7308 0.0000 45.0046
    vertex 33.7308 9.0000 45.0046
  endloop
endfacet
facet normal 0.195090 0.000000 -0.980785
  outer loop
    vertex 33.8643 0.0000 45.0311
    vertex 33.7308 9.0000 45.0046
    vertex 33.8643 9.0000 45.0311
  endloop
endfacet
facet normal 0.000000 -1.000000 0.000000
  outer loop
    vertex 33.7308 0.0000 45.0046
    vertex 31.4118 0.0000 53.6593
    vertex 30.1732 0.0000 53.2388
  endloop
endfacet
facet normal -0.000000 -1.000000 0.000000
  outer loop
    vertex 33.7308 0.0000 45.0046
    vertex 30.1732 0.0000 53.2388
    vertex 33.6020 0.0000 44.9608
  endloop
endfacet
facet normal 0.000000 1.000000 0.000000
  outer loop
    vertex 33.7308 9.0000 45.0046
    vertex 30.1732 9.0000 53.2388
    vertex 31.4118 9.0000 53.6593
  endloop
endfacet
facet normal 0.000000 1.000000 0.000000
  outer loop
    vertex 33.7308 9.0000 45.0046
    vertex 33.6020 9.0000 44.9608
    vertex 30.1732 9.0000 53.2388
  endloop
endfacet
facet normal -0.321439 0.000000 0.946930
  outer loop
    vertex 31.4118 0.0000 53.6593
    vertex 30.1732 9.0000 53.2388
    vertex 30.1732 0.0000 53.2388
  endloop
endfacet
facet normal -0.321439 0.000000 0.946930
  outer loop
    vertex 31.4118 0.0000 53.6593
    vertex 31.4118 9.0000 53.6593
    vertex 30.1732 9.0000 53.2388
  endloop
endfacet
facet normal 0.321439 0.000000 -0.946930
  outer loop
    vertex 33.7308 0.0000 45.0046
    vertex 33.6020 0.0000 44.9608
    vertex 33.6020 9.0000 44.9608
  endloop
endfacet
facet normal 0.321439 0.000000 -0.946930
  outer loop
    vertex 33.7308 0.0000 45.0046
    vertex 33.6020 9.0000 44.9608
    vertex 33.7308 9.0000 45.0046
  endloop
endfacet
facet normal 0.000000 -1.000000 0.000000
  outer loop
    vertex 33.6020 0.0000 44.9608
    vertex 30.1732 0.0000 53.2388
    vertex 29.0000 0.0000 52.6603
  endloop
endfacet
facet normal -0.000000 -1.000000 0.000000
  outer loop
    vertex 33.6020 0.0000 44.9608
    vertex 29.0000 0.0000 52.6603
    vertex 33.4800 0.0000 44.9007
  endloop
endfacet
facet normal 0.000000 1.000000 0.000000
  outer loop
    vertex 33.6020 9.0000 44.9608
    vertex 29.0000 9.0000 52.6603
    vertex 30.1732 9.0000 53.2388
  endloop
endfacet
facet normal 0.000000 1.000000 0.000000
  outer loop
    vertex 33.6020 9.0000 44.9608
    vertex 33.4800 9.0000 44.9007
    vertex 29.0000 9.0000 52.6603
  endloop
endfacet
facet normal -0.442289 0.000000 0.896873
  outer loop
    vertex 30.1732 0.0000 53.2388
    vertex 29.0000 9.0000 52.6603
    vertex 29.0000 0.0000 52.6603
  endloop
endfacet
facet normal -0.442289 0.000000 0.896873
  outer loop
    vertex 30.1732 0.0000 53.2388
    vertex 30.1732 9.0000 53.2388
    vertex 29.0000 9.0000 52.6603
  endloop
endfacet
facet normal 0.442289 0.000000 -0.896873
  outer loop
    vertex 33.6020 0.0000 44.9608
    vertex 33.4800 0.0000 44.9007
    vertex 33.4800 9.0000 44.9007
  endloop
endfacet
facet normal 0.442289 0.000000 -0.896873
  outer loop
    vertex 33.6020 0.0000 44.9608
    vertex 33.4800 9.0000 44.9007
    vertex 33.6020 9.0000 44.9608
  endloop
endfacet
facet normal 0.000000 -1.000000 0.000000
  outer loop
    vertex 33.4800 0.0000 44.9007
    vertex 29.0000 0.0000 52.6603
    vertex 27.9124 0.0000 51.9335
  endloop
endfacet
facet normal -0.000000 -1.000000 0.000000
  outer loop
    vertex 33.4800 0.0000 44.9007
    vertex 27.9124 0.0000 51.9335
    vertex 33.3669 0.0000 44.8251
  endloop
endfacet
facet normal 0.000000 1.000000 0.000000
  outer loop
    vertex 33.4800 9.0000 44.9007
    vertex 27.9124 9.0000 51.9335
    vertex 29.0000 9.0000 52.6603
  endloop
endfacet
facet normal 0.000000 1.000000 0.000000
  outer loop
    vertex 33.4800 9.0000 44.9007
    vertex 33.3669 9.0000 44.8251
    vertex 27.9124 9.0000 51.9335
  endloop
endfacet
facet normal -0.555570 0.000000 0.831470
  outer loop
    vertex 29.0000 0.0000 52.6603
    vertex 27.9124 9.0000 51.9335
    vertex 27.9124 0.0000 51.9335
  endloop
endfacet
facet normal -0.555570 0.000000 0.831470
  outer loop
    vertex 29.0000 0.0000 52.6603
    vertex 29.0000 9.0000 52.6603
    vertex 27.9124 9.0000 51.9335
  endloop
endfacet
facet normal 0.555570 0.000000 -0.831470
  outer loop
    vertex 33.4800 0.0000 44.9007
    vertex 33.3669 0.0000 44.8251
    vertex 33.3669 9.0000 44.8251
  endloop
endfacet
facet normal 0.555570 0.000000 -0.831470
  outer loop
    vertex 33.4800 0.0000 44.9007
    vertex 33.3669 9.0000 44.8251
    vertex 33.4800 9.0000 44.9007
  endloop
endfacet
facet normal 0.000000 -1.000000 0.000000
  outer loop
    vertex 33.3669 0.0000 44.8251
    vertex 27.9124 0.0000 51.9335
    vertex 26.9289 0.0000 51.0711
  endloop
endfacet
facet normal -0.000000 -1.000000 0.000000
  outer loop
    vertex 33.3669 0.0000 44.8251
    vertex 26.9289 0.0000 51.0711
    vertex 33.2646 0.0000 44.7354
  endloop
endfacet
facet normal 0.000000 1.000000 0.000000
  outer loop
    vertex 33.3669 9.0000 44.8251
    vertex 26.9289 9.0000 51.0711
    vertex 27.9124 9.0000 51.9335
  endloop
endfacet
facet normal 0.000000 1.000000 0.000000
  outer loop
    vertex 33.3669 9.0000 44.8251
    vertex 33.2646 9.0000 44.7354
    vertex 26.9289 9.0000 51.0711
  endloop
endfacet
facet normal -0.659346 0.000000 0.751840
  outer loop
    vertex 27.9124 0.0000 51.9335
    vertex 26.9289 9.0000 51.0711
    vertex 26.9289 0.0000 51.0711
  endloop
endfacet
facet normal -0.659346 0.000000 0.751840
  outer loop
    vertex 27.9124 0.0000 51.9335
    vertex 27.9124 9.0000 51.9335
    vertex 26.9289 9.0000 51.0711
  endloop
endfacet
facet normal 0.659346 0.000000 -0.751840
  outer loop
    vertex 33.3669 0.0000 44.8251
    vertex 33.2646 0.0000 44.7354
    vertex 33.2646 9.0000 44.7354
  endloop
endfacet
facet normal 0.659346 0.000000 -0.751840
  outer loop
    vertex 33.3669 0.0000 44.8251
    vertex 33.2646 9.0000 44.7354
    vertex 33.3669 9.0000 44.8251
  endloop
endfacet
facet normal 0.000000 -1.000000 0.000000
  outer loop
    vertex 33.2646 0.0000 44.7354
    vertex 26.9289 0.0000 51.0711
    vertex 26.0665 0.0000 50.0876
  endloop
endfacet
facet normal -0.000000 -1.000000 0.000000
  outer loop
    vertex 33.2646 0.0000 44.7354
    vertex 26.0665 0.0000 50.0876
    vertex 33.1749 0.0000 44.6331
  endloop
endfacet
facet normal 0.000000 1.000000 0.000000
  outer loop
    vertex 33.2646 9.0000 44.7354
    vertex 26.0665 9.0000 50.0876
    vertex 26.9289 9.0000 51.0711
  endloop
endfacet
facet normal 0.000000 1.000000 0.000000
  outer loop
    vertex 33.2646 9.0000 44.7354
    vertex 33.1749 9.0000 44.6331
    vertex 26.0665 9.0000 50.0876
  endloop
endfacet
facet normal -0.751840 0.000000 0.659346
  outer loop
    vertex 26.9289 0.0000 51.0711
    vertex 26.0665 9.0000 50.0876
    vertex 26.0665 0.0000 50.0876
  endloop
endfacet
facet normal -0.751840 0.000000 0.659346
  outer loop
    vertex 26.9289 0.0000 51.0711
    vertex 26.9289 9.0000 51.0711
    vertex 26.0665 9.0000 50.0876
  endloop
endfacet
facet normal 0.751840 0.000000 -0.659346
  outer loop
    vertex 33.2646 0.0000 44.7354
    vertex 33.1749 0.0000 44.6331
    vertex 33.1749 9.0000 44.6331
  endloop
endfacet
facet normal 0.751840 0.000000 -0.659346
  outer loop
    vertex 33.2646 0.0000 44.7354
    vertex 33.1749 9.0000 44.6331
    vertex 33.2646 9.0000 44.7354
  endloop
endfacet
facet normal 0.000000 -1.000000 0.000000
  outer loop
    vertex 33.1749 0.0000 44.6331
    vertex 26.0665 0.0000 50.0876
    vertex 25.3397 0.0000 49.0000
  endloop
endfacet
facet normal -0.000000 -1.000000 0.000000
  outer loop
    vertex 33.1749 0.0000 44.6331
    vertex 25.3397 0.0000 49.0000
    vertex 33.0993 0.0000 44.5200
  endloop
endfacet
facet normal 0.000000 1.000000 0.000000
  outer loop
    vertex 33.1749 9.0000 44.6331
    vertex 25.3397 9.0000 49.0000
    vertex 26.0665 9.0000 50.0876
  endloop
endfacet
facet normal 0.000000 1.000000 0.000000
  outer loop
    vertex 33.1749 9.0000 44.6331
    vertex 33.0993 9.0000 44.5200
    vertex 25.3397 9.0000 49.0000
  endloop
endfacet
facet normal -0.831470 0.000000 0.555570
  outer loop
    vertex 26.0665 0.0000 50.0876
    vertex 25.3397 9.0000 49.0000
    vertex 25.3397 0.0000 49.0000
  endloop
endfacet
facet normal -0.831470 0.000000 0.555570
  outer loop
    vertex 26.0665 0.0000 50.0876
    vertex 26.0665 9.0000 50.0876
    vertex 25.3397 9.0000 49.0000
  endloop
endfacet
facet normal 0.831470 0.000000 -0.555570
  outer loop
    vertex 33.1749 0.0000 44.6331
    vertex 33.0993 0.0000 44.5200
    vertex 33.0993 9.0000 44.5200
  endloop
endfacet
facet normal 0.831470 0.000000 -0.555570
  outer loop
    vertex 33.1749 0.0000 44.6331
    vertex 33.0993 9.0000 44.5200
    vertex 33.1749 9.0000 44.6331
  endloop
endfacet
facet normal 0.000000 -1.000000 0.000000
  outer loop
    vertex 33.0993 0.0000 44.5200
    vertex 25.3397 0.0000 49.0000
    vertex 24.7612 0.0000 47.8268
  endloop
endfacet
facet normal -0.000000 -1.000000 0.000000
  outer loop
    vertex 33.0993 0.0000 44.5200
    vertex 24.7612 0.0000 47.8268
    vertex 33.0392 0.0000 44.3980
  endloop
endfacet
facet normal 0.000000 1.000000 0.000000
  outer loop
    vertex 33.0993 9.0000 44.5200
    vertex 24.7612 9.0000 47.8268
    vertex 25.3397 9.0000 49.0000
  endloop
endfacet
facet normal 0.000000 1.000000 0.000000
  outer loop
    vertex 33.0993 9.0000 44.5200
    vertex 33.0392 9.0000 44.3980
    vertex 24.7612 9.0000 47.8268
  endloop
endfacet
facet normal -0.896873 0.000000 0.442289
  outer loop
    vertex 25.3397 0.0000 49.0000
    vertex 24.7612 9.0000 47.8268
    vertex 24.7612 0.0000 47.8268
  endloop
endfacet
facet normal -0.896873 0.000000 0.442289
  outer loop
    vertex 25.3397 0.0000 49.0000
    vertex 25.3397 9.0000 49.0000
    vertex 24.7612 9.0000 47.8268
  endloop
endfacet
facet normal 0.896873 0.000000 -0.442289
  outer loop
    vertex 33.0993 0.0000 44.5200
    vertex 33.0392 0.0000 44.3980
    vertex 33.0392 9.0000 44.3980
  endloop
endfacet
facet normal 0.896873 0.000000 -0.442289
  outer loop
    vertex 33.0993 0.0000 44.5200
    vertex 33.0392 9.0000 44.3980
    vertex 33.0993 9.0000 44.5200
  endloop
endfacet
facet normal 0.000000 -1.000000 0.000000
  outer loop
    vertex 33.0392 0.0000 44.3980
    vertex 24.7612 0.0000 47.8268
    vertex 24.3407 0.0000 46.5882
  endloop
endfacet
facet normal -0.000000 -1.000000 0.000000
  outer loop
    vertex 33.0392 0.0000 44.3980
    vertex 24.3407 0.0000 46.5882
    vertex 32.9954 0.0000 44.2692
  endloop
endfacet
facet normal 0.000000 1.000000 0.000000
  outer loop
    vertex 33.0392 9.0000 44.3980
    vertex 24.3407 9.0000 46.5882
    vertex 24.7612 9.0000 47.8268
  endloop
endfacet
facet normal 0.000000 1.000000 0.000000
  outer loop
    vertex 33.0392 9.0000 44.3980
    vertex 32.9954 9.0000 44.2692
    vertex 24.3407 9.0000 46.5882
  endloop
endfacet
facet normal -0.946930 0.000000 0.321439
  outer loop
    vertex 24.7612 0.0000 47.8268
    vertex 24.3407 9.0000 46.5882
    vertex 24.3407 0.0000 46.5882
  endloop
endfacet
facet normal -0.946930 0.000000 0.321439
  outer loop
    vertex 24.7612 0.0000 47.8268
    vertex 24.7612 9.0000 47.8268
    vertex 24.3407 9.0000 46.5882
  endloop
endfacet
facet normal 0.946930 0.000000 -0.321439
  outer loop
    vertex 33.0392 0.0000 44.3980
    vertex 32.9954 0.0000 44.2692
    vertex 32.9954 9.0000 44.2692
  endloop
endfacet
facet normal 0.946930 0.000000 -0.321439
  outer loop
    vertex 33.0392 0.0000 44.3980
    vertex 32.9954 9.0000 44.2692
    vertex 33.0392 9.0000 44.3980
  endloop
endfacet
facet normal 0.000000 -1.000000 0.000000
  outer loop
    vertex 32.9954 0.0000 44.2692
    vertex 24.3407 0.0000 46.5882
    vertex 24.0856 0.0000 45.3053
  endloop
endfacet
facet normal -0.000000 -1.000000 0.000000
  outer loop
    vertex 32.9954 0.0000 44.2692
    vertex 24.0856 0.0000 45.3053
    vertex 32.9689 0.0000 44.1357
  endloop
endfacet
facet normal 0.000000 1.000000 0.000000
  outer loop
    vertex 32.9954 9.0000 44.2692
    vertex 24.0856 9.0000 45.3053
    vertex 24.3407 9.0000 46.5882
  endloop
endfacet
facet normal 0.000000 1.000000 0.000000
  outer loop
    vertex 32.9954 9.0000 44.2692
    vertex 32.9689 9.0000 44.1357
    vertex 24.0856 9.0000 45.3053
  endloop
endfacet
facet normal -0.980785 0.000000 0.195090
  outer loop
    vertex 24.3407 0.0000 46.5882
    vertex 24.0856 9.0000 45.3053
    vertex 24.0856 0.0000 45.3053
  endloop
endfacet
facet normal -0.980785 0.000000 0.195090
  outer loop
    vertex 24.3407 0.0000 46.5882
    vertex 24.3407 9.0000 46.5882
    vertex 24.0856 9.0000 45.3053
  endloop
endfacet
facet normal 0.980785 0.000000 -0.195090
  outer loop
    vertex 32.9954 0.0000 44.2692
    vertex 32.9689 0.0000 44.1357
    vertex 32.9689 9.0000 44.1357
  endloop
endfacet
facet normal 0.980785 0.000000 -0.195090
  outer loop
    vertex 32.9954 0.0000 44.2692
    vertex 32.9689 9.0000 44.1357
    vertex 32.9954 9.0000 44.2692
  endloop
endfacet
facet normal -0.000000 -1.000000 0.000000
  outer loop
    vertex 32.9689 0.0000 44.1357
    vertex 24.0856 0.0000 45.3053
    vertex 24.0000 0.0000 44.0000
  endloop
endfacet
facet normal 0.000000 -1.000000 0.000000
  outer loop
    vertex 32.9689 0.0000 44.1357
    vertex 24.0000 0.0000 44.0000
    vertex 32.9600 0.0000 44.0000
  endloop
endfacet
facet normal 0.000000 1.000000 0.000000
  outer loop
    vertex 32.9689 9.0000 44.1357
    vertex 24.0000 9.0000 44.0000
    vertex 24.0856 9.0000 45.3053
  endloop
endfacet
facet normal 0.000000 1.000000 0.000000
  outer loop
    vertex 32.9689 9.0000 44.1357
    vertex 32.9600 9.0000 44.0000
    vertex 24.0000 9.0000 44.0000
  endloop
endfacet
facet normal -0.997859 0.000000 0.065403
  outer loop
    vertex 24.0856 0.0000 45.3053
    vertex 24.0000 9.0000 44.0000
    vertex 24.0000 0.0000 44.0000
  endloop
endfacet
facet normal -0.997859 0.000000 0.065403
  outer loop
    vertex 24.0856 0.0000 45.3053
    vertex 24.0856 9.0000 45.3053
    vertex 24.0000 9.0000 44.0000
  endloop
endfacet
facet normal 0.997859 0.000000 -0.065403
  outer loop
    vertex 32.9689 0.0000 44.1357
    vertex 32.9600 0.0000 44.0000
    vertex 32.9600 9.0000 44.0000
  endloop
endfacet
facet normal 0.997859 0.000000 -0.065403
  outer loop
    vertex 32.9689 0.0000 44.1357
    vertex 32.9600 9.0000 44.0000
    vertex 32.9689 9.0000 44.1357
  endloop
endfacet
facet normal -0.000000 -1.000000 0.000000
  outer loop
    vertex 32.9600 0.0000 44.0000
    vertex 24.0000 0.0000 44.0000
    vertex 24.0856 0.0000 42.6947
  endloop
endfacet
facet normal 0.000000 -1.000000 -0.000000
  outer loop
    vertex 32.9600 0.0000 44.0000
    vertex 24.0856 0.0000 42.6947
    vertex 32.9689 0.0000 43.8643
  endloop
endfacet
facet normal 0.000000 1.000000 0.000000
  outer loop
    vertex 32.9600 9.0000 44.0000
    vertex 24.0856 9.0000 42.6947
    vertex 24.0000 9.0000 44.0000
  endloop
endfacet
facet normal 0.000000 1.000000 0.000000
  outer loop
    vertex 32.9600 9.0000 44.0000
    vertex 32.9689 9.0000 43.8643
    vertex 24.0856 9.0000 42.6947
  endloop
endfacet
facet normal -0.997859 0.000000 -0.065403
  outer loop
    vertex 24.0000 0.0000 44.0000
    vertex 24.0856 9.0000 42.6947
    vertex 24.0856 0.0000 42.6947
  endloop
endfacet
facet normal -0.997859 0.000000 -0.065403
  outer loop
    vertex 24.0000 0.0000 44.0000
    vertex 24.0000 9.0000 44.0000
    vertex 24.0856 9.0000 42.6947
  endloop
endfacet
facet normal 0.997859 0.000000 0.065403
  outer loop
    vertex 32.9600 0.0000 44.0000
    vertex 32.9689 0.0000 43.8643
    vertex 32.9689 9.0000 43.8643
  endloop
endfacet
facet normal 0.997859 -0.000000 0.065403
  outer loop
    vertex 32.9600 0.0000 44.0000
    vertex 32.9689 9.0000 43.8643
    vertex 32.9600 9.0000 44.0000
  endloop
endfacet
facet normal 0.000000 -1.000000 0.000000
  outer loop
    vertex 32.9689 0.0000 43.8643
    vertex 24.0856 0.0000 42.6947
    vertex 24.3407 0.0000 41.4118
  endloop
endfacet
facet normal 0.000000 -1.000000 -0.000000
  outer loop
    vertex 32.9689 0.0000 43.8643
    vertex 24.3407 0.0000 41.4118
    vertex 32.9954 0.0000 43.7308
  endloop
endfacet
facet normal 0.000000 1.000000 0.000000
  outer loop
    vertex 32.9689 9.0000 43.8643
    vertex 24.3407 9.0000 41.4118
    vertex 24.0856 9.0000 42.6947
  endloop
endfacet
facet normal 0.000000 1.000000 0.000000
  outer loop
    vertex 32.9689 9.0000 43.8643
    vertex 32.9954 9.0000 43.7308
    vertex 24.3407 9.0000 41.4118
  endloop
endfacet
facet normal -0.980785 0.000000 -0.195090
  outer loop
    vertex 24.0856 0.0000 42.6947
    vertex 24.3407 9.0000 41.4118
    vertex 24.3407 0.0000 41.4118
  endloop
endfacet
facet normal -0.980785 0.000000 -0.195090
  outer loop
    vertex 24.0856 0.0000 42.6947
    vertex 24.0856 9.0000 42.6947
    vertex 24.3407 9.0000 41.4118
  endloop
endfacet
facet normal 0.980785 0.000000 0.195090
  outer loop
    vertex 32.9689 0.0000 43.8643
    vertex 32.9954 0.0000 43.7308
    vertex 32.9954 9.0000 43.7308
  endloop
endfacet
facet normal 0.980785 -0.000000 0.195090
  outer loop
    vertex 32.9689 0.0000 43.8643
    vertex 32.9954 9.0000 43.7308
    vertex 32.9689 9.0000 43.8643
  endloop
endfacet
facet normal 0.000000 -1.000000 0.000000
  outer loop
    vertex 32.9954 0.0000 43.7308
    vertex 24.3407 0.0000 41.4118
    vertex 24.7612 0.0000 40.1732
  endloop
endfacet
facet normal 0.000000 -1.000000 -0.000000
  outer loop
    vertex 32.9954 0.0000 43.7308
    vertex 24.7612 0.0000 40.1732
    vertex 33.0392 0.0000 43.6020
  endloop
endfacet
facet normal 0.000000 1.000000 0.000000
  outer loop
    vertex 32.9954 9.0000 43.7308
    vertex 24.7612 9.0000 40.1732
    vertex 24.3407 9.0000 41.4118
  endloop
endfacet
facet normal 0.000000 1.000000 0.000000
  outer loop
    vertex 32.9954 9.0000 43.7308
    vertex 33.0392 9.0000 43.6020
    vertex 24.7612 9.0000 40.1732
  endloop
endfacet
facet normal -0.946930 0.000000 -0.321439
  outer loop
    vertex 24.3407 0.0000 41.4118
    vertex 24.7612 9.0000 40.1732
    vertex 24.7612 0.0000 40.1732
  endloop
endfacet
facet normal -0.946930 0.000000 -0.321439
  outer loop
    vertex 24.3407 0.0000 41.4118
    vertex 24.3407 9.0000 41.4118
    vertex 24.7612 9.0000 40.1732
  endloop
endfacet
facet normal 0.946930 0.000000 0.321439
  outer loop
    vertex 32.9954 0.0000 43.7308
    vertex 33.0392 0.0000 43.6020
    vertex 33.0392 9.0000 43.6020
  endloop
endfacet
facet normal 0.946930 -0.000000 0.321439
  outer loop
    vertex 32.9954 0.0000 43.7308
    vertex 33.0392 9.0000 43.6020
    vertex 32.9954 9.0000 43.7308
  endloop
endfacet
facet normal 0.000000 -1.000000 0.000000
  outer loop
    vertex 33.0392 0.0000 43.6020
    vertex 24.7612 0.0000 40.1732
    vertex 25.3397 0.0000 39.0000
  endloop
endfacet
facet normal 0.000000 -1.000000 -0.000000
  outer loop
    vertex 33.0392 0.0000 43.6020
    vertex 25.3397 0.0000 39.0000
    vertex 33.0993 0.0000 43.4800
  endloop
endfacet
facet normal 0.000000 1.000000 0.000000
  outer loop
    vertex 33.0392 9.0000 43.6020
    vertex 25.3397 9.0000 39.0000
    vertex 24.7612 9.0000 40.1732
  endloop
endfacet
facet normal 0.000000 1.000000 0.000000
  outer loop
    vertex 33.0392 9.0000 43.6020
    vertex 33.0993 9.0000 43.4800
    vertex 25.3397 9.0000 39.0000
  endloop
endfacet
facet normal -0.896873 0.000000 -0.442289
  outer loop
    vertex 24.7612 0.0000 40.1732
    vertex 25.3397 9.0000 39.0000
    vertex 25.3397 0.0000 39.0000
  endloop
endfacet
facet normal -0.896873 0.000000 -0.442289
  outer loop
    vertex 24.7612 0.0000 40.1732
    vertex 24.7612 9.0000 40.1732
    vertex 25.3397 9.0000 39.0000
  endloop
endfacet
facet normal 0.896873 0.000000 0.442289
  outer loop
    vertex 33.0392 0.0000 43.6020
    vertex 33.0993 0.0000 43.4800
    vertex 33.0993 9.0000 43.4800
  endloop
endfacet
facet normal 0.896873 -0.000000 0.442289
  outer loop
    vertex 33.0392 0.0000 43.6020
    vertex 33.0993 9.0000 43.4800
    vertex 33.0392 9.0000 43.6020
  endloop
endfacet
facet normal 0.000000 -1.000000 0.000000
  outer loop
    vertex 33.0993 0.0000 43.4800
    vertex 25.3397 0.0000 39.0000
    vertex 26.0665 0.0000 37.9124
  endloop
endfacet
facet normal 0.000000 -1.000000 -0.000000
  outer loop
    vertex 33.0993 0.0000 43.4800
    vertex 26.0665 0.0000 37.9124
    vertex 33.1749 0.0000 43.3669
  endloop
endfacet
facet normal 0.000000 1.000000 0.000000
  outer loop
    vertex 33.0993 9.0000 43.4800
    vertex 26.0665 9.0000 37.9124
    vertex 25.3397 9.0000 39.0000
  endloop
endfacet
facet normal 0.000000 1.000000 0.000000
  outer loop
    vertex 33.0993 9.0000 43.4800
    vertex 33.1749 9.0000 43.3669
    vertex 26.0665 9.0000 37.9124
  endloop
endfacet
facet normal -0.831470 0.000000 -0.555570
  outer loop
    vertex 25.3397 0.0000 39.0000
    vertex 26.0665 9.0000 37.9124
    vertex 26.0665 0.0000 37.9124
  endloop
endfacet
facet normal -0.831470 0.000000 -0.555570
  outer loop
    vertex 25.3397 0.0000 39.0000
    vertex 25.3397 9.0000 39.0000
    vertex 26.0665 9.0000 37.9124
  endloop
endfacet
facet normal 0.831470 0.000000 0.555570
  outer loop
    vertex 33.0993 0.0000 43.4800
    vertex 33.1749 0.0000 43.3669
    vertex 33.1749 9.0000 43.3669
  endloop
endfacet
facet normal 0.831470 -0.000000 0.555570
  outer loop
    vertex 33.0993 0.0000 43.4800
    vertex 33.1749 9.0000 43.3669
    vertex 33.0993 9.0000 43.4800
  endloop
endfacet
facet normal 0.000000 -1.000000 0.000000
  outer loop
    vertex 33.1749 0.0000 43.3669
    vertex 26.0665 0.0000 37.9124
    vertex 26.9289 0.0000 36.9289
  endloop
endfacet
facet normal 0.000000 -1.000000 -0.000000
  outer loop
    vertex 33.1749 0.0000 43.3669
    vertex 26.9289 0.0000 36.9289
    vertex 33.2646 0.0000 43.2646
  endloop
endfacet
facet normal 0.000000 1.000000 0.000000
  outer loop
    vertex 33.1749 9.0000 43.3669
    vertex 26.9289 9.0000 36.9289
    vertex 26.0665 9.0000 37.9124
  endloop
endfacet
facet normal 0.000000 1.000000 0.000000
  outer loop
    vertex 33.1749 9.0000 43.3669
    vertex 33.2646 9.0000 43.2646
    vertex 26.9289 9.0000 36.9289
  endloop
endfacet
facet normal -0.751840 0.000000 -0.659346
  outer loop
    vertex 26.0665 0.0000 37.9124
    vertex 26.9289 9.0000 36.9289
    vertex 26.9289 0.0000 36.9289
  endloop
endfacet
facet normal -0.751840 0.000000 -0.659346
  outer loop
    vertex 26.0665 0.0000 37.9124
    vertex 26.0665 9.0000 37.9124
    vertex 26.9289 9.0000 36.9289
  endloop
endfacet
facet normal 0.751840 0.000000 0.659346
  outer loop
    vertex 33.1749 0.0000 43.3669
    vertex 33.2646 0.0000 43.2646
    vertex 33.2646 9.0000 43.2646
  endloop
endfacet
facet normal 0.751840 -0.000000 0.659346
  outer loop
    vertex 33.1749 0.0000 43.3669
    vertex 33.2646 9.0000 43.2646
    vertex 33.1749 9.0000 43.3669
  endloop
endfacet
facet normal 0.000000 -1.000000 0.000000
  outer loop
    vertex 33.2646 0.0000 43.2646
    vertex 26.9289 0.0000 36.9289
    vertex 27.9124 0.0000 36.0665
  endloop
endfacet
facet normal 0.000000 -1.000000 -0.000000
  outer loop
    vertex 33.2646 0.0000 43.2646
    vertex 27.9124 0.0000 36.0665
    vertex 33.3669 0.0000 43.1749
  endloop
endfacet
facet normal 0.000000 1.000000 0.000000
  outer loop
    vertex 33.2646 9.0000 43.2646
    vertex 27.9124 9.0000 36.0665
    vertex 26.9289 9.0000 36.9289
  endloop
endfacet
facet normal 0.000000 1.000000 0.000000
  outer loop
    vertex 33.2646 9.0000 43.2646
    vertex 33.3669 9.0000 43.1749
    vertex 27.9124 9.0000 36.0665
  endloop
endfacet
facet normal -0.659346 0.000000 -0.751840
  outer loop
    vertex 26.9289 0.0000 36.9289
    vertex 27.9124 9.0000 36.0665
    vertex 27.9124 0.0000 36.0665
  endloop
endfacet
facet normal -0.659346 0.000000 -0.751840
  outer loop
    vertex 26.9289 0.0000 36.9289
    vertex 26.9289 9.0000 36.9289
    vertex 27.9124 9.0000 36.0665
  endloop
endfacet
facet normal 0.659346 0.000000 0.751840
  outer loop
    vertex 33.2646 0.0000 43.2646
    vertex 33.3669 0.0000 43.1749
    vertex 33.3669 9.0000 43.1749
  endloop
endfacet
facet normal 0.659346 -0.000000 0.751840
  outer loop
    vertex 33.2646 0.0000 43.2646
    vertex 33.3669 9.0000 43.1749
    vertex 33.2646 9.0000 43.2646
  endloop
endfacet
facet normal 0.000000 -1.000000 0.000000
  outer loop
    vertex 33.3669 0.0000 43.1749
    vertex 27.9124 0.0000 36.0665
    vertex 29.0000 0.0000 35.3397
  endloop
endfacet
facet normal 0.000000 -1.000000 -0.000000
  outer loop
    vertex 33.3669 0.0000 43.1749
    vertex 29.0000 0.0000 35.3397
    vertex 33.4800 0.0000 43.0993
  endloop
endfacet
facet normal 0.000000 1.000000 0.000000
  outer loop
    vertex 33.3669 9.0000 43.1749
    vertex 29.0000 9.0000 35.3397
    vertex 27.9124 9.0000 36.0665
  endloop
endfacet
facet normal 0.000000 1.000000 0.000000
  outer loop
    vertex 33.3669 9.0000 43.1749
    vertex 33.4800 9.0000 43.0993
    vertex 29.0000 9.0000 35.3397
  endloop
endfacet
facet normal -0.555570 0.000000 -0.831470
  outer loop
    vertex 27.9124 0.0000 36.0665
    vertex 29.0000 9.0000 35.3397
    vertex 29.0000 0.0000 35.3397
  endloop
endfacet
facet normal -0.555570 0.000000 -0.831470
  outer loop
    vertex 27.9124 0.0000 36.0665
    vertex 27.9124 9.0000 36.0665
    vertex 29.0000 9.0000 35.3397
  endloop
endfacet
facet normal 0.555570 0.000000 0.831470
  outer loop
    vertex 33.3669 0.0000 43.1749
    vertex 33.4800 0.0000 43.0993
    vertex 33.4800 9.0000 43.0993
  endloop
endfacet
facet normal 0.555570 -0.000000 0.831470
  outer loop
    vertex 33.3669 0.0000 43.1749
    vertex 33.4800 9.0000 43.0993
    vertex 33.3669 9.0000 43.1749
  endloop
endfacet
facet normal 0.000000 -1.000000 0.000000
  outer loop
    vertex 33.4800 0.0000 43.0993
    vertex 29.0000 0.0000 35.3397
    vertex 30.1732 0.0000 34.7612
  endloop
endfacet
facet normal 0.000000 -1.000000 -0.000000
  outer loop
    vertex 33.4800 0.0000 43.0993
    vertex 30.1732 0.0000 34.7612
    vertex 33.6020 0.0000 43.0392
  endloop
endfacet
facet normal 0.000000 1.000000 0.000000
  outer loop
    vertex 33.4800 9.0000 43.0993
    vertex 30.1732 9.0000 34.7612
    vertex 29.0000 9.0000 35.3397
  endloop
endfacet
facet normal 0.000000 1.000000 0.000000
  outer loop
    vertex 33.4800 9.0000 43.0993
    vertex 33.6020 9.0000 43.0392
    vertex 30.1732 9.0000 34.7612
  endloop
endfacet
facet normal -0.442289 0.000000 -0.896873
  outer loop
    vertex 29.0000 0.0000 35.3397
    vertex 30.1732 9.0000 34.7612
    vertex 30.1732 0.0000 34.7612
  endloop
endfacet
facet normal -0.442289 0.000000 -0.896873
  outer loop
    vertex 29.0000 0.0000 35.3397
    vertex 29.0000 9.0000 35.3397
    vertex 30.1732 9.0000 34.7612
  endloop
endfacet
facet normal 0.442289 0.000000 0.896873
  outer loop
    vertex 33.4800 0.0000 43.0993
    vertex 33.6020 0.0000 43.0392
    vertex 33.6020 9.0000 43.0392
  endloop
endfacet
facet normal 0.442289 -0.000000 0.896873
  outer loop
    vertex 33.4800 0.0000 43.0993
    vertex 33.6020 9.0000 43.0392
    vertex 33.4800 9.0000 43.0993
  endloop
endfacet
facet normal 0.000000 -1.000000 0.000000
  outer loop
    vertex 33.6020 0.0000 43.0392
    vertex 30.1732 0.0000 34.7612
    vertex 31.4118 0.0000 34.3407
  endloop
endfacet
facet normal 0.000000 -1.000000 -0.000000
  outer loop
    vertex 33.6020 0.0000 43.0392
    vertex 31.4118 0.0000 34.3407
    vertex 33.7308 0.0000 42.9954
  endloop
endfacet
facet normal 0.000000 1.000000 0.000000
  outer loop
    vertex 33.6020 9.0000 43.0392
    vertex 31.4118 9.0000 34.3407
    vertex 30.1732 9.0000 34.7612
  endloop
endfacet
facet normal 0.000000 1.000000 0.000000
  outer loop
    vertex 33.6020 9.0000 43.0392
    vertex 33.7308 9.0000 42.9954
    vertex 31.4118 9.0000 34.3407
  endloop
endfacet
facet normal -0.321439 0.000000 -0.946930
  outer loop
    vertex 30.1732 0.0000 34.7612
    vertex 31.4118 9.0000 34.3407
    vertex 31.4118 0.0000 34.3407
  endloop
endfacet
facet normal -0.321439 0.000000 -0.946930
  outer loop
    vertex 30.1732 0.0000 34.7612
    vertex 30.1732 9.0000 34.7612
    vertex 31.4118 9.0000 34.3407
  endloop
endfacet
facet normal 0.321439 0.000000 0.946930
  outer loop
    vertex 33.6020 0.0000 43.0392
    vertex 33.7308 0.0000 42.9954
    vertex 33.7308 9.0000 42.9954
  endloop
endfacet
facet normal 0.321439 -0.000000 0.946930
  outer loop
    vertex 33.6020 0.0000 43.0392
    vertex 33.7308 9.0000 42.9954
    vertex 33.6020 9.0000 43.0392
  endloop
endfacet
facet normal 0.000000 -1.000000 0.000000
  outer loop
    vertex 33.7308 0.0000 42.9954
    vertex 31.4118 0.0000 34.3407
    vertex 32.6947 0.0000 34.0856
  endloop
endfacet
facet normal 0.000000 -1.000000 -0.000000
  outer loop
    vertex 33.7308 0.0000 42.9954
    vertex 32.6947 0.0000 34.0856
    vertex 33.8643 0.0000 42.9689
  endloop
endfacet
facet normal 0.000000 1.000000 0.000000
  outer loop
    vertex 33.7308 9.0000 42.9954
    vertex 32.6947 9.0000 34.0856
    vertex 31.4118 9.0000 34.3407
  endloop
endfacet
facet normal 0.000000 1.000000 0.000000
  outer loop
    vertex 33.7308 9.0000 42.9954
    vertex 33.8643 9.0000 42.9689
    vertex 32.6947 9.0000 34.0856
  endloop
endfacet
facet normal -0.195090 0.000000 -0.980785
  outer loop
    vertex 31.4118 0.0000 34.3407
    vertex 32.6947 9.0000 34.0856
    vertex 32.6947 0.0000 34.0856
  endloop
endfacet
facet normal -0.195090 0.000000 -0.980785
  outer loop
    vertex 31.4118 0.0000 34.3407
    vertex 31.4118 9.0000 34.3407
    vertex 32.6947 9.0000 34.0856
  endloop
endfacet
facet normal 0.195090 0.000000 0.980785
  outer loop
    vertex 33.7308 0.0000 42.9954
    vertex 33.8643 0.0000 42.9689
    vertex 33.8643 9.0000 42.9689
  endloop
endfacet
facet normal 0.195090 -0.000000 0.980785
  outer loop
    vertex 33.7308 0.0000 42.9954
    vertex 33.8643 9.0000 42.9689
    vertex 33.7308 9.0000 42.9954
  endloop
endfacet
facet normal 0.000000 -1.000000 -0.000000
  outer loop
    vertex 33.8643 0.0000 42.9689
    vertex 32.6947 0.0000 34.0856
    vertex 34.0000 0.0000 34.0000
  endloop
endfacet
facet normal 0.000000 -1.000000 0.000000
  outer loop
    vertex 33.8643 0.0000 42.9689
    vertex 34.0000 0.0000 34.0000
    vertex 34.0000 0.0000 42.9600
  endloop
endfacet
facet normal 0.000000 1.000000 0.000000
  outer loop
    vertex 33.8643 9.0000 42.9689
    vertex 34.0000 9.0000 34.0000
    vertex 32.6947 9.0000 34.0856
  endloop
endfacet
facet normal 0.000000 1.000000 0.000000
  outer loop
    vertex 33.8643 9.0000 42.9689
    vertex 34.0000 9.0000 42.9600
    vertex 34.0000 9.0000 34.0000
  endloop
endfacet
facet normal -0.065403 0.000000 -0.997859
  outer loop
    vertex 32.6947 0.0000 34.0856
    vertex 34.0000 9.0000 34.0000
    vertex 34.0000 0.0000 34.0000
  endloop
endfacet
facet normal -0.065403 0.000000 -0.997859
  outer loop
    vertex 32.6947 0.0000 34.0856
    vertex 32.6947 9.0000 34.0856
    vertex 34.0000 9.0000 34.0000
  endloop
endfacet
facet normal 0.065403 0.000000 0.997859
  outer loop
    vertex 33.8643 0.0000 42.9689
    vertex 34.0000 0.0000 42.9600
    vertex 34.0000 9.0000 42.9600
  endloop
endfacet
facet normal 0.065403 -0.000000 0.997859
  outer loop
    vertex 33.8643 0.0000 42.9689
    vertex 34.0000 9.0000 42.9600
    vertex 33.8643 9.0000 42.9689
  endloop
endfacet
facet normal 0.000000 -1.000000 0.000000
  outer loop
    vertex 34.0000 0.0000 42.9600
    vertex 34.0000 0.0000 34.0000
    vertex 35.3053 0.0000 34.0856
  endloop
endfacet
facet normal 0.000000 -1.000000 0.000000
  outer loop
    vertex 34.0000 0.0000 42.9600
    vertex 35.3053 0.0000 34.0856
    vertex 34.1357 0.0000 42.9689
  endloop
endfacet
facet normal 0.000000 1.000000 0.000000
  outer loop
    vertex 34.0000 9.0000 42.9600
    vertex 35.3053 9.0000 34.0856
    vertex 34.0000 9.0000 34.0000
  endloop
endfacet
facet normal -0.000000 1.000000 0.000000
  outer loop
    vertex 34.0000 9.0000 42.9600
    vertex 34.1357 9.0000 42.9689
    vertex 35.3053 9.0000 34.0856
  endloop
endfacet
facet normal 0.065403 0.000000 -0.997859
  outer loop
    vertex 34.0000 0.0000 34.0000
    vertex 35.3053 9.0000 34.0856
    vertex 35.3053 0.0000 34.0856
  endloop
endfacet
facet normal 0.065403 0.000000 -0.997859
  outer loop
    vertex 34.0000 0.0000 34.0000
    vertex 34.0000 9.0000 34.0000
    vertex 35.3053 9.0000 34.0856
  endloop
endfacet
facet normal -0.065403 0.000000 0.997859
  outer loop
    vertex 34.0000 0.0000 42.9600
    vertex 34.1357 0.0000 42.9689
    vertex 34.1357 9.0000 42.9689
  endloop
endfacet
facet normal -0.065403 0.000000 0.997859
  outer loop
    vertex 34.0000 0.0000 42.9600
    vertex 34.1357 9.0000 42.9689
    vertex 34.0000 9.0000 42.9600
  endloop
endfacet
facet normal 0.000000 -1.000000 0.000000
  outer loop
    vertex 34.1357 0.0000 42.9689
    vertex 35.3053 0.0000 34.0856
    vertex 36.5882 0.0000 34.3407
  endloop
endfacet
facet normal 0.000000 -1.000000 0.000000
  outer loop
    vertex 34.1357 0.0000 42.9689
    vertex 36.5882 0.0000 34.3407
    vertex 34.2692 0.0000 42.9954
  endloop
endfacet
facet normal 0.000000 1.000000 0.000000
  outer loop
    vertex 34.1357 9.0000 42.9689
    vertex 36.5882 9.0000 34.3407
    vertex 35.3053 9.0000 34.0856
  endloop
endfacet
facet normal -0.000000 1.000000 0.000000
  outer loop
    vertex 34.1357 9.0000 42.9689
    vertex 34.2692 9.0000 42.9954
    vertex 36.5882 9.0000 34.3407
  endloop
endfacet
facet normal 0.195090 0.000000 -0.980785
  outer loop
    vertex 35.3053 0.0000 34.0856
    vertex 36.5882 9.0000 34.3407
    vertex 36.5882 0.0000 34.3407
  endloop
endfacet
facet normal 0.195090 0.000000 -0.980785
  outer loop
    vertex 35.3053 0.0000 34.0856
    vertex 35.3053 9.0000 34.0856
    vertex 36.5882 9.0000 34.3407
  endloop
endfacet
facet normal -0.195090 0.000000 0.980785
  outer loop
    vertex 34.1357 0.0000 42.9689
    vertex 34.2692 0.0000 42.9954
    vertex 34.2692 9.0000 42.9954
  endloop
endfacet
facet normal -0.195090 0.000000 0.980785
  outer loop
    vertex 34.1357 0.0000 42.9689
    vertex 34.2692 9.0000 42.9954
    vertex 34.1357 9.0000 42.9689
  endloop
endfacet
facet normal 0.000000 -1.000000 0.000000
  outer loop
    vertex 34.2692 0.0000 42.9954
    vertex 36.5882 0.0000 34.3407
    vertex 37.8268 0.0000 34.7612
  endloop
endfacet
facet normal 0.000000 -1.000000 0.000000
  outer loop
    vertex 34.2692 0.0000 42.9954
    vertex 37.8268 0.0000 34.7612
    vertex 34.3980 0.0000 43.0392
  endloop
endfacet
facet normal 0.000000 1.000000 0.000000
  outer loop
    vertex 34.2692 9.0000 42.9954
    vertex 37.8268 9.0000 34.7612
    vertex 36.5882 9.0000 34.3407
  endloop
endfacet
facet normal -0.000000 1.000000 0.000000
  outer loop
    vertex 34.2692 9.0000 42.9954
    vertex 34.3980 9.0000 43.0392
    vertex 37.8268 9.0000 34.7612
  endloop
endfacet
facet normal 0.321439 0.000000 -0.946930
  outer loop
    vertex 36.5882 0.0000 34.3407
    vertex 37.8268 9.0000 34.7612
    vertex 37.8268 0.0000 34.7612
  endloop
endfacet
facet normal 0.321439 0.000000 -0.946930
  outer loop
    vertex 36.5882 0.0000 34.3407
    vertex 36.5882 9.0000 34.3407
    vertex 37.8268 9.0000 34.7612
  endloop
endfacet
facet normal -0.321439 0.000000 0.946930
  outer loop
    vertex 34.2692 0.0000 42.9954
    vertex 34.3980 0.0000 43.0392
    vertex 34.3980 9.0000 43.0392
  endloop
endfacet
facet normal -0.321439 0.000000 0.946930
  outer loop
    vertex 34.2692 0.0000 42.9954
    vertex 34.3980 9.0000 43.0392
    vertex 34.2692 9.0000 42.9954
  endloop
endfacet
facet normal 0.000000 -1.000000 0.000000
  outer loop
    vertex 34.3980 0.0000 43.0392
    vertex 37.8268 0.0000 34.7612
    vertex 39.0000 0.0000 35.3397
  endloop
endfacet
facet normal 0.000000 -1.000000 0.000000
  outer loop
    vertex 34.3980 0.0000 43.0392
    vertex 39.0000 0.0000 35.3397
    vertex 34.5200 0.0000 43.0993
  endloop
endfacet
facet normal 0.000000 1.000000 0.000000
  outer loop
    vertex 34.3980 9.0000 43.0392
    vertex 39.0000 9.0000 35.3397
    vertex 37.8268 9.0000 34.7612
  endloop
endfacet
facet normal -0.000000 1.000000 0.000000
  outer loop
    vertex 34.3980 9.0000 43.0392
    vertex 34.5200 9.0000 43.0993
    vertex 39.0000 9.0000 35.3397
  endloop
endfacet
facet normal 0.442289 0.000000 -0.896873
  outer loop
    vertex 37.8268 0.0000 34.7612
    vertex 39.0000 9.0000 35.3397
    vertex 39.0000 0.0000 35.3397
  endloop
endfacet
facet normal 0.442289 0.000000 -0.896873
  outer loop
    vertex 37.8268 0.0000 34.7612
    vertex 37.8268 9.0000 34.7612
    vertex 39.0000 9.0000 35.3397
  endloop
endfacet
facet normal -0.442289 0.000000 0.896873
  outer loop
    vertex 34.3980 0.0000 43.0392
    vertex 34.5200 0.0000 43.0993
    vertex 34.5200 9.0000 43.0993
  endloop
endfacet
facet normal -0.442289 0.000000 0.896873
  outer loop
    vertex 34.3980 0.0000 43.0392
    vertex 34.5200 9.0000 43.0993
    vertex 34.3980 9.0000 43.0392
  endloop
endfacet
facet normal 0.000000 -1.000000 0.000000
  outer loop
    vertex 34.5200 0.0000 43.0993
    vertex 39.0000 0.0000 35.3397
    vertex 40.0876 0.0000 36.0665
  endloop
endfacet
facet normal 0.000000 -1.000000 0.000000
  outer loop
    vertex 34.5200 0.0000 43.0993
    vertex 40.0876 0.0000 36.0665
    vertex 34.6331 0.0000 43.1749
  endloop
endfacet
facet normal 0.000000 1.000000 0.000000
  outer loop
    vertex 34.5200 9.0000 43.0993
    vertex 40.0876 9.0000 36.0665
    vertex 39.0000 9.0000 35.3397
  endloop
endfacet
facet normal -0.000000 1.000000 0.000000
  outer loop
    vertex 34.5200 9.0000 43.0993
    vertex 34.6331 9.0000 43.1749
    vertex 40.0876 9.0000 36.0665
  endloop
endfacet
facet normal 0.555570 0.000000 -0.831470
  outer loop
    vertex 39.0000 0.0000 35.3397
    vertex 40.0876 9.0000 36.0665
    vertex 40.0876 0.0000 36.0665
  endloop
endfacet
facet normal 0.555570 0.000000 -0.831470
  outer loop
    vertex 39.0000 0.0000 35.3397
    vertex 39.0000 9.0000 35.3397
    vertex 40.0876 9.0000 36.0665
  endloop
endfacet
facet normal -0.555570 0.000000 0.831470
  outer loop
    vertex 34.5200 0.0000 43.0993
    vertex 34.6331 0.0000 43.1749
    vertex 34.6331 9.0000 43.1749
  endloop
endfacet
facet normal -0.555570 0.000000 0.831470
  outer loop
    vertex 34.5200 0.0000 43.0993
    vertex 34.6331 9.0000 43.1749
    vertex 34.5200 9.0000 43.0993
  endloop
endfacet
facet normal 0.000000 -1.000000 0.000000
  outer loop
    vertex 34.6331 0.0000 43.1749
    vertex 40.0876 0.0000 36.0665
    vertex 41.0711 0.0000 36.9289
  endloop
endfacet
facet normal 0.000000 -1.000000 0.000000
  outer loop
    vertex 34.6331 0.0000 43.1749
    vertex 41.0711 0.0000 36.9289
    vertex 34.7354 0.0000 43.2646
  endloop
endfacet
facet normal 0.000000 1.000000 0.000000
  outer loop
    vertex 34.6331 9.0000 43.1749
    vertex 41.0711 9.0000 36.9289
    vertex 40.0876 9.0000 36.0665
  endloop
endfacet
facet normal -0.000000 1.000000 0.000000
  outer loop
    vertex 34.6331 9.0000 43.1749
    vertex 34.7354 9.0000 43.2646
    vertex 41.0711 9.0000 36.9289
  endloop
endfacet
facet normal 0.659346 0.000000 -0.751840
  outer loop
    vertex 40.0876 0.0000 36.0665
    vertex 41.0711 9.0000 36.9289
    vertex 41.0711 0.0000 36.9289
  endloop
endfacet
facet normal 0.659346 0.000000 -0.751840
  outer loop
    vertex 40.0876 0.0000 36.0665
    vertex 40.0876 9.0000 36.0665
    vertex 41.0711 9.0000 36.9289
  endloop
endfacet
facet normal -0.659346 0.000000 0.751840
  outer loop
    vertex 34.6331 0.0000 43.1749
    vertex 34.7354 0.0000 43.2646
    vertex 34.7354 9.0000 43.2646
  endloop
endfacet
facet normal -0.659346 0.000000 0.751840
  outer loop
    vertex 34.6331 0.0000 43.1749
    vertex 34.7354 9.0000 43.2646
    vertex 34.6331 9.0000 43.1749
  endloop
endfacet
facet normal 0.000000 -1.000000 0.000000
  outer loop
    vertex 34.7354 0.0000 43.2646
    vertex 41.0711 0.0000 36.9289
    vertex 41.9335 0.0000 37.9124
  endloop
endfacet
facet normal 0.000000 -1.000000 0.000000
  outer loop
    vertex 34.7354 0.0000 43.2646
    vertex 41.9335 0.0000 37.9124
    vertex 34.8251 0.0000 43.3669
  endloop
endfacet
facet normal 0.000000 1.000000 0.000000
  outer loop
    vertex 34.7354 9.0000 43.2646
    vertex 41.9335 9.0000 37.9124
    vertex 41.0711 9.0000 36.9289
  endloop
endfacet
facet normal -0.000000 1.000000 0.000000
  outer loop
    vertex 34.7354 9.0000 43.2646
    vertex 34.8251 9.0000 43.3669
    vertex 41.9335 9.0000 37.9124
  endloop
endfacet
facet normal 0.751840 0.000000 -0.659346
  outer loop
    vertex 41.0711 0.0000 36.9289
    vertex 41.9335 9.0000 37.9124
    vertex 41.9335 0.0000 37.9124
  endloop
endfacet
facet normal 0.751840 0.000000 -0.659346
  outer loop
    vertex 41.0711 0.0000 36.9289
    vertex 41.0711 9.0000 36.9289
    vertex 41.9335 9.0000 37.9124
  endloop
endfacet
facet normal -0.751840 0.000000 0.659346
  outer loop
    vertex 34.7354 0.0000 43.2646
    vertex 34.8251 0.0000 43.3669
    vertex 34.8251 9.0000 43.3669
  endloop
endfacet
facet normal -0.751840 0.000000 0.659346
  outer loop
    vertex 34.7354 0.0000 43.2646
    vertex 34.8251 9.0000 43.3669
    vertex 34.7354 9.0000 43.2646
  endloop
endfacet
facet normal 0.000000 -1.000000 0.000000
  outer loop
    vertex 34.8251 0.0000 43.3669
    vertex 41.9335 0.0000 37.9124
    vertex 42.6603 0.0000 39.0000
  endloop
endfacet
facet normal 0.000000 -1.000000 0.000000
  outer loop
    vertex 34.8251 0.0000 43.3669
    vertex 42.6603 0.0000 39.0000
    vertex 34.9007 0.0000 43.4800
  endloop
endfacet
facet normal 0.000000 1.000000 0.000000
  outer loop
    vertex 34.8251 9.0000 43.3669
    vertex 42.6603 9.0000 39.0000
    vertex 41.9335 9.0000 37.9124
  endloop
endfacet
facet normal -0.000000 1.000000 0.000000
  outer loop
    vertex 34.8251 9.0000 43.3669
    vertex 34.9007 9.0000 43.4800
    vertex 42.6603 9.0000 39.0000
  endloop
endfacet
facet normal 0.831470 0.000000 -0.555570
  outer loop
    vertex 41.9335 0.0000 37.9124
    vertex 42.6603 9.0000 39.0000
    vertex 42.6603 0.0000 39.0000
  endloop
endfacet
facet normal 0.831470 0.000000 -0.555570
  outer loop
    vertex 41.9335 0.0000 37.9124
    vertex 41.9335 9.0000 37.9124
    vertex 42.6603 9.0000 39.0000
  endloop
endfacet
facet normal -0.831470 0.000000 0.555570
  outer loop
    vertex 34.8251 0.0000 43.3669
    vertex 34.9007 0.0000 43.4800
    vertex 34.9007 9.0000 43.4800
  endloop
endfacet
facet normal -0.831470 0.000000 0.555570
  outer loop
    vertex 34.8251 0.0000 43.3669
    vertex 34.9007 9.0000 43.4800
    vertex 34.8251 9.0000 43.3669
  endloop
endfacet
facet normal 0.000000 -1.000000 0.000000
  outer loop
    vertex 34.9007 0.0000 43.4800
    vertex 42.6603 0.0000 39.0000
    vertex 43.2388 0.0000 40.1732
  endloop
endfacet
facet normal 0.000000 -1.000000 0.000000
  outer loop
    vertex 34.9007 0.0000 43.4800
    vertex 43.2388 0.0000 40.1732
    vertex 34.9608 0.0000 43.6020
  endloop
endfacet
facet normal 0.000000 1.000000 0.000000
  outer loop
    vertex 34.9007 9.0000 43.4800
    vertex 43.2388 9.0000 40.1732
    vertex 42.6603 9.0000 39.0000
  endloop
endfacet
facet normal -0.000000 1.000000 0.000000
  outer loop
    vertex 34.9007 9.0000 43.4800
    vertex 34.9608 9.0000 43.6020
    vertex 43.2388 9.0000 40.1732
  endloop
endfacet
facet normal 0.896873 0.000000 -0.442289
  outer loop
    vertex 42.6603 0.0000 39.0000
    vertex 43.2388 9.0000 40.1732
    vertex 43.2388 0.0000 40.1732
  endloop
endfacet
facet normal 0.896873 0.000000 -0.442289
  outer loop
    vertex 42.6603 0.0000 39.0000
    vertex 42.6603 9.0000 39.0000
    vertex 43.2388 9.0000 40.1732
  endloop
endfacet
facet normal -0.896873 0.000000 0.442289
  outer loop
    vertex 34.9007 0.0000 43.4800
    vertex 34.9608 0.0000 43.6020
    vertex 34.9608 9.0000 43.6020
  endloop
endfacet
facet normal -0.896873 0.000000 0.442289
  outer loop
    vertex 34.9007 0.0000 43.4800
    vertex 34.9608 9.0000 43.6020
    vertex 34.9007 9.0000 43.4800
  endloop
endfacet
facet normal 0.000000 -1.000000 0.000000
  outer loop
    vertex 34.9608 0.0000 43.6020
    vertex 43.2388 0.0000 40.1732
    vertex 43.6593 0.0000 41.4118
  endloop
endfacet
facet normal 0.000000 -1.000000 0.000000
  outer loop
    vertex 34.9608 0.0000 43.6020
    vertex 43.6593 0.0000 41.4118
    vertex 35.0046 0.0000 43.7308
  endloop
endfacet
facet normal 0.000000 1.000000 0.000000
  outer loop
    vertex 34.9608 9.0000 43.6020
    vertex 43.6593 9.0000 41.4118
    vertex 43.2388 9.0000 40.1732
  endloop
endfacet
facet normal -0.000000 1.000000 0.000000
  outer loop
    vertex 34.9608 9.0000 43.6020
    vertex 35.0046 9.0000 43.7308
    vertex 43.6593 9.0000 41.4118
  endloop
endfacet
facet normal 0.946930 0.000000 -0.321439
  outer loop
    vertex 43.2388 0.0000 40.1732
    vertex 43.6593 9.0000 41.4118
    vertex 43.6593 0.0000 41.4118
  endloop
endfacet
facet normal 0.946930 0.000000 -0.321439
  outer loop
    vertex 43.2388 0.0000 40.1732
    vertex 43.2388 9.0000 40.1732
    vertex 43.6593 9.0000 41.4118
  endloop
endfacet
facet normal -0.946930 0.000000 0.321439
  outer loop
    vertex 34.9608 0.0000 43.6020
    vertex 35.0046 0.0000 43.7308
    vertex 35.0046 9.0000 43.7308
  endloop
endfacet
facet normal -0.946930 0.000000 0.321439
  outer loop
    vertex 34.9608 0.0000 43.6020
    vertex 35.0046 9.0000 43.7308
    vertex 34.9608 9.0000 43.6020
  endloop
endfacet
facet normal 0.000000 -1.000000 0.000000
  outer loop
    vertex 35.0046 0.0000 43.7308
    vertex 43.6593 0.0000 41.4118
    vertex 43.9144 0.0000 42.6947
  endloop
endfacet
facet normal 0.000000 -1.000000 0.000000
  outer loop
    vertex 35.0046 0.0000 43.7308
    vertex 43.9144 0.0000 42.6947
    vertex 35.0311 0.0000 43.8643
  endloop
endfacet
facet normal 0.000000 1.000000 0.000000
  outer loop
    vertex 35.0046 9.0000 43.7308
    vertex 43.9144 9.0000 42.6947
    vertex 43.6593 9.0000 41.4118
  endloop
endfacet
facet normal -0.000000 1.000000 0.000000
  outer loop
    vertex 35.0046 9.0000 43.7308
    vertex 35.0311 9.0000 43.8643
    vertex 43.9144 9.0000 42.6947
  endloop
endfacet
facet normal 0.980785 0.000000 -0.195090
  outer loop
    vertex 43.6593 0.0000 41.4118
    vertex 43.9144 9.0000 42.6947
    vertex 43.9144 0.0000 42.6947
  endloop
endfacet
facet normal 0.980785 0.000000 -0.195090
  outer loop
    vertex 43.6593 0.0000 41.4118
    vertex 43.6593 9.0000 41.4118
    vertex 43.9144 9.0000 42.6947
  endloop
endfacet
facet normal -0.980785 0.000000 0.195090
  outer loop
    vertex 35.0046 0.0000 43.7308
    vertex 35.0311 0.0000 43.8643
    vertex 35.0311 9.0000 43.8643
  endloop
endfacet
facet normal -0.980785 0.000000 0.195090
  outer loop
    vertex 35.0046 0.0000 43.7308
    vertex 35.0311 9.0000 43.8643
    vertex 35.0046 9.0000 43.7308
  endloop
endfacet
facet normal 0.000000 -1.000000 0.000000
  outer loop
    vertex 35.0311 0.0000 43.8643
    vertex 43.9144 0.0000 42.6947
    vertex 44.0000 0.0000 44.0000
  endloop
endfacet
facet normal 0.000000 -1.000000 0.000000
  outer loop
    vertex 35.0311 0.0000 43.8643
    vertex 44.0000 0.0000 44.0000
    vertex 35.0400 0.0000 44.0000
  endloop
endfacet
facet normal -0.000000 1.000000 0.000000
  outer loop
    vertex 35.0311 9.0000 43.8643
    vertex 44.0000 9.0000 44.0000
    vertex 43.9144 9.0000 42.6947
  endloop
endfacet
facet normal 0.000000 1.000000 0.000000
  outer loop
    vertex 35.0311 9.0000 43.8643
    vertex 35.0400 9.0000 44.0000
    vertex 44.0000 9.0000 44.0000
  endloop
endfacet
facet normal 0.997859 0.000000 -0.065403
  outer loop
    vertex 43.9144 0.0000 42.6947
    vertex 44.0000 9.0000 44.0000
    vertex 44.0000 0.0000 44.0000
  endloop
endfacet
facet normal 0.997859 0.000000 -0.065403
  outer loop
    vertex 43.9144 0.0000 42.6947
    vertex 43.9144 9.0000 42.6947
    vertex 44.0000 9.0000 44.0000
  endloop
endfacet
facet normal -0.997859 0.000000 0.065403
  outer loop
    vertex 35.0311 0.0000 43.8643
    vertex 35.0400 0.0000 44.0000
    vertex 35.0400 9.0000 44.0000
  endloop
endfacet
facet normal -0.997859 0.000000 0.065403
  outer loop
    vertex 35.0311 0.0000 43.8643
    vertex 35.0400 9.0000 44.0000
    vertex 35.0311 9.0000 43.8643
  endloop
endfacet
facet normal 0.000000 -1.000000 0.000000
  outer loop
    vertex 59.0500 0.0000 44.0000
    vertex 68.0000 0.0000 44.0000
    vertex 67.9144 0.0000 45.3053
  endloop
endfacet
facet normal 0.000000 -1.000000 0.000000
  outer loop
    vertex 59.0500 0.0000 44.0000
    vertex 67.9144 0.0000 45.3053
    vertex 59.0410 0.0000 44.1371
  endloop
endfacet
facet normal 0.000000 1.000000 0.000000
  outer loop
    vertex 59.0500 10.0000 44.0000
    vertex 67.9144 10.0000 45.3053
    vertex 68.0000 10.0000 44.0000
  endloop
endfacet
facet normal 0.000000 1.000000 -0.000000
  outer loop
    vertex 59.0500 10.0000 44.0000
    vertex 59.0410 10.0000 44.1371
    vertex 67.9144 10.0000 45.3053
  endloop
endfacet
facet normal 0.997859 0.000000 0.065403
  outer loop
    vertex 68.0000 0.0000 44.0000
    vertex 67.9144 10.0000 45.3053
    vertex 67.9144 0.0000 45.3053
  endloop
endfacet
facet normal 0.997859 -0.000000 0.065403
  outer loop
    vertex 68.0000 0.0000 44.0000
    vertex 68.0000 10.0000 44.0000
    vertex 67.9144 10.0000 45.3053
  endloop
endfacet
facet normal -0.997859 0.000000 -0.065403
  outer loop
    vertex 59.0500 0.0000 44.0000
    vertex 59.0410 0.0000 44.1371
    vertex 59.0410 10.0000 44.1371
  endloop
endfacet
facet normal -0.997859 0.000000 -0.065403
  outer loop
    vertex 59.0500 0.0000 44.0000
    vertex 59.0410 10.0000 44.1371
    vertex 59.0500 10.0000 44.0000
  endloop
endfacet
facet normal 0.000000 -1.000000 0.000000
  outer loop
    vertex 59.0410 0.0000 44.1371
    vertex 67.9144 0.0000 45.3053
    vertex 67.6593 0.0000 46.5882
  endloop
endfacet
facet normal 0.000000 -1.000000 0.000000
  outer loop
    vertex 59.0410 0.0000 44.1371
    vertex 67.6593 0.0000 46.5882
    vertex 59.0142 0.0000 44.2718
  endloop
endfacet
facet normal 0.000000 1.000000 0.000000
  outer loop
    vertex 59.0410 10.0000 44.1371
    vertex 67.6593 10.0000 46.5882
    vertex 67.9144 10.0000 45.3053
  endloop
endfacet
facet normal 0.000000 1.000000 -0.000000
  outer loop
    vertex 59.0410 10.0000 44.1371
    vertex 59.0142 10.0000 44.2718
    vertex 67.6593 10.0000 46.5882
  endloop
endfacet
facet normal 0.980785 0.000000 0.195090
  outer loop
    vertex 67.9144 0.0000 45.3053
    vertex 67.6593 10.0000 46.5882
    vertex 67.6593 0.0000 46.5882
  endloop
endfacet
facet normal 0.980785 -0.000000 0.195090
  outer loop
    vertex 67.9144 0.0000 45.3053
    vertex 67.9144 10.0000 45.3053
    vertex 67.6593 10.0000 46.5882
  endloop
endfacet
facet normal -0.980785 0.000000 -0.195090
  outer loop
    vertex 59.0410 0.0000 44.1371
    vertex 59.0142 0.0000 44.2718
    vertex 59.0142 10.0000 44.2718
  endloop
endfacet
facet normal -0.980785 0.000000 -0.195090
  outer loop
    vertex 59.0410 0.0000 44.1371
    vertex 59.0142 10.0000 44.2718
    vertex 59.0410 10.0000 44.1371
  endloop
endfacet
facet normal 0.000000 -1.000000 0.000000
  outer loop
    vertex 59.0142 0.0000 44.2718
    vertex 67.6593 0.0000 46.5882
    vertex 67.2388 0.0000 47.8268
  endloop
endfacet
facet normal 0.000000 -1.000000 0.000000
  outer loop
    vertex 59.0142 0.0000 44.2718
    vertex 67.2388 0.0000 47.8268
    vertex 58.9701 0.0000 44.4018
  endloop
endfacet
facet normal 0.000000 1.000000 0.000000
  outer loop
    vertex 59.0142 10.0000 44.2718
    vertex 67.2388 10.0000 47.8268
    vertex 67.6593 10.0000 46.5882
  endloop
endfacet
facet normal 0.000000 1.000000 -0.000000
  outer loop
    vertex 59.0142 10.0000 44.2718
    vertex 58.9701 10.0000 44.4018
    vertex 67.2388 10.0000 47.8268
  endloop
endfacet
facet normal 0.946930 0.000000 0.321439
  outer loop
    vertex 67.6593 0.0000 46.5882
    vertex 67.2388 10.0000 47.8268
    vertex 67.2388 0.0000 47.8268
  endloop
endfacet
facet normal 0.946930 -0.000000 0.321439
  outer loop
    vertex 67.6593 0.0000 46.5882
    vertex 67.6593 10.0000 46.5882
    vertex 67.2388 10.0000 47.8268
  endloop
endfacet
facet normal -0.946930 0.000000 -0.321439
  outer loop
    vertex 59.0142 0.0000 44.2718
    vertex 58.9701 0.0000 44.4018
    vertex 58.9701 10.0000 44.4018
  endloop
endfacet
facet normal -0.946930 0.000000 -0.321439
  outer loop
    vertex 59.0142 0.0000 44.2718
    vertex 58.9701 10.0000 44.4018
    vertex 59.0142 10.0000 44.2718
  endloop
endfacet
facet normal 0.000000 -1.000000 0.000000
  outer loop
    vertex 58.9701 0.0000 44.4018
    vertex 67.2388 0.0000 47.8268
    vertex 66.6603 0.0000 49.0000
  endloop
endfacet
facet normal 0.000000 -1.000000 0.000000
  outer loop
    vertex 58.9701 0.0000 44.4018
    vertex 66.6603 0.0000 49.0000
    vertex 58.9093 0.0000 44.5250
  endloop
endfacet
facet normal 0.000000 1.000000 0.000000
  outer loop
    vertex 58.9701 10.0000 44.4018
    vertex 66.6603 10.0000 49.0000
    vertex 67.2388 10.0000 47.8268
  endloop
endfacet
facet normal 0.000000 1.000000 -0.000000
  outer loop
    vertex 58.9701 10.0000 44.4018
    vertex 58.9093 10.0000 44.5250
    vertex 66.6603 10.0000 49.0000
  endloop
endfacet
facet normal 0.896873 0.000000 0.442289
  outer loop
    vertex 67.2388 0.0000 47.8268
    vertex 66.6603 10.0000 49.0000
    vertex 66.6603 0.0000 49.0000
  endloop
endfacet
facet normal 0.896873 -0.000000 0.442289
  outer loop
    vertex 67.2388 0.0000 47.8268
    vertex 67.2388 10.0000 47.8268
    vertex 66.6603 10.0000 49.0000
  endloop
endfacet
facet normal -0.896873 0.000000 -0.442289
  outer loop
    vertex 58.9701 0.0000 44.4018
    vertex 58.9093 0.0000 44.5250
    vertex 58.9093 10.0000 44.5250
  endloop
endfacet
facet normal -0.896873 0.000000 -0.442289
  outer loop
    vertex 58.9701 0.0000 44.4018
    vertex 58.9093 10.0000 44.5250
    vertex 58.9701 10.0000 44.4018
  endloop
endfacet
facet normal 0.000000 -1.000000 0.000000
  outer loop
    vertex 58.9093 0.0000 44.5250
    vertex 66.6603 0.0000 49.0000
    vertex 65.9335 0.0000 50.0876
  endloop
endfacet
facet normal 0.000000 -1.000000 0.000000
  outer loop
    vertex 58.9093 0.0000 44.5250
    vertex 65.9335 0.0000 50.0876
    vertex 58.8330 0.0000 44.6392
  endloop
endfacet
facet normal 0.000000 1.000000 0.000000
  outer loop
    vertex 58.9093 10.0000 44.5250
    vertex 65.9335 10.0000 50.0876
    vertex 66.6603 10.0000 49.0000
  endloop
endfacet
facet normal 0.000000 1.000000 -0.000000
  outer loop
    vertex 58.9093 10.0000 44.5250
    vertex 58.8330 10.0000 44.6392
    vertex 65.9335 10.0000 50.0876
  endloop
endfacet
facet normal 0.831470 0.000000 0.555570
  outer loop
    vertex 66.6603 0.0000 49.0000
    vertex 65.9335 10.0000 50.0876
    vertex 65.9335 0.0000 50.0876
  endloop
endfacet
facet normal 0.831470 -0.000000 0.555570
  outer loop
    vertex 66.6603 0.0000 49.0000
    vertex 66.6603 10.0000 49.0000
    vertex 65.9335 10.0000 50.0876
  endloop
endfacet
facet normal -0.831470 0.000000 -0.555570
  outer loop
    vertex 58.9093 0.0000 44.5250
    vertex 58.8330 0.0000 44.6392
    vertex 58.8330 10.0000 44.6392
  endloop
endfacet
facet normal -0.831470 0.000000 -0.555570
  outer loop
    vertex 58.9093 0.0000 44.5250
    vertex 58.8330 10.0000 44.6392
    vertex 58.9093 10.0000 44.5250
  endloop
endfacet
facet normal 0.000000 -1.000000 0.000000
  outer loop
    vertex 58.8330 0.0000 44.6392
    vertex 65.9335 0.0000 50.0876
    vertex 65.0711 0.0000 51.0711
  endloop
endfacet
facet normal 0.000000 -1.000000 0.000000
  outer loop
    vertex 58.8330 0.0000 44.6392
    vertex 65.0711 0.0000 51.0711
    vertex 58.7425 0.0000 44.7425
  endloop
endfacet
facet normal 0.000000 1.000000 0.000000
  outer loop
    vertex 58.8330 10.0000 44.6392
    vertex 65.0711 10.0000 51.0711
    vertex 65.9335 10.0000 50.0876
  endloop
endfacet
facet normal 0.000000 1.000000 -0.000000
  outer loop
    vertex 58.8330 10.0000 44.6392
    vertex 58.7425 10.0000 44.7425
    vertex 65.0711 10.0000 51.0711
  endloop
endfacet
facet normal 0.751840 0.000000 0.659346
  outer loop
    vertex 65.9335 0.0000 50.0876
    vertex 65.0711 10.0000 51.0711
    vertex 65.0711 0.0000 51.0711
  endloop
endfacet
facet normal 0.751840 -0.000000 0.659346
  outer loop
    vertex 65.9335 0.0000 50.0876
    vertex 65.9335 10.0000 50.0876
    vertex 65.0711 10.0000 51.0711
  endloop
endfacet
facet normal -0.751840 0.000000 -0.659346
  outer loop
    vertex 58.8330 0.0000 44.6392
    vertex 58.7425 0.0000 44.7425
    vertex 58.7425 10.0000 44.7425
  endloop
endfacet
facet normal -0.751840 0.000000 -0.659346
  outer loop
    vertex 58.8330 0.0000 44.6392
    vertex 58.7425 10.0000 44.7425
    vertex 58.8330 10.0000 44.6392
  endloop
endfacet
facet normal 0.000000 -1.000000 0.000000
  outer loop
    vertex 58.7425 0.0000 44.7425
    vertex 65.0711 0.0000 51.0711
    vertex 64.0876 0.0000 51.9335
  endloop
endfacet
facet normal 0.000000 -1.000000 0.000000
  outer loop
    vertex 58.7425 0.0000 44.7425
    vertex 64.0876 0.0000 51.9335
    vertex 58.6392 0.0000 44.8330
  endloop
endfacet
facet normal 0.000000 1.000000 0.000000
  outer loop
    vertex 58.7425 10.0000 44.7425
    vertex 64.0876 10.0000 51.9335
    vertex 65.0711 10.0000 51.0711
  endloop
endfacet
facet normal 0.000000 1.000000 -0.000000
  outer loop
    vertex 58.7425 10.0000 44.7425
    vertex 58.6392 10.0000 44.8330
    vertex 64.0876 10.0000 51.9335
  endloop
endfacet
facet normal 0.659346 0.000000 0.751840
  outer loop
    vertex 65.0711 0.0000 51.0711
    vertex 64.0876 10.0000 51.9335
    vertex 64.0876 0.0000 51.9335
  endloop
endfacet
facet normal 0.659346 -0.000000 0.751840
  outer loop
    vertex 65.0711 0.0000 51.0711
    vertex 65.0711 10.0000 51.0711
    vertex 64.0876 10.0000 51.9335
  endloop
endfacet
facet normal -0.659346 0.000000 -0.751840
  outer loop
    vertex 58.7425 0.0000 44.7425
    vertex 58.6392 0.0000 44.8330
    vertex 58.6392 10.0000 44.8330
  endloop
endfacet
facet normal -0.659346 0.000000 -0.751840
  outer loop
    vertex 58.7425 0.0000 44.7425
    vertex 58.6392 10.0000 44.8330
    vertex 58.7425 10.0000 44.7425
  endloop
endfacet
facet normal 0.000000 -1.000000 0.000000
  outer loop
    vertex 58.6392 0.0000 44.8330
    vertex 64.0876 0.0000 51.9335
    vertex 63.0000 0.0000 52.6603
  endloop
endfacet
facet normal 0.000000 -1.000000 0.000000
  outer loop
    vertex 58.6392 0.0000 44.8330
    vertex 63.0000 0.0000 52.6603
    vertex 58.5250 0.0000 44.9093
  endloop
endfacet
facet normal 0.000000 1.000000 0.000000
  outer loop
    vertex 58.6392 10.0000 44.8330
    vertex 63.0000 10.0000 52.6603
    vertex 64.0876 10.0000 51.9335
  endloop
endfacet
facet normal 0.000000 1.000000 -0.000000
  outer loop
    vertex 58.6392 10.0000 44.8330
    vertex 58.5250 10.0000 44.9093
    vertex 63.0000 10.0000 52.6603
  endloop
endfacet
facet normal 0.555570 0.000000 0.831470
  outer loop
    vertex 64.0876 0.0000 51.9335
    vertex 63.0000 10.0000 52.6603
    vertex 63.0000 0.0000 52.6603
  endloop
endfacet
facet normal 0.555570 -0.000000 0.831470
  outer loop
    vertex 64.0876 0.0000 51.9335
    vertex 64.0876 10.0000 51.9335
    vertex 63.0000 10.0000 52.6603
  endloop
endfacet
facet normal -0.555570 0.000000 -0.831470
  outer loop
    vertex 58.6392 0.0000 44.8330
    vertex 58.5250 0.0000 44.9093
    vertex 58.5250 10.0000 44.9093
  endloop
endfacet
facet normal -0.555570 0.000000 -0.831470
  outer loop
    vertex 58.6392 0.0000 44.8330
    vertex 58.5250 10.0000 44.9093
    vertex 58.6392 10.0000 44.8330
  endloop
endfacet
facet normal 0.000000 -1.000000 0.000000
  outer loop
    vertex 58.5250 0.0000 44.9093
    vertex 63.0000 0.0000 52.6603
    vertex 61.8268 0.0000 53.2388
  endloop
endfacet
facet normal 0.000000 -1.000000 0.000000
  outer loop
    vertex 58.5250 0.0000 44.9093
    vertex 61.8268 0.0000 53.2388
    vertex 58.4018 0.0000 44.9701
  endloop
endfacet
facet normal 0.000000 1.000000 0.000000
  outer loop
    vertex 58.5250 10.0000 44.9093
    vertex 61.8268 10.0000 53.2388
    vertex 63.0000 10.0000 52.6603
  endloop
endfacet
facet normal 0.000000 1.000000 -0.000000
  outer loop
    vertex 58.5250 10.0000 44.9093
    vertex 58.4018 10.0000 44.9701
    vertex 61.8268 10.0000 53.2388
  endloop
endfacet
facet normal 0.442289 0.000000 0.896873
  outer loop
    vertex 63.0000 0.0000 52.6603
    vertex 61.8268 10.0000 53.2388
    vertex 61.8268 0.0000 53.2388
  endloop
endfacet
facet normal 0.442289 -0.000000 0.896873
  outer loop
    vertex 63.0000 0.0000 52.6603
    vertex 63.0000 10.0000 52.6603
    vertex 61.8268 10.0000 53.2388
  endloop
endfacet
facet normal -0.442289 0.000000 -0.896873
  outer loop
    vertex 58.5250 0.0000 44.9093
    vertex 58.4018 0.0000 44.9701
    vertex 58.4018 10.0000 44.9701
  endloop
endfacet
facet normal -0.442289 0.000000 -0.896873
  outer loop
    vertex 58.5250 0.0000 44.9093
    vertex 58.4018 10.0000 44.9701
    vertex 58.5250 10.0000 44.9093
  endloop
endfacet
facet normal 0.000000 -1.000000 0.000000
  outer loop
    vertex 58.4018 0.0000 44.9701
    vertex 61.8268 0.0000 53.2388
    vertex 60.5882 0.0000 53.6593
  endloop
endfacet
facet normal 0.000000 -1.000000 0.000000
  outer loop
    vertex 58.4018 0.0000 44.9701
    vertex 60.5882 0.0000 53.6593
    vertex 58.2718 0.0000 45.0142
  endloop
endfacet
facet normal 0.000000 1.000000 0.000000
  outer loop
    vertex 58.4018 10.0000 44.9701
    vertex 60.5882 10.0000 53.6593
    vertex 61.8268 10.0000 53.2388
  endloop
endfacet
facet normal 0.000000 1.000000 -0.000000
  outer loop
    vertex 58.4018 10.0000 44.9701
    vertex 58.2718 10.0000 45.0142
    vertex 60.5882 10.0000 53.6593
  endloop
endfacet
facet normal 0.321439 0.000000 0.946930
  outer loop
    vertex 61.8268 0.0000 53.2388
    vertex 60.5882 10.0000 53.6593
    vertex 60.5882 0.0000 53.6593
  endloop
endfacet
facet normal 0.321439 -0.000000 0.946930
  outer loop
    vertex 61.8268 0.0000 53.2388
    vertex 61.8268 10.0000 53.2388
    vertex 60.5882 10.0000 53.6593
  endloop
endfacet
facet normal -0.321439 0.000000 -0.946930
  outer loop
    vertex 58.4018 0.0000 44.9701
    vertex 58.2718 0.0000 45.0142
    vertex 58.2718 10.0000 45.0142
  endloop
endfacet
facet normal -0.321439 0.000000 -0.946930
  outer loop
    vertex 58.4018 0.0000 44.9701
    vertex 58.2718 10.0000 45.0142
    vertex 58.4018 10.0000 44.9701
  endloop
endfacet
facet normal 0.000000 -1.000000 0.000000
  outer loop
    vertex 58.2718 0.0000 45.0142
    vertex 60.5882 0.0000 53.6593
    vertex 59.3053 0.0000 53.9144
  endloop
endfacet
facet normal 0.000000 -1.000000 0.000000
  outer loop
    vertex 58.2718 0.0000 45.0142
    vertex 59.3053 0.0000 53.9144
    vertex 58.1371 0.0000 45.0410
  endloop
endfacet
facet normal 0.000000 1.000000 0.000000
  outer loop
    vertex 58.2718 10.0000 45.0142
    vertex 59.3053 10.0000 53.9144
    vertex 60.5882 10.0000 53.6593
  endloop
endfacet
facet normal 0.000000 1.000000 -0.000000
  outer loop
    vertex 58.2718 10.0000 45.0142
    vertex 58.1371 10.0000 45.0410
    vertex 59.3053 10.0000 53.9144
  endloop
endfacet
facet normal 0.195090 0.000000 0.980785
  outer loop
    vertex 60.5882 0.0000 53.6593
    vertex 59.3053 10.0000 53.9144
    vertex 59.3053 0.0000 53.9144
  endloop
endfacet
facet normal 0.195090 -0.000000 0.980785
  outer loop
    vertex 60.5882 0.0000 53.6593
    vertex 60.5882 10.0000 53.6593
    vertex 59.3053 10.0000 53.9144
  endloop
endfacet
facet normal -0.195090 0.000000 -0.980785
  outer loop
    vertex 58.2718 0.0000 45.0142
    vertex 58.1371 0.0000 45.0410
    vertex 58.1371 10.0000 45.0410
  endloop
endfacet
facet normal -0.195090 0.000000 -0.980785
  outer loop
    vertex 58.2718 0.0000 45.0142
    vertex 58.1371 10.0000 45.0410
    vertex 58.2718 10.0000 45.0142
  endloop
endfacet
facet normal 0.000000 -1.000000 0.000000
  outer loop
    vertex 58.1371 0.0000 45.0410
    vertex 59.3053 0.0000 53.9144
    vertex 58.0000 0.0000 54.0000
  endloop
endfacet
facet normal 0.000000 -1.000000 0.000000
  outer loop
    vertex 58.1371 0.0000 45.0410
    vertex 58.0000 0.0000 54.0000
    vertex 58.0000 0.0000 45.0500
  endloop
endfacet
facet normal 0.000000 1.000000 -0.000000
  outer loop
    vertex 58.1371 10.0000 45.0410
    vertex 58.0000 10.0000 54.0000
    vertex 59.3053 10.0000 53.9144
  endloop
endfacet
facet normal 0.000000 1.000000 0.000000
  outer loop
    vertex 58.1371 10.0000 45.0410
    vertex 58.0000 10.0000 45.0500
    vertex 58.0000 10.0000 54.0000
  endloop
endfacet
facet normal 0.065403 0.000000 0.997859
  outer loop
    vertex 59.3053 0.0000 53.9144
    vertex 58.0000 10.0000 54.0000
    vertex 58.0000 0.0000 54.0000
  endloop
endfacet
facet normal 0.065403 -0.000000 0.997859
  outer loop
    vertex 59.3053 0.0000 53.9144
    vertex 59.3053 10.0000 53.9144
    vertex 58.0000 10.0000 54.0000
  endloop
endfacet
facet normal -0.065403 0.000000 -0.997859
  outer loop
    vertex 58.1371 0.0000 45.0410
    vertex 58.0000 0.0000 45.0500
    vertex 58.0000 10.0000 45.0500
  endloop
endfacet
facet normal -0.065403 0.000000 -0.997859
  outer loop
    vertex 58.1371 0.0000 45.0410
    vertex 58.0000 10.0000 45.0500
    vertex 58.1371 10.0000 45.0410
  endloop
endfacet
facet normal 0.000000 -1.000000 0.000000
  outer loop
    vertex 58.0000 0.0000 45.0500
    vertex 58.0000 0.0000 54.0000
    vertex 56.6947 0.0000 53.9144
  endloop
endfacet
facet normal -0.000000 -1.000000 0.000000
  outer loop
    vertex 58.0000 0.0000 45.0500
    vertex 56.6947 0.0000 53.9144
    vertex 57.8629 0.0000 45.0410
  endloop
endfacet
facet normal 0.000000 1.000000 -0.000000
  outer loop
    vertex 58.0000 10.0000 45.0500
    vertex 56.6947 10.0000 53.9144
    vertex 58.0000 10.0000 54.0000
  endloop
endfacet
facet normal 0.000000 1.000000 0.000000
  outer loop
    vertex 58.0000 10.0000 45.0500
    vertex 57.8629 10.0000 45.0410
    vertex 56.6947 10.0000 53.9144
  endloop
endfacet
facet normal -0.065403 0.000000 0.997859
  outer loop
    vertex 58.0000 0.0000 54.0000
    vertex 56.6947 10.0000 53.9144
    vertex 56.6947 0.0000 53.9144
  endloop
endfacet
facet normal -0.065403 0.000000 0.997859
  outer loop
    vertex 58.0000 0.0000 54.0000
    vertex 58.0000 10.0000 54.0000
    vertex 56.6947 10.0000 53.9144
  endloop
endfacet
facet normal 0.065403 0.000000 -0.997859
  outer loop
    vertex 58.0000 0.0000 45.0500
    vertex 57.8629 0.0000 45.0410
    vertex 57.8629 10.0000 45.0410
  endloop
endfacet
facet normal 0.065403 0.000000 -0.997859
  outer loop
    vertex 58.0000 0.0000 45.0500
    vertex 57.8629 10.0000 45.0410
    vertex 58.0000 10.0000 45.0500
  endloop
endfacet
facet normal 0.000000 -1.000000 0.000000
  outer loop
    vertex 57.8629 0.0000 45.0410
    vertex 56.6947 0.0000 53.9144
    vertex 55.4118 0.0000 53.6593
  endloop
endfacet
facet normal -0.000000 -1.000000 0.000000
  outer loop
    vertex 57.8629 0.0000 45.0410
    vertex 55.4118 0.0000 53.6593
    vertex 57.7282 0.0000 45.0142
  endloop
endfacet
facet normal 0.000000 1.000000 0.000000
  outer loop
    vertex 57.8629 10.0000 45.0410
    vertex 55.4118 10.0000 53.6593
    vertex 56.6947 10.0000 53.9144
  endloop
endfacet
facet normal 0.000000 1.000000 0.000000
  outer loop
    vertex 57.8629 10.0000 45.0410
    vertex 57.7282 10.0000 45.0142
    vertex 55.4118 10.0000 53.6593
  endloop
endfacet
facet normal -0.195090 0.000000 0.980785
  outer loop
    vertex 56.6947 0.0000 53.9144
    vertex 55.4118 10.0000 53.6593
    vertex 55.4118 0.0000 53.6593
  endloop
endfacet
facet normal -0.195090 0.000000 0.980785
  outer loop
    vertex 56.6947 0.0000 53.9144
    vertex 56.6947 10.0000 53.9144
    vertex 55.4118 10.0000 53.6593
  endloop
endfacet
facet normal 0.195090 0.000000 -0.980785
  outer loop
    vertex 57.8629 0.0000 45.0410
    vertex 57.7282 0.0000 45.0142
    vertex 57.7282 10.0000 45.0142
  endloop
endfacet
facet normal 0.195090 0.000000 -0.980785
  outer loop
    vertex 57.8629 0.0000 45.0410
    vertex 57.7282 10.0000 45.0142
    vertex 57.8629 10.0000 45.0410
  endloop
endfacet
facet normal 0.000000 -1.000000 0.000000
  outer loop
    vertex 57.7282 0.0000 45.0142
    vertex 55.4118 0.0000 53.6593
    vertex 54.1732 0.0000 53.2388
  endloop
endfacet
facet normal -0.000000 -1.000000 0.000000
  outer loop
    vertex 57.7282 0.0000 45.0142
    vertex 54.1732 0.0000 53.2388
    vertex 57.5982 0.0000 44.9701
  endloop
endfacet
facet normal 0.000000 1.000000 0.000000
  outer loop
    vertex 57.7282 10.0000 45.0142
    vertex 54.1732 10.0000 53.2388
    vertex 55.4118 10.0000 53.6593
  endloop
endfacet
facet normal 0.000000 1.000000 0.000000
  outer loop
    vertex 57.7282 10.0000 45.0142
    vertex 57.5982 10.0000 44.9701
    vertex 54.1732 10.0000 53.2388
  endloop
endfacet
facet normal -0.321439 0.000000 0.946930
  outer loop
    vertex 55.4118 0.0000 53.6593
    vertex 54.1732 10.0000 53.2388
    vertex 54.1732 0.0000 53.2388
  endloop
endfacet
facet normal -0.321439 0.000000 0.946930
  outer loop
    vertex 55.4118 0.0000 53.6593
    vertex 55.4118 10.0000 53.6593
    vertex 54.1732 10.0000 53.2388
  endloop
endfacet
facet normal 0.321439 0.000000 -0.946930
  outer loop
    vertex 57.7282 0.0000 45.0142
    vertex 57.5982 0.0000 44.9701
    vertex 57.5982 10.0000 44.9701
  endloop
endfacet
facet normal 0.321439 0.000000 -0.946930
  outer loop
    vertex 57.7282 0.0000 45.0142
    vertex 57.5982 10.0000 44.9701
    vertex 57.7282 10.0000 45.0142
  endloop
endfacet
facet normal 0.000000 -1.000000 0.000000
  outer loop
    vertex 57.5982 0.0000 44.9701
    vertex 54.1732 0.0000 53.2388
    vertex 53.0000 0.0000 52.6603
  endloop
endfacet
facet normal -0.000000 -1.000000 0.000000
  outer loop
    vertex 57.5982 0.0000 44.9701
    vertex 53.0000 0.0000 52.6603
    vertex 57.4750 0.0000 44.9093
  endloop
endfacet
facet normal 0.000000 1.000000 0.000000
  outer loop
    vertex 57.5982 10.0000 44.9701
    vertex 53.0000 10.0000 52.6603
    vertex 54.1732 10.0000 53.2388
  endloop
endfacet
facet normal 0.000000 1.000000 0.000000
  outer loop
    vertex 57.5982 10.0000 44.9701
    vertex 57.4750 10.0000 44.9093
    vertex 53.0000 10.0000 52.6603
  endloop
endfacet
facet normal -0.442289 0.000000 0.896873
  outer loop
    vertex 54.1732 0.0000 53.2388
    vertex 53.0000 10.0000 52.6603
    vertex 53.0000 0.0000 52.6603
  endloop
endfacet
facet normal -0.442289 0.000000 0.896873
  outer loop
    vertex 54.1732 0.0000 53.2388
    vertex 54.1732 10.0000 53.2388
    vertex 53.0000 10.0000 52.6603
  endloop
endfacet
facet normal 0.442289 0.000000 -0.896873
  outer loop
    vertex 57.5982 0.0000 44.9701
    vertex 57.4750 0.0000 44.9093
    vertex 57.4750 10.0000 44.9093
  endloop
endfacet
facet normal 0.442289 0.000000 -0.896873
  outer loop
    vertex 57.5982 0.0000 44.9701
    vertex 57.4750 10.0000 44.9093
    vertex 57.5982 10.0000 44.9701
  endloop
endfacet
facet normal 0.000000 -1.000000 0.000000
  outer loop
    vertex 57.4750 0.0000 44.9093
    vertex 53.0000 0.0000 52.6603
    vertex 51.9124 0.0000 51.9335
  endloop
endfacet
facet normal -0.000000 -1.000000 0.000000
  outer loop
    vertex 57.4750 0.0000 44.9093
    vertex 51.9124 0.0000 51.9335
    vertex 57.3608 0.0000 44.8330
  endloop
endfacet
facet normal 0.000000 1.000000 0.000000
  outer loop
    vertex 57.4750 10.0000 44.9093
    vertex 51.9124 10.0000 51.9335
    vertex 53.0000 10.0000 52.6603
  endloop
endfacet
facet normal 0.000000 1.000000 0.000000
  outer loop
    vertex 57.4750 10.0000 44.9093
    vertex 57.3608 10.0000 44.8330
    vertex 51.9124 10.0000 51.9335
  endloop
endfacet
facet normal -0.555570 0.000000 0.831470
  outer loop
    vertex 53.0000 0.0000 52.6603
    vertex 51.9124 10.0000 51.9335
    vertex 51.9124 0.0000 51.9335
  endloop
endfacet
facet normal -0.555570 0.000000 0.831470
  outer loop
    vertex 53.0000 0.0000 52.6603
    vertex 53.0000 10.0000 52.6603
    vertex 51.9124 10.0000 51.9335
  endloop
endfacet
facet normal 0.555570 0.000000 -0.831470
  outer loop
    vertex 57.4750 0.0000 44.9093
    vertex 57.3608 0.0000 44.8330
    vertex 57.3608 10.0000 44.8330
  endloop
endfacet
facet normal 0.555570 0.000000 -0.831470
  outer loop
    vertex 57.4750 0.0000 44.9093
    vertex 57.3608 10.0000 44.8330
    vertex 57.4750 10.0000 44.9093
  endloop
endfacet
facet normal 0.000000 -1.000000 0.000000
  outer loop
    vertex 57.3608 0.0000 44.8330
    vertex 51.9124 0.0000 51.9335
    vertex 50.9289 0.0000 51.0711
  endloop
endfacet
facet normal -0.000000 -1.000000 0.000000
  outer loop
    vertex 57.3608 0.0000 44.8330
    vertex 50.9289 0.0000 51.0711
    vertex 57.2575 0.0000 44.7425
  endloop
endfacet
facet normal 0.000000 1.000000 0.000000
  outer loop
    vertex 57.3608 10.0000 44.8330
    vertex 50.9289 10.0000 51.0711
    vertex 51.9124 10.0000 51.9335
  endloop
endfacet
facet normal 0.000000 1.000000 0.000000
  outer loop
    vertex 57.3608 10.0000 44.8330
    vertex 57.2575 10.0000 44.7425
    vertex 50.9289 10.0000 51.0711
  endloop
endfacet
facet normal -0.659346 0.000000 0.751840
  outer loop
    vertex 51.9124 0.0000 51.9335
    vertex 50.9289 10.0000 51.0711
    vertex 50.9289 0.0000 51.0711
  endloop
endfacet
facet normal -0.659346 0.000000 0.751840
  outer loop
    vertex 51.9124 0.0000 51.9335
    vertex 51.9124 10.0000 51.9335
    vertex 50.9289 10.0000 51.0711
  endloop
endfacet
facet normal 0.659346 0.000000 -0.751840
  outer loop
    vertex 57.3608 0.0000 44.8330
    vertex 57.2575 0.0000 44.7425
    vertex 57.2575 10.0000 44.7425
  endloop
endfacet
facet normal 0.659346 0.000000 -0.751840
  outer loop
    vertex 57.3608 0.0000 44.8330
    vertex 57.2575 10.0000 44.7425
    vertex 57.3608 10.0000 44.8330
  endloop
endfacet
facet normal 0.000000 -1.000000 0.000000
  outer loop
    vertex 57.2575 0.0000 44.7425
    vertex 50.9289 0.0000 51.0711
    vertex 50.0665 0.0000 50.0876
  endloop
endfacet
facet normal -0.000000 -1.000000 0.000000
  outer loop
    vertex 57.2575 0.0000 44.7425
    vertex 50.0665 0.0000 50.0876
    vertex 57.1670 0.0000 44.6392
  endloop
endfacet
facet normal 0.000000 1.000000 0.000000
  outer loop
    vertex 57.2575 10.0000 44.7425
    vertex 50.0665 10.0000 50.0876
    vertex 50.9289 10.0000 51.0711
  endloop
endfacet
facet normal 0.000000 1.000000 0.000000
  outer loop
    vertex 57.2575 10.0000 44.7425
    vertex 57.1670 10.0000 44.6392
    vertex 50.0665 10.0000 50.0876
  endloop
endfacet
facet normal -0.751840 0.000000 0.659346
  outer loop
    vertex 50.9289 0.0000 51.0711
    vertex 50.0665 10.0000 50.0876
    vertex 50.0665 0.0000 50.0876
  endloop
endfacet
facet normal -0.751840 0.000000 0.659346
  outer loop
    vertex 50.9289 0.0000 51.0711
    vertex 50.9289 10.0000 51.0711
    vertex 50.0665 10.0000 50.0876
  endloop
endfacet
facet normal 0.751840 0.000000 -0.659346
  outer loop
    vertex 57.2575 0.0000 44.7425
    vertex 57.1670 0.0000 44.6392
    vertex 57.1670 10.0000 44.6392
  endloop
endfacet
facet normal 0.751840 0.000000 -0.659346
  outer loop
    vertex 57.2575 0.0000 44.7425
    vertex 57.1670 10.0000 44.6392
    vertex 57.2575 10.0000 44.7425
  endloop
endfacet
facet normal 0.000000 -1.000000 0.000000
  outer loop
    vertex 57.1670 0.0000 44.6392
    vertex 50.0665 0.0000 50.0876
    vertex 49.3397 0.0000 49.0000
  endloop
endfacet
facet normal -0.000000 -1.000000 0.000000
  outer loop
    vertex 57.1670 0.0000 44.6392
    vertex 49.3397 0.0000 49.0000
    vertex 57.0907 0.0000 44.5250
  endloop
endfacet
facet normal 0.000000 1.000000 0.000000
  outer loop
    vertex 57.1670 10.0000 44.6392
    vertex 49.3397 10.0000 49.0000
    vertex 50.0665 10.0000 50.0876
  endloop
endfacet
facet normal 0.000000 1.000000 0.000000
  outer loop
    vertex 57.1670 10.0000 44.6392
    vertex 57.0907 10.0000 44.5250
    vertex 49.3397 10.0000 49.0000
  endloop
endfacet
facet normal -0.831470 0.000000 0.555570
  outer loop
    vertex 50.0665 0.0000 50.0876
    vertex 49.3397 10.0000 49.0000
    vertex 49.3397 0.0000 49.0000
  endloop
endfacet
facet normal -0.831470 0.000000 0.555570
  outer loop
    vertex 50.0665 0.0000 50.0876
    vertex 50.0665 10.0000 50.0876
    vertex 49.3397 10.0000 49.0000
  endloop
endfacet
facet normal 0.831470 0.000000 -0.555570
  outer loop
    vertex 57.1670 0.0000 44.6392
    vertex 57.0907 0.0000 44.5250
    vertex 57.0907 10.0000 44.5250
  endloop
endfacet
facet normal 0.831470 0.000000 -0.555570
  outer loop
    vertex 57.1670 0.0000 44.6392
    vertex 57.0907 10.0000 44.5250
    vertex 57.1670 10.0000 44.6392
  endloop
endfacet
facet normal 0.000000 -1.000000 0.000000
  outer loop
    vertex 57.0907 0.0000 44.5250
    vertex 49.3397 0.0000 49.0000
    vertex 48.7612 0.0000 47.8268
  endloop
endfacet
facet normal -0.000000 -1.000000 0.000000
  outer loop
    vertex 57.0907 0.0000 44.5250
    vertex 48.7612 0.0000 47.8268
    vertex 57.0299 0.0000 44.4018
  endloop
endfacet
facet normal 0.000000 1.000000 0.000000
  outer loop
    vertex 57.0907 10.0000 44.5250
    vertex 48.7612 10.0000 47.8268
    vertex 49.3397 10.0000 49.0000
  endloop
endfacet
facet normal 0.000000 1.000000 0.000000
  outer loop
    vertex 57.0907 10.0000 44.5250
    vertex 57.0299 10.0000 44.4018
    vertex 48.7612 10.0000 47.8268
  endloop
endfacet
facet normal -0.896873 0.000000 0.442289
  outer loop
    vertex 49.3397 0.0000 49.0000
    vertex 48.7612 10.0000 47.8268
    vertex 48.7612 0.0000 47.8268
  endloop
endfacet
facet normal -0.896873 0.000000 0.442289
  outer loop
    vertex 49.3397 0.0000 49.0000
    vertex 49.3397 10.0000 49.0000
    vertex 48.7612 10.0000 47.8268
  endloop
endfacet
facet normal 0.896873 0.000000 -0.442289
  outer loop
    vertex 57.0907 0.0000 44.5250
    vertex 57.0299 0.0000 44.4018
    vertex 57.0299 10.0000 44.4018
  endloop
endfacet
facet normal 0.896873 0.000000 -0.442289
  outer loop
    vertex 57.0907 0.0000 44.5250
    vertex 57.0299 10.0000 44.4018
    vertex 57.0907 10.0000 44.5250
  endloop
endfacet
facet normal 0.000000 -1.000000 0.000000
  outer loop
    vertex 57.0299 0.0000 44.4018
    vertex 48.7612 0.0000 47.8268
    vertex 48.3407 0.0000 46.5882
  endloop
endfacet
facet normal -0.000000 -1.000000 0.000000
  outer loop
    vertex 57.0299 0.0000 44.4018
    vertex 48.3407 0.0000 46.5882
    vertex 56.9858 0.0000 44.2718
  endloop
endfacet
facet normal 0.000000 1.000000 0.000000
  outer loop
    vertex 57.0299 10.0000 44.4018
    vertex 48.3407 10.0000 46.5882
    vertex 48.7612 10.0000 47.8268
  endloop
endfacet
facet normal 0.000000 1.000000 0.000000
  outer loop
    vertex 57.0299 10.0000 44.4018
    vertex 56.9858 10.0000 44.2718
    vertex 48.3407 10.0000 46.5882
  endloop
endfacet
facet normal -0.946930 0.000000 0.321439
  outer loop
    vertex 48.7612 0.0000 47.8268
    vertex 48.3407 10.0000 46.5882
    vertex 48.3407 0.0000 46.5882
  endloop
endfacet
facet normal -0.946930 0.000000 0.321439
  outer loop
    vertex 48.7612 0.0000 47.8268
    vertex 48.7612 10.0000 47.8268
    vertex 48.3407 10.0000 46.5882
  endloop
endfacet
facet normal 0.946930 0.000000 -0.321439
  outer loop
    vertex 57.0299 0.0000 44.4018
    vertex 56.9858 0.0000 44.2718
    vertex 56.9858 10.0000 44.2718
  endloop
endfacet
facet normal 0.946930 0.000000 -0.321439
  outer loop
    vertex 57.0299 0.0000 44.4018
    vertex 56.9858 10.0000 44.2718
    vertex 57.0299 10.0000 44.4018
  endloop
endfacet
facet normal 0.000000 -1.000000 0.000000
  outer loop
    vertex 56.9858 0.0000 44.2718
    vertex 48.3407 0.0000 46.5882
    vertex 48.0856 0.0000 45.3053
  endloop
endfacet
facet normal -0.000000 -1.000000 0.000000
  outer loop
    vertex 56.9858 0.0000 44.2718
    vertex 48.0856 0.0000 45.3053
    vertex 56.9590 0.0000 44.1371
  endloop
endfacet
facet normal 0.000000 1.000000 0.000000
  outer loop
    vertex 56.9858 10.0000 44.2718
    vertex 48.0856 10.0000 45.3053
    vertex 48.3407 10.0000 46.5882
  endloop
endfacet
facet normal 0.000000 1.000000 0.000000
  outer loop
    vertex 56.9858 10.0000 44.2718
    vertex 56.9590 10.0000 44.1371
    vertex 48.0856 10.0000 45.3053
  endloop
endfacet
facet normal -0.980785 0.000000 0.195090
  outer loop
    vertex 48.3407 0.0000 46.5882
    vertex 48.0856 10.0000 45.3053
    vertex 48.0856 0.0000 45.3053
  endloop
endfacet
facet normal -0.980785 0.000000 0.195090
  outer loop
    vertex 48.3407 0.0000 46.5882
    vertex 48.3407 10.0000 46.5882
    vertex 48.0856 10.0000 45.3053
  endloop
endfacet
facet normal 0.980785 0.000000 -0.195090
  outer loop
    vertex 56.9858 0.0000 44.2718
    vertex 56.9590 0.0000 44.1371
    vertex 56.9590 10.0000 44.1371
  endloop
endfacet
facet normal 0.980785 0.000000 -0.195090
  outer loop
    vertex 56.9858 0.0000 44.2718
    vertex 56.9590 10.0000 44.1371
    vertex 56.9858 10.0000 44.2718
  endloop
endfacet
facet normal -0.000000 -1.000000 0.000000
  outer loop
    vertex 56.9590 0.0000 44.1371
    vertex 48.0856 0.0000 45.3053
    vertex 48.0000 0.0000 44.0000
  endloop
endfacet
facet normal 0.000000 -1.000000 0.000000
  outer loop
    vertex 56.9590 0.0000 44.1371
    vertex 48.0000 0.0000 44.0000
    vertex 56.9500 0.0000 44.0000
  endloop
endfacet
facet normal 0.000000 1.000000 0.000000
  outer loop
    vertex 56.9590 10.0000 44.1371
    vertex 48.0000 10.0000 44.0000
    vertex 48.0856 10.0000 45.3053
  endloop
endfacet
facet normal 0.000000 1.000000 0.000000
  outer loop
    vertex 56.9590 10.0000 44.1371
    vertex 56.9500 10.0000 44.0000
    vertex 48.0000 10.0000 44.0000
  endloop
endfacet
facet normal -0.997859 0.000000 0.065403
  outer loop
    vertex 48.0856 0.0000 45.3053
    vertex 48.0000 10.0000 44.0000
    vertex 48.0000 0.0000 44.0000
  endloop
endfacet
facet normal -0.997859 0.000000 0.065403
  outer loop
    vertex 48.0856 0.0000 45.3053
    vertex 48.0856 10.0000 45.3053
    vertex 48.0000 10.0000 44.0000
  endloop
endfacet
facet normal 0.997859 0.000000 -0.065403
  outer loop
    vertex 56.9590 0.0000 44.1371
    vertex 56.9500 0.0000 44.0000
    vertex 56.9500 10.0000 44.0000
  endloop
endfacet
facet normal 0.997859 0.000000 -0.065403
  outer loop
    vertex 56.9590 0.0000 44.1371
    vertex 56.9500 10.0000 44.0000
    vertex 56.9590 10.0000 44.1371
  endloop
endfacet
facet normal -0.000000 -1.000000 0.000000
  outer loop
    vertex 56.9500 0.0000 44.0000
    vertex 48.0000 0.0000 44.0000
    vertex 48.0856 0.0000 42.6947
  endloop
endfacet
facet normal 0.000000 -1.000000 -0.000000
  outer loop
    vertex 56.9500 0.0000 44.0000
    vertex 48.0856 0.0000 42.6947
    vertex 56.9590 0.0000 43.8629
  endloop
endfacet
facet normal 0.000000 1.000000 0.000000
  outer loop
    vertex 56.9500 10.0000 44.0000
    vertex 48.0856 10.0000 42.6947
    vertex 48.0000 10.0000 44.0000
  endloop
endfacet
facet normal 0.000000 1.000000 0.000000
  outer loop
    vertex 56.9500 10.0000 44.0000
    vertex 56.9590 10.0000 43.8629
    vertex 48.0856 10.0000 42.6947
  endloop
endfacet
facet normal -0.997859 0.000000 -0.065403
  outer loop
    vertex 48.0000 0.0000 44.0000
    vertex 48.0856 10.0000 42.6947
    vertex 48.0856 0.0000 42.6947
  endloop
endfacet
facet normal -0.997859 0.000000 -0.065403
  outer loop
    vertex 48.0000 0.0000 44.0000
    vertex 48.0000 10.0000 44.0000
    vertex 48.0856 10.0000 42.6947
  endloop
endfacet
facet normal 0.997859 0.000000 0.065403
  outer loop
    vertex 56.9500 0.0000 44.0000
    vertex 56.9590 0.0000 43.8629
    vertex 56.9590 10.0000 43.8629
  endloop
endfacet
facet normal 0.997859 -0.000000 0.065403
  outer loop
    vertex 56.9500 0.0000 44.0000
    vertex 56.9590 10.0000 43.8629
    vertex 56.9500 10.0000 44.0000
  endloop
endfacet
facet normal 0.000000 -1.000000 0.000000
  outer loop
    vertex 56.9590 0.0000 43.8629
    vertex 48.0856 0.0000 42.6947
    vertex 48.3407 0.0000 41.4118
  endloop
endfacet
facet normal 0.000000 -1.000000 -0.000000
  outer loop
    vertex 56.9590 0.0000 43.8629
    vertex 48.3407 0.0000 41.4118
    vertex 56.9858 0.0000 43.7282
  endloop
endfacet
facet normal 0.000000 1.000000 0.000000
  outer loop
    vertex 56.9590 10.0000 43.8629
    vertex 48.3407 10.0000 41.4118
    vertex 48.0856 10.0000 42.6947
  endloop
endfacet
facet normal 0.000000 1.000000 0.000000
  outer loop
    vertex 56.9590 10.0000 43.8629
    vertex 56.9858 10.0000 43.7282
    vertex 48.3407 10.0000 41.4118
  endloop
endfacet
facet normal -0.980785 0.000000 -0.195090
  outer loop
    vertex 48.0856 0.0000 42.6947
    vertex 48.3407 10.0000 41.4118
    vertex 48.3407 0.0000 41.4118
  endloop
endfacet
facet normal -0.980785 0.000000 -0.195090
  outer loop
    vertex 48.0856 0.0000 42.6947
    vertex 48.0856 10.0000 42.6947
    vertex 48.3407 10.0000 41.4118
  endloop
endfacet
facet normal 0.980785 0.000000 0.195090
  outer loop
    vertex 56.9590 0.0000 43.8629
    vertex 56.9858 0.0000 43.7282
    vertex 56.9858 10.0000 43.7282
  endloop
endfacet
facet normal 0.980785 -0.000000 0.195090
  outer loop
    vertex 56.9590 0.0000 43.8629
    vertex 56.9858 10.0000 43.7282
    vertex 56.9590 10.0000 43.8629
  endloop
endfacet
facet normal 0.000000 -1.000000 0.000000
  outer loop
    vertex 56.9858 0.0000 43.7282
    vertex 48.3407 0.0000 41.4118
    vertex 48.7612 0.0000 40.1732
  endloop
endfacet
facet normal 0.000000 -1.000000 -0.000000
  outer loop
    vertex 56.9858 0.0000 43.7282
    vertex 48.7612 0.0000 40.1732
    vertex 57.0299 0.0000 43.5982
  endloop
endfacet
facet normal 0.000000 1.000000 0.000000
  outer loop
    vertex 56.9858 10.0000 43.7282
    vertex 48.7612 10.0000 40.1732
    vertex 48.3407 10.0000 41.4118
  endloop
endfacet
facet normal 0.000000 1.000000 0.000000
  outer loop
    vertex 56.9858 10.0000 43.7282
    vertex 57.0299 10.0000 43.5982
    vertex 48.7612 10.0000 40.1732
  endloop
endfacet
facet normal -0.946930 0.000000 -0.321439
  outer loop
    vertex 48.3407 0.0000 41.4118
    vertex 48.7612 10.0000 40.1732
    vertex 48.7612 0.0000 40.1732
  endloop
endfacet
facet normal -0.946930 0.000000 -0.321439
  outer loop
    vertex 48.3407 0.0000 41.4118
    vertex 48.3407 10.0000 41.4118
    vertex 48.7612 10.0000 40.1732
  endloop
endfacet
facet normal 0.946930 0.000000 0.321439
  outer loop
    vertex 56.9858 0.0000 43.7282
    vertex 57.0299 0.0000 43.5982
    vertex 57.0299 10.0000 43.5982
  endloop
endfacet
facet normal 0.946930 -0.000000 0.321439
  outer loop
    vertex 56.9858 0.0000 43.7282
    vertex 57.0299 10.0000 43.5982
    vertex 56.9858 10.0000 43.7282
  endloop
endfacet
facet normal 0.000000 -1.000000 0.000000
  outer loop
    vertex 57.0299 0.0000 43.5982
    vertex 48.7612 0.0000 40.1732
    vertex 49.3397 0.0000 39.0000
  endloop
endfacet
facet normal 0.000000 -1.000000 -0.000000
  outer loop
    vertex 57.0299 0.0000 43.5982
    vertex 49.3397 0.0000 39.0000
    vertex 57.0907 0.0000 43.4750
  endloop
endfacet
facet normal 0.000000 1.000000 0.000000
  outer loop
    vertex 57.0299 10.0000 43.5982
    vertex 49.3397 10.0000 39.0000
    vertex 48.7612 10.0000 40.1732
  endloop
endfacet
facet normal 0.000000 1.000000 0.000000
  outer loop
    vertex 57.0299 10.0000 43.5982
    vertex 57.0907 10.0000 43.4750
    vertex 49.3397 10.0000 39.0000
  endloop
endfacet
facet normal -0.896873 0.000000 -0.442289
  outer loop
    vertex 48.7612 0.0000 40.1732
    vertex 49.3397 10.0000 39.0000
    vertex 49.3397 0.0000 39.0000
  endloop
endfacet
facet normal -0.896873 0.000000 -0.442289
  outer loop
    vertex 48.7612 0.0000 40.1732
    vertex 48.7612 10.0000 40.1732
    vertex 49.3397 10.0000 39.0000
  endloop
endfacet
facet normal 0.896873 0.000000 0.442289
  outer loop
    vertex 57.0299 0.0000 43.5982
    vertex 57.0907 0.0000 43.4750
    vertex 57.0907 10.0000 43.4750
  endloop
endfacet
facet normal 0.896873 -0.000000 0.442289
  outer loop
    vertex 57.0299 0.0000 43.5982
    vertex 57.0907 10.0000 43.4750
    vertex 57.0299 10.0000 43.5982
  endloop
endfacet
facet normal 0.000000 -1.000000 0.000000
  outer loop
    vertex 57.0907 0.0000 43.4750
    vertex 49.3397 0.0000 39.0000
    vertex 50.0665 0.0000 37.9124
  endloop
endfacet
facet normal 0.000000 -1.000000 -0.000000
  outer loop
    vertex 57.0907 0.0000 43.4750
    vertex 50.0665 0.0000 37.9124
    vertex 57.1670 0.0000 43.3608
  endloop
endfacet
facet normal 0.000000 1.000000 0.000000
  outer loop
    vertex 57.0907 10.0000 43.4750
    vertex 50.0665 10.0000 37.9124
    vertex 49.3397 10.0000 39.0000
  endloop
endfacet
facet normal 0.000000 1.000000 0.000000
  outer loop
    vertex 57.0907 10.0000 43.4750
    vertex 57.1670 10.0000 43.3608
    vertex 50.0665 10.0000 37.9124
  endloop
endfacet
facet normal -0.831470 0.000000 -0.555570
  outer loop
    vertex 49.3397 0.0000 39.0000
    vertex 50.0665 10.0000 37.9124
    vertex 50.0665 0.0000 37.9124
  endloop
endfacet
facet normal -0.831470 0.000000 -0.555570
  outer loop
    vertex 49.3397 0.0000 39.0000
    vertex 49.3397 10.0000 39.0000
    vertex 50.0665 10.0000 37.9124
  endloop
endfacet
facet normal 0.831470 0.000000 0.555570
  outer loop
    vertex 57.0907 0.0000 43.4750
    vertex 57.1670 0.0000 43.3608
    vertex 57.1670 10.0000 43.3608
  endloop
endfacet
facet normal 0.831470 -0.000000 0.555570
  outer loop
    vertex 57.0907 0.0000 43.4750
    vertex 57.1670 10.0000 43.3608
    vertex 57.0907 10.0000 43.4750
  endloop
endfacet
facet normal 0.000000 -1.000000 0.000000
  outer loop
    vertex 57.1670 0.0000 43.3608
    vertex 50.0665 0.0000 37.9124
    vertex 50.9289 0.0000 36.9289
  endloop
endfacet
facet normal 0.000000 -1.000000 -0.000000
  outer loop
    vertex 57.1670 0.0000 43.3608
    vertex 50.9289 0.0000 36.9289
    vertex 57.2575 0.0000 43.2575
  endloop
endfacet
facet normal 0.000000 1.000000 0.000000
  outer loop
    vertex 57.1670 10.0000 43.3608
    vertex 50.9289 10.0000 36.9289
    vertex 50.0665 10.0000 37.9124
  endloop
endfacet
facet normal 0.000000 1.000000 0.000000
  outer loop
    vertex 57.1670 10.0000 43.3608
    vertex 57.2575 10.0000 43.2575
    vertex 50.9289 10.0000 36.9289
  endloop
endfacet
facet normal -0.751840 0.000000 -0.659346
  outer loop
    vertex 50.0665 0.0000 37.9124
    vertex 50.9289 10.0000 36.9289
    vertex 50.9289 0.0000 36.9289
  endloop
endfacet
facet normal -0.751840 0.000000 -0.659346
  outer loop
    vertex 50.0665 0.0000 37.9124
    vertex 50.0665 10.0000 37.9124
    vertex 50.9289 10.0000 36.9289
  endloop
endfacet
facet normal 0.751840 0.000000 0.659346
  outer loop
    vertex 57.1670 0.0000 43.3608
    vertex 57.2575 0.0000 43.2575
    vertex 57.2575 10.0000 43.2575
  endloop
endfacet
facet normal 0.751840 -0.000000 0.659346
  outer loop
    vertex 57.1670 0.0000 43.3608
    vertex 57.2575 10.0000 43.2575
    vertex 57.1670 10.0000 43.3608
  endloop
endfacet
facet normal 0.000000 -1.000000 0.000000
  outer loop
    vertex 57.2575 0.0000 43.2575
    vertex 50.9289 0.0000 36.9289
    vertex 51.9124 0.0000 36.0665
  endloop
endfacet
facet normal 0.000000 -1.000000 -0.000000
  outer loop
    vertex 57.2575 0.0000 43.2575
    vertex 51.9124 0.0000 36.0665
    vertex 57.3608 0.0000 43.1670
  endloop
endfacet
facet normal 0.000000 1.000000 0.000000
  outer loop
    vertex 57.2575 10.0000 43.2575
    vertex 51.9124 10.0000 36.0665
    vertex 50.9289 10.0000 36.9289
  endloop
endfacet
facet normal 0.000000 1.000000 0.000000
  outer loop
    vertex 57.2575 10.0000 43.2575
    vertex 57.3608 10.0000 43.1670
    vertex 51.9124 10.0000 36.0665
  endloop
endfacet
facet normal -0.659346 0.000000 -0.751840
  outer loop
    vertex 50.9289 0.0000 36.9289
    vertex 51.9124 10.0000 36.0665
    vertex 51.9124 0.0000 36.0665
  endloop
endfacet
facet normal -0.659346 0.000000 -0.751840
  outer loop
    vertex 50.9289 0.0000 36.9289
    vertex 50.9289 10.0000 36.9289
    vertex 51.9124 10.0000 36.0665
  endloop
endfacet
facet normal 0.659346 0.000000 0.751840
  outer loop
    vertex 57.2575 0.0000 43.2575
    vertex 57.3608 0.0000 43.1670
    vertex 57.3608 10.0000 43.1670
  endloop
endfacet
facet normal 0.659346 -0.000000 0.751840
  outer loop
    vertex 57.2575 0.0000 43.2575
    vertex 57.3608 10.0000 43.1670
    vertex 57.2575 10.0000 43.2575
  endloop
endfacet
facet normal 0.000000 -1.000000 0.000000
  outer loop
    vertex 57.3608 0.0000 43.1670
    vertex 51.9124 0.0000 36.0665
    vertex 53.0000 0.0000 35.3397
  endloop
endfacet
facet normal 0.000000 -1.000000 -0.000000
  outer loop
    vertex 57.3608 0.0000 43.1670
    vertex 53.0000 0.0000 35.3397
    vertex 57.4750 0.0000 43.0907
  endloop
endfacet
facet normal 0.000000 1.000000 0.000000
  outer loop
    vertex 57.3608 10.0000 43.1670
    vertex 53.0000 10.0000 35.3397
    vertex 51.9124 10.0000 36.0665
  endloop
endfacet
facet normal 0.000000 1.000000 0.000000
  outer loop
    vertex 57.3608 10.0000 43.1670
    vertex 57.4750 10.0000 43.0907
    vertex 53.0000 10.0000 35.3397
  endloop
endfacet
facet normal -0.555570 0.000000 -0.831470
  outer loop
    vertex 51.9124 0.0000 36.0665
    vertex 53.0000 10.0000 35.3397
    vertex 53.0000 0.0000 35.3397
  endloop
endfacet
facet normal -0.555570 0.000000 -0.831470
  outer loop
    vertex 51.9124 0.0000 36.0665
    vertex 51.9124 10.0000 36.0665
    vertex 53.0000 10.0000 35.3397
  endloop
endfacet
facet normal 0.555570 0.000000 0.831470
  outer loop
    vertex 57.3608 0.0000 43.1670
    vertex 57.4750 0.0000 43.0907
    vertex 57.4750 10.0000 43.0907
  endloop
endfacet
facet normal 0.555570 -0.000000 0.831470
  outer loop
    vertex 57.3608 0.0000 43.1670
    vertex 57.4750 10.0000 43.0907
    vertex 57.3608 10.0000 43.1670
  endloop
endfacet
facet normal 0.000000 -1.000000 0.000000
  outer loop
    vertex 57.4750 0.0000 43.0907
    vertex 53.0000 0.0000 35.3397
    vertex 54.1732 0.0000 34.7612
  endloop
endfacet
facet normal 0.000000 -1.000000 -0.000000
  outer loop
    vertex 57.4750 0.0000 43.0907
    vertex 54.1732 0.0000 34.7612
    vertex 57.5982 0.0000 43.0299
  endloop
endfacet
facet normal 0.000000 1.000000 0.000000
  outer loop
    vertex 57.4750 10.0000 43.0907
    vertex 54.1732 10.0000 34.7612
    vertex 53.0000 10.0000 35.3397
  endloop
endfacet
facet normal 0.000000 1.000000 0.000000
  outer loop
    vertex 57.4750 10.0000 43.0907
    vertex 57.5982 10.0000 43.0299
    vertex 54.1732 10.0000 34.7612
  endloop
endfacet
facet normal -0.442289 0.000000 -0.896873
  outer loop
    vertex 53.0000 0.0000 35.3397
    vertex 54.1732 10.0000 34.7612
    vertex 54.1732 0.0000 34.7612
  endloop
endfacet
facet normal -0.442289 0.000000 -0.896873
  outer loop
    vertex 53.0000 0.0000 35.3397
    vertex 53.0000 10.0000 35.3397
    vertex 54.1732 10.0000 34.7612
  endloop
endfacet
facet normal 0.442289 0.000000 0.896873
  outer loop
    vertex 57.4750 0.0000 43.0907
    vertex 57.5982 0.0000 43.0299
    vertex 57.5982 10.0000 43.0299
  endloop
endfacet
facet normal 0.442289 -0.000000 0.896873
  outer loop
    vertex 57.4750 0.0000 43.0907
    vertex 57.5982 10.0000 43.0299
    vertex 57.4750 10.0000 43.0907
  endloop
endfacet
facet normal 0.000000 -1.000000 0.000000
  outer loop
    vertex 57.5982 0.0000 43.0299
    vertex 54.1732 0.0000 34.7612
    vertex 55.4118 0.0000 34.3407
  endloop
endfacet
facet normal 0.000000 -1.000000 -0.000000
  outer loop
    vertex 57.5982 0.0000 43.0299
    vertex 55.4118 0.0000 34.3407
    vertex 57.7282 0.0000 42.9858
  endloop
endfacet
facet normal 0.000000 1.000000 0.000000
  outer loop
    vertex 57.5982 10.0000 43.0299
    vertex 55.4118 10.0000 34.3407
    vertex 54.1732 10.0000 34.7612
  endloop
endfacet
facet normal 0.000000 1.000000 0.000000
  outer loop
    vertex 57.5982 10.0000 43.0299
    vertex 57.7282 10.0000 42.9858
    vertex 55.4118 10.0000 34.3407
  endloop
endfacet
facet normal -0.321439 0.000000 -0.946930
  outer loop
    vertex 54.1732 0.0000 34.7612
    vertex 55.4118 10.0000 34.3407
    vertex 55.4118 0.0000 34.3407
  endloop
endfacet
facet normal -0.321439 0.000000 -0.946930
  outer loop
    vertex 54.1732 0.0000 34.7612
    vertex 54.1732 10.0000 34.7612
    vertex 55.4118 10.0000 34.3407
  endloop
endfacet
facet normal 0.321439 0.000000 0.946930
  outer loop
    vertex 57.5982 0.0000 43.0299
    vertex 57.7282 0.0000 42.9858
    vertex 57.7282 10.0000 42.9858
  endloop
endfacet
facet normal 0.321439 -0.000000 0.946930
  outer loop
    vertex 57.5982 0.0000 43.0299
    vertex 57.7282 10.0000 42.9858
    vertex 57.5982 10.0000 43.0299
  endloop
endfacet
facet normal 0.000000 -1.000000 0.000000
  outer loop
    vertex 57.7282 0.0000 42.9858
    vertex 55.4118 0.0000 34.3407
    vertex 56.6947 0.0000 34.0856
  endloop
endfacet
facet normal 0.000000 -1.000000 -0.000000
  outer loop
    vertex 57.7282 0.0000 42.9858
    vertex 56.6947 0.0000 34.0856
    vertex 57.8629 0.0000 42.9590
  endloop
endfacet
facet normal 0.000000 1.000000 0.000000
  outer loop
    vertex 57.7282 10.0000 42.9858
    vertex 56.6947 10.0000 34.0856
    vertex 55.4118 10.0000 34.3407
  endloop
endfacet
facet normal 0.000000 1.000000 0.000000
  outer loop
    vertex 57.7282 10.0000 42.9858
    vertex 57.8629 10.0000 42.9590
    vertex 56.6947 10.0000 34.0856
  endloop
endfacet
facet normal -0.195090 0.000000 -0.980785
  outer loop
    vertex 55.4118 0.0000 34.3407
    vertex 56.6947 10.0000 34.0856
    vertex 56.6947 0.0000 34.0856
  endloop
endfacet
facet normal -0.195090 0.000000 -0.980785
  outer loop
    vertex 55.4118 0.0000 34.3407
    vertex 55.4118 10.0000 34.3407
    vertex 56.6947 10.0000 34.0856
  endloop
endfacet
facet normal 0.195090 0.000000 0.980785
  outer loop
    vertex 57.7282 0.0000 42.9858
    vertex 57.8629 0.0000 42.9590
    vertex 57.8629 10.0000 42.9590
  endloop
endfacet
facet normal 0.195090 -0.000000 0.980785
  outer loop
    vertex 57.7282 0.0000 42.9858
    vertex 57.8629 10.0000 42.9590
    vertex 57.7282 10.0000 42.9858
  endloop
endfacet
facet normal 0.000000 -1.000000 -0.000000
  outer loop
    vertex 57.8629 0.0000 42.9590
    vertex 56.6947 0.0000 34.0856
    vertex 58.0000 0.0000 34.0000
  endloop
endfacet
facet normal 0.000000 -1.000000 0.000000
  outer loop
    vertex 57.8629 0.0000 42.9590
    vertex 58.0000 0.0000 34.0000
    vertex 58.0000 0.0000 42.9500
  endloop
endfacet
facet normal 0.000000 1.000000 0.000000
  outer loop
    vertex 57.8629 10.0000 42.9590
    vertex 58.0000 10.0000 34.0000
    vertex 56.6947 10.0000 34.0856
  endloop
endfacet
facet normal 0.000000 1.000000 0.000000
  outer loop
    vertex 57.8629 10.0000 42.9590
    vertex 58.0000 10.0000 42.9500
    vertex 58.0000 10.0000 34.0000
  endloop
endfacet
facet normal -0.065403 0.000000 -0.997859
  outer loop
    vertex 56.6947 0.0000 34.0856
    vertex 58.0000 10.0000 34.0000
    vertex 58.0000 0.0000 34.0000
  endloop
endfacet
facet normal -0.065403 0.000000 -0.997859
  outer loop
    vertex 56.6947 0.0000 34.0856
    vertex 56.6947 10.0000 34.0856
    vertex 58.0000 10.0000 34.0000
  endloop
endfacet
facet normal 0.065403 0.000000 0.997859
  outer loop
    vertex 57.8629 0.0000 42.9590
    vertex 58.0000 0.0000 42.9500
    vertex 58.0000 10.0000 42.9500
  endloop
endfacet
facet normal 0.065403 -0.000000 0.997859
  outer loop
    vertex 57.8629 0.0000 42.9590
    vertex 58.0000 10.0000 42.9500
    vertex 57.8629 10.0000 42.9590
  endloop
endfacet
facet normal 0.000000 -1.000000 0.000000
  outer loop
    vertex 58.0000 0.0000 42.9500
    vertex 58.0000 0.0000 34.0000
    vertex 59.3053 0.0000 34.0856
  endloop
endfacet
facet normal 0.000000 -1.000000 0.000000
  outer loop
    vertex 58.0000 0.0000 42.9500
    vertex 59.3053 0.0000 34.0856
    vertex 58.1371 0.0000 42.9590
  endloop
endfacet
facet normal 0.000000 1.000000 0.000000
  outer loop
    vertex 58.0000 10.0000 42.9500
    vertex 59.3053 10.0000 34.0856
    vertex 58.0000 10.0000 34.0000
  endloop
endfacet
facet normal -0.000000 1.000000 0.000000
  outer loop
    vertex 58.0000 10.0000 42.9500
    vertex 58.1371 10.0000 42.9590
    vertex 59.3053 10.0000 34.0856
  endloop
endfacet
facet normal 0.065403 0.000000 -0.997859
  outer loop
    vertex 58.0000 0.0000 34.0000
    vertex 59.3053 10.0000 34.0856
    vertex 59.3053 0.0000 34.0856
  endloop
endfacet
facet normal 0.065403 0.000000 -0.997859
  outer loop
    vertex 58.0000 0.0000 34.0000
    vertex 58.0000 10.0000 34.0000
    vertex 59.3053 10.0000 34.0856
  endloop
endfacet
facet normal -0.065403 0.000000 0.997859
  outer loop
    vertex 58.0000 0.0000 42.9500
    vertex 58.1371 0.0000 42.9590
    vertex 58.1371 10.0000 42.9590
  endloop
endfacet
facet normal -0.065403 0.000000 0.997859
  outer loop
    vertex 58.0000 0.0000 42.9500
    vertex 58.1371 10.0000 42.9590
    vertex 58.0000 10.0000 42.9500
  endloop
endfacet
facet normal 0.000000 -1.000000 0.000000
  outer loop
    vertex 58.1371 0.0000 42.9590
    vertex 59.3053 0.0000 34.0856
    vertex 60.5882 0.0000 34.3407
  endloop
endfacet
facet normal 0.000000 -1.000000 0.000000
  outer loop
    vertex 58.1371 0.0000 42.9590
    vertex 60.5882 0.0000 34.3407
    vertex 58.2718 0.0000 42.9858
  endloop
endfacet
facet normal 0.000000 1.000000 0.000000
  outer loop
    vertex 58.1371 10.0000 42.9590
    vertex 60.5882 10.0000 34.3407
    vertex 59.3053 10.0000 34.0856
  endloop
endfacet
facet normal -0.000000 1.000000 0.000000
  outer loop
    vertex 58.1371 10.0000 42.9590
    vertex 58.2718 10.0000 42.9858
    vertex 60.5882 10.0000 34.3407
  endloop
endfacet
facet normal 0.195090 0.000000 -0.980785
  outer loop
    vertex 59.3053 0.0000 34.0856
    vertex 60.5882 10.0000 34.3407
    vertex 60.5882 0.0000 34.3407
  endloop
endfacet
facet normal 0.195090 0.000000 -0.980785
  outer loop
    vertex 59.3053 0.0000 34.0856
    vertex 59.3053 10.0000 34.0856
    vertex 60.5882 10.0000 34.3407
  endloop
endfacet
facet normal -0.195090 0.000000 0.980785
  outer loop
    vertex 58.1371 0.0000 42.9590
    vertex 58.2718 0.0000 42.9858
    vertex 58.2718 10.0000 42.9858
  endloop
endfacet
facet normal -0.195090 0.000000 0.980785
  outer loop
    vertex 58.1371 0.0000 42.9590
    vertex 58.2718 10.0000 42.9858
    vertex 58.1371 10.0000 42.9590
  endloop
endfacet
facet normal 0.000000 -1.000000 0.000000
  outer loop
    vertex 58.2718 0.0000 42.9858
    vertex 60.5882 0.0000 34.3407
    vertex 61.8268 0.0000 34.7612
  endloop
endfacet
facet normal 0.000000 -1.000000 0.000000
  outer loop
    vertex 58.2718 0.0000 42.9858
    vertex 61.8268 0.0000 34.7612
    vertex 58.4018 0.0000 43.0299
  endloop
endfacet
facet normal 0.000000 1.000000 0.000000
  outer loop
    vertex 58.2718 10.0000 42.9858
    vertex 61.8268 10.0000 34.7612
    vertex 60.5882 10.0000 34.3407
  endloop
endfacet
facet normal -0.000000 1.000000 0.000000
  outer loop
    vertex 58.2718 10.0000 42.9858
    vertex 58.4018 10.0000 43.0299
    vertex 61.8268 10.0000 34.7612
  endloop
endfacet
facet normal 0.321439 0.000000 -0.946930
  outer loop
    vertex 60.5882 0.0000 34.3407
    vertex 61.8268 10.0000 34.7612
    vertex 61.8268 0.0000 34.7612
  endloop
endfacet
facet normal 0.321439 0.000000 -0.946930
  outer loop
    vertex 60.5882 0.0000 34.3407
    vertex 60.5882 10.0000 34.3407
    vertex 61.8268 10.0000 34.7612
  endloop
endfacet
facet normal -0.321439 0.000000 0.946930
  outer loop
    vertex 58.2718 0.0000 42.9858
    vertex 58.4018 0.0000 43.0299
    vertex 58.4018 10.0000 43.0299
  endloop
endfacet
facet normal -0.321439 0.000000 0.946930
  outer loop
    vertex 58.2718 0.0000 42.9858
    vertex 58.4018 10.0000 43.0299
    vertex 58.2718 10.0000 42.9858
  endloop
endfacet
facet normal 0.000000 -1.000000 0.000000
  outer loop
    vertex 58.4018 0.0000 43.0299
    vertex 61.8268 0.0000 34.7612
    vertex 63.0000 0.0000 35.3397
  endloop
endfacet
facet normal 0.000000 -1.000000 0.000000
  outer loop
    vertex 58.4018 0.0000 43.0299
    vertex 63.0000 0.0000 35.3397
    vertex 58.5250 0.0000 43.0907
  endloop
endfacet
facet normal 0.000000 1.000000 0.000000
  outer loop
    vertex 58.4018 10.0000 43.0299
    vertex 63.0000 10.0000 35.3397
    vertex 61.8268 10.0000 34.7612
  endloop
endfacet
facet normal -0.000000 1.000000 0.000000
  outer loop
    vertex 58.4018 10.0000 43.0299
    vertex 58.5250 10.0000 43.0907
    vertex 63.0000 10.0000 35.3397
  endloop
endfacet
facet normal 0.442289 0.000000 -0.896873
  outer loop
    vertex 61.8268 0.0000 34.7612
    vertex 63.0000 10.0000 35.3397
    vertex 63.0000 0.0000 35.3397
  endloop
endfacet
facet normal 0.442289 0.000000 -0.896873
  outer loop
    vertex 61.8268 0.0000 34.7612
    vertex 61.8268 10.0000 34.7612
    vertex 63.0000 10.0000 35.3397
  endloop
endfacet
facet normal -0.442289 0.000000 0.896873
  outer loop
    vertex 58.4018 0.0000 43.0299
    vertex 58.5250 0.0000 43.0907
    vertex 58.5250 10.0000 43.0907
  endloop
endfacet
facet normal -0.442289 0.000000 0.896873
  outer loop
    vertex 58.4018 0.0000 43.0299
    vertex 58.5250 10.0000 43.0907
    vertex 58.4018 10.0000 43.0299
  endloop
endfacet
facet normal 0.000000 -1.000000 0.000000
  outer loop
    vertex 58.5250 0.0000 43.0907
    vertex 63.0000 0.0000 35.3397
    vertex 64.0876 0.0000 36.0665
  endloop
endfacet
facet normal 0.000000 -1.000000 0.000000
  outer loop
    vertex 58.5250 0.0000 43.0907
    vertex 64.0876 0.0000 36.0665
    vertex 58.6392 0.0000 43.1670
  endloop
endfacet
facet normal 0.000000 1.000000 0.000000
  outer loop
    vertex 58.5250 10.0000 43.0907
    vertex 64.0876 10.0000 36.0665
    vertex 63.0000 10.0000 35.3397
  endloop
endfacet
facet normal -0.000000 1.000000 0.000000
  outer loop
    vertex 58.5250 10.0000 43.0907
    vertex 58.6392 10.0000 43.1670
    vertex 64.0876 10.0000 36.0665
  endloop
endfacet
facet normal 0.555570 0.000000 -0.831470
  outer loop
    vertex 63.0000 0.0000 35.3397
    vertex 64.0876 10.0000 36.0665
    vertex 64.0876 0.0000 36.0665
  endloop
endfacet
facet normal 0.555570 0.000000 -0.831470
  outer loop
    vertex 63.0000 0.0000 35.3397
    vertex 63.0000 10.0000 35.3397
    vertex 64.0876 10.0000 36.0665
  endloop
endfacet
facet normal -0.555570 0.000000 0.831470
  outer loop
    vertex 58.5250 0.0000 43.0907
    vertex 58.6392 0.0000 43.1670
    vertex 58.6392 10.0000 43.1670
  endloop
endfacet
facet normal -0.555570 0.000000 0.831470
  outer loop
    vertex 58.5250 0.0000 43.0907
    vertex 58.6392 10.0000 43.1670
    vertex 58.5250 10.0000 43.0907
  endloop
endfacet
facet normal 0.000000 -1.000000 0.000000
  outer loop
    vertex 58.6392 0.0000 43.1670
    vertex 64.0876 0.0000 36.0665
    vertex 65.0711 0.0000 36.9289
  endloop
endfacet
facet normal 0.000000 -1.000000 0.000000
  outer loop
    vertex 58.6392 0.0000 43.1670
    vertex 65.0711 0.0000 36.9289
    vertex 58.7425 0.0000 43.2575
  endloop
endfacet
facet normal 0.000000 1.000000 0.000000
  outer loop
    vertex 58.6392 10.0000 43.1670
    vertex 65.0711 10.0000 36.9289
    vertex 64.0876 10.0000 36.0665
  endloop
endfacet
facet normal -0.000000 1.000000 0.000000
  outer loop
    vertex 58.6392 10.0000 43.1670
    vertex 58.7425 10.0000 43.2575
    vertex 65.0711 10.0000 36.9289
  endloop
endfacet
facet normal 0.659346 0.000000 -0.751840
  outer loop
    vertex 64.0876 0.0000 36.0665
    vertex 65.0711 10.0000 36.9289
    vertex 65.0711 0.0000 36.9289
  endloop
endfacet
facet normal 0.659346 0.000000 -0.751840
  outer loop
    vertex 64.0876 0.0000 36.0665
    vertex 64.0876 10.0000 36.0665
    vertex 65.0711 10.0000 36.9289
  endloop
endfacet
facet normal -0.659346 0.000000 0.751840
  outer loop
    vertex 58.6392 0.0000 43.1670
    vertex 58.7425 0.0000 43.2575
    vertex 58.7425 10.0000 43.2575
  endloop
endfacet
facet normal -0.659346 0.000000 0.751840
  outer loop
    vertex 58.6392 0.0000 43.1670
    vertex 58.7425 10.0000 43.2575
    vertex 58.6392 10.0000 43.1670
  endloop
endfacet
facet normal 0.000000 -1.000000 0.000000
  outer loop
    vertex 58.7425 0.0000 43.2575
    vertex 65.0711 0.0000 36.9289
    vertex 65.9335 0.0000 37.9124
  endloop
endfacet
facet normal 0.000000 -1.000000 0.000000
  outer loop
    vertex 58.7425 0.0000 43.2575
    vertex 65.9335 0.0000 37.9124
    vertex 58.8330 0.0000 43.3608
  endloop
endfacet
facet normal 0.000000 1.000000 0.000000
  outer loop
    vertex 58.7425 10.0000 43.2575
    vertex 65.9335 10.0000 37.9124
    vertex 65.0711 10.0000 36.9289
  endloop
endfacet
facet normal -0.000000 1.000000 0.000000
  outer loop
    vertex 58.7425 10.0000 43.2575
    vertex 58.8330 10.0000 43.3608
    vertex 65.9335 10.0000 37.9124
  endloop
endfacet
facet normal 0.751840 0.000000 -0.659346
  outer loop
    vertex 65.0711 0.0000 36.9289
    vertex 65.9335 10.0000 37.9124
    vertex 65.9335 0.0000 37.9124
  endloop
endfacet
facet normal 0.751840 0.000000 -0.659346
  outer loop
    vertex 65.0711 0.0000 36.9289
    vertex 65.0711 10.0000 36.9289
    vertex 65.9335 10.0000 37.9124
  endloop
endfacet
facet normal -0.751840 0.000000 0.659346
  outer loop
    vertex 58.7425 0.0000 43.2575
    vertex 58.8330 0.0000 43.3608
    vertex 58.8330 10.0000 43.3608
  endloop
endfacet
facet normal -0.751840 0.000000 0.659346
  outer loop
    vertex 58.7425 0.0000 43.2575
    vertex 58.8330 10.0000 43.3608
    vertex 58.7425 10.0000 43.2575
  endloop
endfacet
facet normal 0.000000 -1.000000 0.000000
  outer loop
    vertex 58.8330 0.0000 43.3608
    vertex 65.9335 0.0000 37.9124
    vertex 66.6603 0.0000 39.0000
  endloop
endfacet
facet normal 0.000000 -1.000000 0.000000
  outer loop
    vertex 58.8330 0.0000 43.3608
    vertex 66.6603 0.0000 39.0000
    vertex 58.9093 0.0000 43.4750
  endloop
endfacet
facet normal 0.000000 1.000000 0.000000
  outer loop
    vertex 58.8330 10.0000 43.3608
    vertex 66.6603 10.0000 39.0000
    vertex 65.9335 10.0000 37.9124
  endloop
endfacet
facet normal -0.000000 1.000000 0.000000
  outer loop
    vertex 58.8330 10.0000 43.3608
    vertex 58.9093 10.0000 43.4750
    vertex 66.6603 10.0000 39.0000
  endloop
endfacet
facet normal 0.831470 0.000000 -0.555570
  outer loop
    vertex 65.9335 0.0000 37.9124
    vertex 66.6603 10.0000 39.0000
    vertex 66.6603 0.0000 39.0000
  endloop
endfacet
facet normal 0.831470 0.000000 -0.555570
  outer loop
    vertex 65.9335 0.0000 37.9124
    vertex 65.9335 10.0000 37.9124
    vertex 66.6603 10.0000 39.0000
  endloop
endfacet
facet normal -0.831470 0.000000 0.555570
  outer loop
    vertex 58.8330 0.0000 43.3608
    vertex 58.9093 0.0000 43.4750
    vertex 58.9093 10.0000 43.4750
  endloop
endfacet
facet normal -0.831470 0.000000 0.555570
  outer loop
    vertex 58.8330 0.0000 43.3608
    vertex 58.9093 10.0000 43.4750
    vertex 58.8330 10.0000 43.3608
  endloop
endfacet
facet normal 0.000000 -1.000000 0.000000
  outer loop
    vertex 58.9093 0.0000 43.4750
    vertex 66.6603 0.0000 39.0000
    vertex 67.2388 0.0000 40.1732
  endloop
endfacet
facet normal 0.000000 -1.000000 0.000000
  outer loop
    vertex 58.9093 0.0000 43.4750
    vertex 67.2388 0.0000 40.1732
    vertex 58.9701 0.0000 43.5982
  endloop
endfacet
facet normal 0.000000 1.000000 0.000000
  outer loop
    vertex 58.9093 10.0000 43.4750
    vertex 67.2388 10.0000 40.1732
    vertex 66.6603 10.0000 39.0000
  endloop
endfacet
facet normal -0.000000 1.000000 0.000000
  outer loop
    vertex 58.9093 10.0000 43.4750
    vertex 58.9701 10.0000 43.5982
    vertex 67.2388 10.0000 40.1732
  endloop
endfacet
facet normal 0.896873 0.000000 -0.442289
  outer loop
    vertex 66.6603 0.0000 39.0000
    vertex 67.2388 10.0000 40.1732
    vertex 67.2388 0.0000 40.1732
  endloop
endfacet
facet normal 0.896873 0.000000 -0.442289
  outer loop
    vertex 66.6603 0.0000 39.0000
    vertex 66.6603 10.0000 39.0000
    vertex 67.2388 10.0000 40.1732
  endloop
endfacet
facet normal -0.896873 0.000000 0.442289
  outer loop
    vertex 58.9093 0.0000 43.4750
    vertex 58.9701 0.0000 43.5982
    vertex 58.9701 10.0000 43.5982
  endloop
endfacet
facet normal -0.896873 0.000000 0.442289
  outer loop
    vertex 58.9093 0.0000 43.4750
    vertex 58.9701 10.0000 43.5982
    vertex 58.9093 10.0000 43.4750
  endloop
endfacet
facet normal 0.000000 -1.000000 0.000000
  outer loop
    vertex 58.9701 0.0000 43.5982
    vertex 67.2388 0.0000 40.1732
    vertex 67.6593 0.0000 41.4118
  endloop
endfacet
facet normal 0.000000 -1.000000 0.000000
  outer loop
    vertex 58.9701 0.0000 43.5982
    vertex 67.6593 0.0000 41.4118
    vertex 59.0142 0.0000 43.7282
  endloop
endfacet
facet normal 0.000000 1.000000 0.000000
  outer loop
    vertex 58.9701 10.0000 43.5982
    vertex 67.6593 10.0000 41.4118
    vertex 67.2388 10.0000 40.1732
  endloop
endfacet
facet normal -0.000000 1.000000 0.000000
  outer loop
    vertex 58.9701 10.0000 43.5982
    vertex 59.0142 10.0000 43.7282
    vertex 67.6593 10.0000 41.4118
  endloop
endfacet
facet normal 0.946930 0.000000 -0.321439
  outer loop
    vertex 67.2388 0.0000 40.1732
    vertex 67.6593 10.0000 41.4118
    vertex 67.6593 0.0000 41.4118
  endloop
endfacet
facet normal 0.946930 0.000000 -0.321439
  outer loop
    vertex 67.2388 0.0000 40.1732
    vertex 67.2388 10.0000 40.1732
    vertex 67.6593 10.0000 41.4118
  endloop
endfacet
facet normal -0.946930 0.000000 0.321439
  outer loop
    vertex 58.9701 0.0000 43.5982
    vertex 59.0142 0.0000 43.7282
    vertex 59.0142 10.0000 43.7282
  endloop
endfacet
facet normal -0.946930 0.000000 0.321439
  outer loop
    vertex 58.9701 0.0000 43.5982
    vertex 59.0142 10.0000 43.7282
    vertex 58.9701 10.0000 43.5982
  endloop
endfacet
facet normal 0.000000 -1.000000 0.000000
  outer loop
    vertex 59.0142 0.0000 43.7282
    vertex 67.6593 0.0000 41.4118
    vertex 67.9144 0.0000 42.6947
  endloop
endfacet
facet normal 0.000000 -1.000000 0.000000
  outer loop
    vertex 59.0142 0.0000 43.7282
    vertex 67.9144 0.0000 42.6947
    vertex 59.0410 0.0000 43.8629
  endloop
endfacet
facet normal 0.000000 1.000000 0.000000
  outer loop
    vertex 59.0142 10.0000 43.7282
    vertex 67.9144 10.0000 42.6947
    vertex 67.6593 10.0000 41.4118
  endloop
endfacet
facet normal -0.000000 1.000000 0.000000
  outer loop
    vertex 59.0142 10.0000 43.7282
    vertex 59.0410 10.0000 43.8629
    vertex 67.9144 10.0000 42.6947
  endloop
endfacet
facet normal 0.980785 0.000000 -0.195090
  outer loop
    vertex 67.6593 0.0000 41.4118
    vertex 67.9144 10.0000 42.6947
    vertex 67.9144 0.0000 42.6947
  endloop
endfacet
facet normal 0.980785 0.000000 -0.195090
  outer loop
    vertex 67.6593 0.0000 41.4118
    vertex 67.6593 10.0000 41.4118
    vertex 67.9144 10.0000 42.6947
  endloop
endfacet
facet normal -0.980785 0.000000 0.195090
  outer loop
    vertex 59.0142 0.0000 43.7282
    vertex 59.0410 0.0000 43.8629
    vertex 59.0410 10.0000 43.8629
  endloop
endfacet
facet normal -0.980785 0.000000 0.195090
  outer loop
    vertex 59.0142 0.0000 43.7282
    vertex 59.0410 10.0000 43.8629
    vertex 59.0142 10.0000 43.7282
  endloop
endfacet
facet normal 0.000000 -1.000000 0.000000
  outer loop
    vertex 59.0410 0.0000 43.8629
    vertex 67.9144 0.0000 42.6947
    vertex 68.0000 0.0000 44.0000
  endloop
endfacet
facet normal 0.000000 -1.000000 0.000000
  outer loop
    vertex 59.0410 0.0000 43.8629
    vertex 68.0000 0.0000 44.0000
    vertex 59.0500 0.0000 44.0000
  endloop
endfacet
facet normal -0.000000 1.000000 0.000000
  outer loop
    vertex 59.0410 10.0000 43.8629
    vertex 68.0000 10.0000 44.0000
    vertex 67.9144 10.0000 42.6947
  endloop
endfacet
facet normal 0.000000 1.000000 0.000000
  outer loop
    vertex 59.0410 10.0000 43.8629
    vertex 59.0500 10.0000 44.0000
    vertex 68.0000 10.0000 44.0000
  endloop
endfacet
facet normal 0.997859 0.000000 -0.065403
  outer loop
    vertex 67.9144 0.0000 42.6947
    vertex 68.0000 10.0000 44.0000
    vertex 68.0000 0.0000 44.0000
  endloop
endfacet
facet normal 0.997859 0.000000 -0.065403
  outer loop
    vertex 67.9144 0.0000 42.6947
    vertex 67.9144 10.0000 42.6947
    vertex 68.0000 10.0000 44.0000
  endloop
endfacet
facet normal -0.997859 0.000000 0.065403
  outer loop
    vertex 59.0410 0.0000 43.8629
    vertex 59.0500 0.0000 44.0000
    vertex 59.0500 10.0000 44.0000
  endloop
endfacet
facet normal -0.997859 0.000000 0.065403
  outer loop
    vertex 59.0410 0.0000 43.8629
    vertex 59.0500 10.0000 44.0000
    vertex 59.0410 10.0000 43.8629
  endloop
endfacet
facet normal 0.000000 -1.000000 0.000000
  outer loop
    vertex 83.1000 0.0000 44.0000
    vertex 92.0000 0.0000 44.0000
    vertex 91.9144 0.0000 45.3053
  endloop
endfacet
facet normal 0.000000 -1.000000 0.000000
  outer loop
    vertex 83.1000 0.0000 44.0000
    vertex 91.9144 0.0000 45.3053
    vertex 83.0906 0.0000 44.1436
  endloop
endfacet
facet normal 0.000000 1.000000 0.000000
  outer loop
    vertex 83.1000 11.0000 44.0000
    vertex 91.9144 11.0000 45.3053
    vertex 92.0000 11.0000 44.0000
  endloop
endfacet
facet normal 0.000000 1.000000 -0.000000
  outer loop
    vertex 83.1000 11.0000 44.0000
    vertex 83.0906 11.0000 44.1436
    vertex 91.9144 11.0000 45.3053
  endloop
endfacet
facet normal 0.997859 0.000000 0.065403
  outer loop
    vertex 92.0000 0.0000 44.0000
    vertex 91.9144 11.0000 45.3053
    vertex 91.9144 0.0000 45.3053
  endloop
endfacet
facet normal 0.997859 -0.000000 0.065403
  outer loop
    vertex 92.0000 0.0000 44.0000
    vertex 92.0000 11.0000 44.0000
    vertex 91.9144 11.0000 45.3053
  endloop
endfacet
facet normal -0.997859 0.000000 -0.065403
  outer loop
    vertex 83.1000 0.0000 44.0000
    vertex 83.0906 0.0000 44.1436
    vertex 83.0906 11.0000 44.1436
  endloop
endfacet
facet normal -0.997859 0.000000 -0.065403
  outer loop
    vertex 83.1000 0.0000 44.0000
    vertex 83.0906 11.0000 44.1436
    vertex 83.1000 11.0000 44.0000
  endloop
endfacet
facet normal 0.000000 -1.000000 0.000000
  outer loop
    vertex 83.0906 0.0000 44.1436
    vertex 91.9144 0.0000 45.3053
    vertex 91.6593 0.0000 46.5882
  endloop
endfacet
facet normal 0.000000 -1.000000 0.000000
  outer loop
    vertex 83.0906 0.0000 44.1436
    vertex 91.6593 0.0000 46.5882
    vertex 83.0625 0.0000 44.2847
  endloop
endfacet
facet normal 0.000000 1.000000 0.000000
  outer loop
    vertex 83.0906 11.0000 44.1436
    vertex 91.6593 11.0000 46.5882
    vertex 91.9144 11.0000 45.3053
  endloop
endfacet
facet normal 0.000000 1.000000 -0.000000
  outer loop
    vertex 83.0906 11.0000 44.1436
    vertex 83.0625 11.0000 44.2847
    vertex 91.6593 11.0000 46.5882
  endloop
endfacet
facet normal 0.980785 0.000000 0.195090
  outer loop
    vertex 91.9144 0.0000 45.3053
    vertex 91.6593 11.0000 46.5882
    vertex 91.6593 0.0000 46.5882
  endloop
endfacet
facet normal 0.980785 -0.000000 0.195090
  outer loop
    vertex 91.9144 0.0000 45.3053
    vertex 91.9144 11.0000 45.3053
    vertex 91.6593 11.0000 46.5882
  endloop
endfacet
facet normal -0.980785 0.000000 -0.195090
  outer loop
    vertex 83.0906 0.0000 44.1436
    vertex 83.0625 0.0000 44.2847
    vertex 83.0625 11.0000 44.2847
  endloop
endfacet
facet normal -0.980785 0.000000 -0.195090
  outer loop
    vertex 83.0906 0.0000 44.1436
    vertex 83.0625 11.0000 44.2847
    vertex 83.0906 11.0000 44.1436
  endloop
endfacet
facet normal 0.000000 -1.000000 0.000000
  outer loop
    vertex 83.0625 0.0000 44.2847
    vertex 91.6593 0.0000 46.5882
    vertex 91.2388 0.0000 47.8268
  endloop
endfacet
facet normal 0.000000 -1.000000 0.000000
  outer loop
    vertex 83.0625 0.0000 44.2847
    vertex 91.2388 0.0000 47.8268
    vertex 83.0163 0.0000 44.4210
  endloop
endfacet
facet normal 0.000000 1.000000 0.000000
  outer loop
    vertex 83.0625 11.0000 44.2847
    vertex 91.2388 11.0000 47.8268
    vertex 91.6593 11.0000 46.5882
  endloop
endfacet
facet normal 0.000000 1.000000 -0.000000
  outer loop
    vertex 83.0625 11.0000 44.2847
    vertex 83.0163 11.0000 44.4210
    vertex 91.2388 11.0000 47.8268
  endloop
endfacet
facet normal 0.946930 0.000000 0.321439
  outer loop
    vertex 91.6593 0.0000 46.5882
    vertex 91.2388 11.0000 47.8268
    vertex 91.2388 0.0000 47.8268
  endloop
endfacet
facet normal 0.946930 -0.000000 0.321439
  outer loop
    vertex 91.6593 0.0000 46.5882
    vertex 91.6593 11.0000 46.5882
    vertex 91.2388 11.0000 47.8268
  endloop
endfacet
facet normal -0.946930 0.000000 -0.321439
  outer loop
    vertex 83.0625 0.0000 44.2847
    vertex 83.0163 0.0000 44.4210
    vertex 83.0163 11.0000 44.4210
  endloop
endfacet
facet normal -0.946930 0.000000 -0.321439
  outer loop
    vertex 83.0625 0.0000 44.2847
    vertex 83.0163 11.0000 44.4210
    vertex 83.0625 11.0000 44.2847
  endloop
endfacet
facet normal 0.000000 -1.000000 0.000000
  outer loop
    vertex 83.0163 0.0000 44.4210
    vertex 91.2388 0.0000 47.8268
    vertex 90.6603 0.0000 49.0000
  endloop
endfacet
facet normal 0.000000 -1.000000 0.000000
  outer loop
    vertex 83.0163 0.0000 44.4210
    vertex 90.6603 0.0000 49.0000
    vertex 82.9526 0.0000 44.5500
  endloop
endfacet
facet normal 0.000000 1.000000 0.000000
  outer loop
    vertex 83.0163 11.0000 44.4210
    vertex 90.6603 11.0000 49.0000
    vertex 91.2388 11.0000 47.8268
  endloop
endfacet
facet normal 0.000000 1.000000 -0.000000
  outer loop
    vertex 83.0163 11.0000 44.4210
    vertex 82.9526 11.0000 44.5500
    vertex 90.6603 11.0000 49.0000
  endloop
endfacet
facet normal 0.896873 0.000000 0.442289
  outer loop
    vertex 91.2388 0.0000 47.8268
    vertex 90.6603 11.0000 49.0000
    vertex 90.6603 0.0000 49.0000
  endloop
endfacet
facet normal 0.896873 -0.000000 0.442289
  outer loop
    vertex 91.2388 0.0000 47.8268
    vertex 91.2388 11.0000 47.8268
    vertex 90.6603 11.0000 49.0000
  endloop
endfacet
facet normal -0.896873 0.000000 -0.442289
  outer loop
    vertex 83.0163 0.0000 44.4210
    vertex 82.9526 0.0000 44.5500
    vertex 82.9526 11.0000 44.5500
  endloop
endfacet
facet normal -0.896873 0.000000 -0.442289
  outer loop
    vertex 83.0163 0.0000 44.4210
    vertex 82.9526 11.0000 44.5500
    vertex 83.0163 11.0000 44.4210
  endloop
endfacet
facet normal 0.000000 -1.000000 0.000000
  outer loop
    vertex 82.9526 0.0000 44.5500
    vertex 90.6603 0.0000 49.0000
    vertex 89.9335 0.0000 50.0876
  endloop
endfacet
facet normal 0.000000 -1.000000 0.000000
  outer loop
    vertex 82.9526 0.0000 44.5500
    vertex 89.9335 0.0000 50.0876
    vertex 82.8727 0.0000 44.6696
  endloop
endfacet
facet normal 0.000000 1.000000 0.000000
  outer loop
    vertex 82.9526 11.0000 44.5500
    vertex 89.9335 11.0000 50.0876
    vertex 90.6603 11.0000 49.0000
  endloop
endfacet
facet normal 0.000000 1.000000 -0.000000
  outer loop
    vertex 82.9526 11.0000 44.5500
    vertex 82.8727 11.0000 44.6696
    vertex 89.9335 11.0000 50.0876
  endloop
endfacet
facet normal 0.831470 0.000000 0.555570
  outer loop
    vertex 90.6603 0.0000 49.0000
    vertex 89.9335 11.0000 50.0876
    vertex 89.9335 0.0000 50.0876
  endloop
endfacet
facet normal 0.831470 -0.000000 0.555570
  outer loop
    vertex 90.6603 0.0000 49.0000
    vertex 90.6603 11.0000 49.0000
    vertex 89.9335 11.0000 50.0876
  endloop
endfacet
facet normal -0.831470 0.000000 -0.555570
  outer loop
    vertex 82.9526 0.0000 44.5500
    vertex 82.8727 0.0000 44.6696
    vertex 82.8727 11.0000 44.6696
  endloop
endfacet
facet normal -0.831470 0.000000 -0.555570
  outer loop
    vertex 82.9526 0.0000 44.5500
    vertex 82.8727 11.0000 44.6696
    vertex 82.9526 11.0000 44.5500
  endloop
endfacet
facet normal 0.000000 -1.000000 0.000000
  outer loop
    vertex 82.8727 0.0000 44.6696
    vertex 89.9335 0.0000 50.0876
    vertex 89.0711 0.0000 51.0711
  endloop
endfacet
facet normal 0.000000 -1.000000 0.000000
  outer loop
    vertex 82.8727 0.0000 44.6696
    vertex 89.0711 0.0000 51.0711
    vertex 82.7778 0.0000 44.7778
  endloop
endfacet
facet normal 0.000000 1.000000 0.000000
  outer loop
    vertex 82.8727 11.0000 44.6696
    vertex 89.0711 11.0000 51.0711
    vertex 89.9335 11.0000 50.0876
  endloop
endfacet
facet normal 0.000000 1.000000 -0.000000
  outer loop
    vertex 82.8727 11.0000 44.6696
    vertex 82.7778 11.0000 44.7778
    vertex 89.0711 11.0000 51.0711
  endloop
endfacet
facet normal 0.751840 0.000000 0.659346
  outer loop
    vertex 89.9335 0.0000 50.0876
    vertex 89.0711 11.0000 51.0711
    vertex 89.0711 0.0000 51.0711
  endloop
endfacet
facet normal 0.751840 -0.000000 0.659346
  outer loop
    vertex 89.9335 0.0000 50.0876
    vertex 89.9335 11.0000 50.0876
    vertex 89.0711 11.0000 51.0711
  endloop
endfacet
facet normal -0.751840 0.000000 -0.659346
  outer loop
    vertex 82.8727 0.0000 44.6696
    vertex 82.7778 0.0000 44.7778
    vertex 82.7778 11.0000 44.7778
  endloop
endfacet
facet normal -0.751840 0.000000 -0.659346
  outer loop
    vertex 82.8727 0.0000 44.6696
    vertex 82.7778 11.0000 44.7778
    vertex 82.8727 11.0000 44.6696
  endloop
endfacet
facet normal 0.000000 -1.000000 0.000000
  outer loop
    vertex 82.7778 0.0000 44.7778
    vertex 89.0711 0.0000 51.0711
    vertex 88.0876 0.0000 51.9335
  endloop
endfacet
facet normal 0.000000 -1.000000 0.000000
  outer loop
    vertex 82.7778 0.0000 44.7778
    vertex 88.0876 0.0000 51.9335
    vertex 82.6696 0.0000 44.8727
  endloop
endfacet
facet normal 0.000000 1.000000 0.000000
  outer loop
    vertex 82.7778 11.0000 44.7778
    vertex 88.0876 11.0000 51.9335
    vertex 89.0711 11.0000 51.0711
  endloop
endfacet
facet normal 0.000000 1.000000 -0.000000
  outer loop
    vertex 82.7778 11.0000 44.7778
    vertex 82.6696 11.0000 44.8727
    vertex 88.0876 11.0000 51.9335
  endloop
endfacet
facet normal 0.659346 0.000000 0.751840
  outer loop
    vertex 89.0711 0.0000 51.0711
    vertex 88.0876 11.0000 51.9335
    vertex 88.0876 0.0000 51.9335
  endloop
endfacet
facet normal 0.659346 -0.000000 0.751840
  outer loop
    vertex 89.0711 0.0000 51.0711
    vertex 89.0711 11.0000 51.0711
    vertex 88.0876 11.0000 51.9335
  endloop
endfacet
facet normal -0.659346 0.000000 -0.751840
  outer loop
    vertex 82.7778 0.0000 44.7778
    vertex 82.6696 0.0000 44.8727
    vertex 82.6696 11.0000 44.8727
  endloop
endfacet
facet normal -0.659346 0.000000 -0.751840
  outer loop
    vertex 82.7778 0.0000 44.7778
    vertex 82.6696 11.0000 44.8727
    vertex 82.7778 11.0000 44.7778
  endloop
endfacet
facet normal 0.000000 -1.000000 0.000000
  outer loop
    vertex 82.6696 0.0000 44.8727
    vertex 88.0876 0.0000 51.9335
    vertex 87.0000 0.0000 52.6603
  endloop
endfacet
facet normal 0.000000 -1.000000 0.000000
  outer loop
    vertex 82.6696 0.0000 44.8727
    vertex 87.0000 0.0000 52.6603
    vertex 82.5500 0.0000 44.9526
  endloop
endfacet
facet normal 0.000000 1.000000 0.000000
  outer loop
    vertex 82.6696 11.0000 44.8727
    vertex 87.0000 11.0000 52.6603
    vertex 88.0876 11.0000 51.9335
  endloop
endfacet
facet normal 0.000000 1.000000 -0.000000
  outer loop
    vertex 82.6696 11.0000 44.8727
    vertex 82.5500 11.0000 44.9526
    vertex 87.0000 11.0000 52.6603
  endloop
endfacet
facet normal 0.555570 0.000000 0.831470
  outer loop
    vertex 88.0876 0.0000 51.9335
    vertex 87.0000 11.0000 52.6603
    vertex 87.0000 0.0000 52.6603
  endloop
endfacet
facet normal 0.555570 -0.000000 0.831470
  outer loop
    vertex 88.0876 0.0000 51.9335
    vertex 88.0876 11.0000 51.9335
    vertex 87.0000 11.0000 52.6603
  endloop
endfacet
facet normal -0.555570 0.000000 -0.831470
  outer loop
    vertex 82.6696 0.0000 44.8727
    vertex 82.5500 0.0000 44.9526
    vertex 82.5500 11.0000 44.9526
  endloop
endfacet
facet normal -0.555570 0.000000 -0.831470
  outer loop
    vertex 82.6696 0.0000 44.8727
    vertex 82.5500 11.0000 44.9526
    vertex 82.6696 11.0000 44.8727
  endloop
endfacet
facet normal 0.000000 -1.000000 0.000000
  outer loop
    vertex 82.5500 0.0000 44.9526
    vertex 87.0000 0.0000 52.6603
    vertex 85.8268 0.0000 53.2388
  endloop
endfacet
facet normal 0.000000 -1.000000 0.000000
  outer loop
    vertex 82.5500 0.0000 44.9526
    vertex 85.8268 0.0000 53.2388
    vertex 82.4210 0.0000 45.0163
  endloop
endfacet
facet normal 0.000000 1.000000 0.000000
  outer loop
    vertex 82.5500 11.0000 44.9526
    vertex 85.8268 11.0000 53.2388
    vertex 87.0000 11.0000 52.6603
  endloop
endfacet
facet normal 0.000000 1.000000 -0.000000
  outer loop
    vertex 82.5500 11.0000 44.9526
    vertex 82.4210 11.0000 45.0163
    vertex 85.8268 11.0000 53.2388
  endloop
endfacet
facet normal 0.442289 0.000000 0.896873
  outer loop
    vertex 87.0000 0.0000 52.6603
    vertex 85.8268 11.0000 53.2388
    vertex 85.8268 0.0000 53.2388
  endloop
endfacet
facet normal 0.442289 -0.000000 0.896873
  outer loop
    vertex 87.0000 0.0000 52.6603
    vertex 87.0000 11.0000 52.6603
    vertex 85.8268 11.0000 53.2388
  endloop
endfacet
facet normal -0.442289 0.000000 -0.896873
  outer loop
    vertex 82.5500 0.0000 44.9526
    vertex 82.4210 0.0000 45.0163
    vertex 82.4210 11.0000 45.0163
  endloop
endfacet
facet normal -0.442289 0.000000 -0.896873
  outer loop
    vertex 82.5500 0.0000 44.9526
    vertex 82.4210 11.0000 45.0163
    vertex 82.5500 11.0000 44.9526
  endloop
endfacet
facet normal 0.000000 -1.000000 0.000000
  outer loop
    vertex 82.4210 0.0000 45.0163
    vertex 85.8268 0.0000 53.2388
    vertex 84.5882 0.0000 53.6593
  endloop
endfacet
facet normal 0.000000 -1.000000 0.000000
  outer loop
    vertex 82.4210 0.0000 45.0163
    vertex 84.5882 0.0000 53.6593
    vertex 82.2847 0.0000 45.0625
  endloop
endfacet
facet normal 0.000000 1.000000 0.000000
  outer loop
    vertex 82.4210 11.0000 45.0163
    vertex 84.5882 11.0000 53.6593
    vertex 85.8268 11.0000 53.2388
  endloop
endfacet
facet normal 0.000000 1.000000 -0.000000
  outer loop
    vertex 82.4210 11.0000 45.0163
    vertex 82.2847 11.0000 45.0625
    vertex 84.5882 11.0000 53.6593
  endloop
endfacet
facet normal 0.321439 0.000000 0.946930
  outer loop
    vertex 85.8268 0.0000 53.2388
    vertex 84.5882 11.0000 53.6593
    vertex 84.5882 0.0000 53.6593
  endloop
endfacet
facet normal 0.321439 -0.000000 0.946930
  outer loop
    vertex 85.8268 0.0000 53.2388
    vertex 85.8268 11.0000 53.2388
    vertex 84.5882 11.0000 53.6593
  endloop
endfacet
facet normal -0.321439 0.000000 -0.946930
  outer loop
    vertex 82.4210 0.0000 45.0163
    vertex 82.2847 0.0000 45.0625
    vertex 82.2847 11.0000 45.0625
  endloop
endfacet
facet normal -0.321439 0.000000 -0.946930
  outer loop
    vertex 82.4210 0.0000 45.0163
    vertex 82.2847 11.0000 45.0625
    vertex 82.4210 11.0000 45.0163
  endloop
endfacet
facet normal 0.000000 -1.000000 0.000000
  outer loop
    vertex 82.2847 0.0000 45.0625
    vertex 84.5882 0.0000 53.6593
    vertex 83.3053 0.0000 53.9144
  endloop
endfacet
facet normal 0.000000 -1.000000 0.000000
  outer loop
    vertex 82.2847 0.0000 45.0625
    vertex 83.3053 0.0000 53.9144
    vertex 82.1436 0.0000 45.0906
  endloop
endfacet
facet normal 0.000000 1.000000 0.000000
  outer loop
    vertex 82.2847 11.0000 45.0625
    vertex 83.3053 11.0000 53.9144
    vertex 84.5882 11.0000 53.6593
  endloop
endfacet
facet normal 0.000000 1.000000 -0.000000
  outer loop
    vertex 82.2847 11.0000 45.0625
    vertex 82.1436 11.0000 45.0906
    vertex 83.3053 11.0000 53.9144
  endloop
endfacet
facet normal 0.195090 0.000000 0.980785
  outer loop
    vertex 84.5882 0.0000 53.6593
    vertex 83.3053 11.0000 53.9144
    vertex 83.3053 0.0000 53.9144
  endloop
endfacet
facet normal 0.195090 -0.000000 0.980785
  outer loop
    vertex 84.5882 0.0000 53.6593
    vertex 84.5882 11.0000 53.6593
    vertex 83.3053 11.0000 53.9144
  endloop
endfacet
facet normal -0.195090 0.000000 -0.980785
  outer loop
    vertex 82.2847 0.0000 45.0625
    vertex 82.1436 0.0000 45.0906
    vertex 82.1436 11.0000 45.0906
  endloop
endfacet
facet normal -0.195090 0.000000 -0.980785
  outer loop
    vertex 82.2847 0.0000 45.0625
    vertex 82.1436 11.0000 45.0906
    vertex 82.2847 11.0000 45.0625
  endloop
endfacet
facet normal 0.000000 -1.000000 0.000000
  outer loop
    vertex 82.1436 0.0000 45.0906
    vertex 83.3053 0.0000 53.9144
    vertex 82.0000 0.0000 54.0000
  endloop
endfacet
facet normal 0.000000 -1.000000 0.000000
  outer loop
    vertex 82.1436 0.0000 45.0906
    vertex 82.0000 0.0000 54.0000
    vertex 82.0000 0.0000 45.1000
  endloop
endfacet
facet normal 0.000000 1.000000 -0.000000
  outer loop
    vertex 82.1436 11.0000 45.0906
    vertex 82.0000 11.0000 54.0000
    vertex 83.3053 11.0000 53.9144
  endloop
endfacet
facet normal 0.000000 1.000000 0.000000
  outer loop
    vertex 82.1436 11.0000 45.0906
    vertex 82.0000 11.0000 45.1000
    vertex 82.0000 11.0000 54.0000
  endloop
endfacet
facet normal 0.065403 0.000000 0.997859
  outer loop
    vertex 83.3053 0.0000 53.9144
    vertex 82.0000 11.0000 54.0000
    vertex 82.0000 0.0000 54.0000
  endloop
endfacet
facet normal 0.065403 -0.000000 0.997859
  outer loop
    vertex 83.3053 0.0000 53.9144
    vertex 83.3053 11.0000 53.9144
    vertex 82.0000 11.0000 54.0000
  endloop
endfacet
facet normal -0.065403 0.000000 -0.997859
  outer loop
    vertex 82.1436 0.0000 45.0906
    vertex 82.0000 0.0000 45.1000
    vertex 82.0000 11.0000 45.1000
  endloop
endfacet
facet normal -0.065403 0.000000 -0.997859
  outer loop
    vertex 82.1436 0.0000 45.0906
    vertex 82.0000 11.0000 45.1000
    vertex 82.1436 11.0000 45.0906
  endloop
endfacet
facet normal 0.000000 -1.000000 0.000000
  outer loop
    vertex 82.0000 0.0000 45.1000
    vertex 82.0000 0.0000 54.0000
    vertex 80.6947 0.0000 53.9144
  endloop
endfacet
facet normal -0.000000 -1.000000 0.000000
  outer loop
    vertex 82.0000 0.0000 45.1000
    vertex 80.6947 0.0000 53.9144
    vertex 81.8564 0.0000 45.0906
  endloop
endfacet
facet normal 0.000000 1.000000 -0.000000
  outer loop
    vertex 82.0000 11.0000 45.1000
    vertex 80.6947 11.0000 53.9144
    vertex 82.0000 11.0000 54.0000
  endloop
endfacet
facet normal 0.000000 1.000000 0.000000
  outer loop
    vertex 82.0000 11.0000 45.1000
    vertex 81.8564 11.0000 45.0906
    vertex 80.6947 11.0000 53.9144
  endloop
endfacet
facet normal -0.065403 0.000000 0.997859
  outer loop
    vertex 82.0000 0.0000 54.0000
    vertex 80.6947 11.0000 53.9144
    vertex 80.6947 0.0000 53.9144
  endloop
endfacet
facet normal -0.065403 0.000000 0.997859
  outer loop
    vertex 82.0000 0.0000 54.0000
    vertex 82.0000 11.0000 54.0000
    vertex 80.6947 11.0000 53.9144
  endloop
endfacet
facet normal 0.065403 0.000000 -0.997859
  outer loop
    vertex 82.0000 0.0000 45.1000
    vertex 81.8564 0.0000 45.0906
    vertex 81.8564 11.0000 45.0906
  endloop
endfacet
facet normal 0.065403 0.000000 -0.997859
  outer loop
    vertex 82.0000 0.0000 45.1000
    vertex 81.8564 11.0000 45.0906
    vertex 82.0000 11.0000 45.1000
  endloop
endfacet
facet normal 0.000000 -1.000000 0.000000
  outer loop
    vertex 81.8564 0.0000 45.0906
    vertex 80.6947 0.0000 53.9144
    vertex 79.4118 0.0000 53.6593
  endloop
endfacet
facet normal -0.000000 -1.000000 0.000000
  outer loop
    vertex 81.8564 0.0000 45.0906
    vertex 79.4118 0.0000 53.6593
    vertex 81.7153 0.0000 45.0625
  endloop
endfacet
facet normal 0.000000 1.000000 0.000000
  outer loop
    vertex 81.8564 11.0000 45.0906
    vertex 79.4118 11.0000 53.6593
    vertex 80.6947 11.0000 53.9144
  endloop
endfacet
facet normal 0.000000 1.000000 0.000000
  outer loop
    vertex 81.8564 11.0000 45.0906
    vertex 81.7153 11.0000 45.0625
    vertex 79.4118 11.0000 53.6593
  endloop
endfacet
facet normal -0.195090 0.000000 0.980785
  outer loop
    vertex 80.6947 0.0000 53.9144
    vertex 79.4118 11.0000 53.6593
    vertex 79.4118 0.0000 53.6593
  endloop
endfacet
facet normal -0.195090 0.000000 0.980785
  outer loop
    vertex 80.6947 0.0000 53.9144
    vertex 80.6947 11.0000 53.9144
    vertex 79.4118 11.0000 53.6593
  endloop
endfacet
facet normal 0.195090 0.000000 -0.980785
  outer loop
    vertex 81.8564 0.0000 45.0906
    vertex 81.7153 0.0000 45.0625
    vertex 81.7153 11.0000 45.0625
  endloop
endfacet
facet normal 0.195090 0.000000 -0.980785
  outer loop
    vertex 81.8564 0.0000 45.0906
    vertex 81.7153 11.0000 45.0625
    vertex 81.8564 11.0000 45.0906
  endloop
endfacet
facet normal 0.000000 -1.000000 0.000000
  outer loop
    vertex 81.7153 0.0000 45.0625
    vertex 79.4118 0.0000 53.6593
    vertex 78.1732 0.0000 53.2388
  endloop
endfacet
facet normal -0.000000 -1.000000 0.000000
  outer loop
    vertex 81.7153 0.0000 45.0625
    vertex 78.1732 0.0000 53.2388
    vertex 81.5790 0.0000 45.0163
  endloop
endfacet
facet normal 0.000000 1.000000 0.000000
  outer loop
    vertex 81.7153 11.0000 45.0625
    vertex 78.1732 11.0000 53.2388
    vertex 79.4118 11.0000 53.6593
  endloop
endfacet
facet normal 0.000000 1.000000 0.000000
  outer loop
    vertex 81.7153 11.0000 45.0625
    vertex 81.5790 11.0000 45.0163
    vertex 78.1732 11.0000 53.2388
  endloop
endfacet
facet normal -0.321439 0.000000 0.946930
  outer loop
    vertex 79.4118 0.0000 53.6593
    vertex 78.1732 11.0000 53.2388
    vertex 78.1732 0.0000 53.2388
  endloop
endfacet
facet normal -0.321439 0.000000 0.946930
  outer loop
    vertex 79.4118 0.0000 53.6593
    vertex 79.4118 11.0000 53.6593
    vertex 78.1732 11.0000 53.2388
  endloop
endfacet
facet normal 0.321439 0.000000 -0.946930
  outer loop
    vertex 81.7153 0.0000 45.0625
    vertex 81.5790 0.0000 45.0163
    vertex 81.5790 11.0000 45.0163
  endloop
endfacet
facet normal 0.321439 0.000000 -0.946930
  outer loop
    vertex 81.7153 0.0000 45.0625
    vertex 81.5790 11.0000 45.0163
    vertex 81.7153 11.0000 45.0625
  endloop
endfacet
facet normal 0.000000 -1.000000 0.000000
  outer loop
    vertex 81.5790 0.0000 45.0163
    vertex 78.1732 0.0000 53.2388
    vertex 77.0000 0.0000 52.6603
  endloop
endfacet
facet normal -0.000000 -1.000000 0.000000
  outer loop
    vertex 81.5790 0.0000 45.0163
    vertex 77.0000 0.0000 52.6603
    vertex 81.4500 0.0000 44.9526
  endloop
endfacet
facet normal 0.000000 1.000000 0.000000
  outer loop
    vertex 81.5790 11.0000 45.0163
    vertex 77.0000 11.0000 52.6603
    vertex 78.1732 11.0000 53.2388
  endloop
endfacet
facet normal 0.000000 1.000000 0.000000
  outer loop
    vertex 81.5790 11.0000 45.0163
    vertex 81.4500 11.0000 44.9526
    vertex 77.0000 11.0000 52.6603
  endloop
endfacet
facet normal -0.442289 0.000000 0.896873
  outer loop
    vertex 78.1732 0.0000 53.2388
    vertex 77.0000 11.0000 52.6603
    vertex 77.0000 0.0000 52.6603
  endloop
endfacet
facet normal -0.442289 0.000000 0.896873
  outer loop
    vertex 78.1732 0.0000 53.2388
    vertex 78.1732 11.0000 53.2388
    vertex 77.0000 11.0000 52.6603
  endloop
endfacet
facet normal 0.442289 0.000000 -0.896873
  outer loop
    vertex 81.5790 0.0000 45.0163
    vertex 81.4500 0.0000 44.9526
    vertex 81.4500 11.0000 44.9526
  endloop
endfacet
facet normal 0.442289 0.000000 -0.896873
  outer loop
    vertex 81.5790 0.0000 45.0163
    vertex 81.4500 11.0000 44.9526
    vertex 81.5790 11.0000 45.0163
  endloop
endfacet
facet normal 0.000000 -1.000000 0.000000
  outer loop
    vertex 81.4500 0.0000 44.9526
    vertex 77.0000 0.0000 52.6603
    vertex 75.9124 0.0000 51.9335
  endloop
endfacet
facet normal -0.000000 -1.000000 0.000000
  outer loop
    vertex 81.4500 0.0000 44.9526
    vertex 75.9124 0.0000 51.9335
    vertex 81.3304 0.0000 44.8727
  endloop
endfacet
facet normal 0.000000 1.000000 0.000000
  outer loop
    vertex 81.4500 11.0000 44.9526
    vertex 75.9124 11.0000 51.9335
    vertex 77.0000 11.0000 52.6603
  endloop
endfacet
facet normal 0.000000 1.000000 0.000000
  outer loop
    vertex 81.4500 11.0000 44.9526
    vertex 81.3304 11.0000 44.8727
    vertex 75.9124 11.0000 51.9335
  endloop
endfacet
facet normal -0.555570 0.000000 0.831470
  outer loop
    vertex 77.0000 0.0000 52.6603
    vertex 75.9124 11.0000 51.9335
    vertex 75.9124 0.0000 51.9335
  endloop
endfacet
facet normal -0.555570 0.000000 0.831470
  outer loop
    vertex 77.0000 0.0000 52.6603
    vertex 77.0000 11.0000 52.6603
    vertex 75.9124 11.0000 51.9335
  endloop
endfacet
facet normal 0.555570 0.000000 -0.831470
  outer loop
    vertex 81.4500 0.0000 44.9526
    vertex 81.3304 0.0000 44.8727
    vertex 81.3304 11.0000 44.8727
  endloop
endfacet
facet normal 0.555570 0.000000 -0.831470
  outer loop
    vertex 81.4500 0.0000 44.9526
    vertex 81.3304 11.0000 44.8727
    vertex 81.4500 11.0000 44.9526
  endloop
endfacet
facet normal 0.000000 -1.000000 0.000000
  outer loop
    vertex 81.3304 0.0000 44.8727
    vertex 75.9124 0.0000 51.9335
    vertex 74.9289 0.0000 51.0711
  endloop
endfacet
facet normal -0.000000 -1.000000 0.000000
  outer loop
    vertex 81.3304 0.0000 44.8727
    vertex 74.9289 0.0000 51.0711
    vertex 81.2222 0.0000 44.7778
  endloop
endfacet
facet normal 0.000000 1.000000 0.000000
  outer loop
    vertex 81.3304 11.0000 44.8727
    vertex 74.9289 11.0000 51.0711
    vertex 75.9124 11.0000 51.9335
  endloop
endfacet
facet normal 0.000000 1.000000 0.000000
  outer loop
    vertex 81.3304 11.0000 44.8727
    vertex 81.2222 11.0000 44.7778
    vertex 74.9289 11.0000 51.0711
  endloop
endfacet
facet normal -0.659346 0.000000 0.751840
  outer loop
    vertex 75.9124 0.0000 51.9335
    vertex 74.9289 11.0000 51.0711
    vertex 74.9289 0.0000 51.0711
  endloop
endfacet
facet normal -0.659346 0.000000 0.751840
  outer loop
    vertex 75.9124 0.0000 51.9335
    vertex 75.9124 11.0000 51.9335
    vertex 74.9289 11.0000 51.0711
  endloop
endfacet
facet normal 0.659346 0.000000 -0.751840
  outer loop
    vertex 81.3304 0.0000 44.8727
    vertex 81.2222 0.0000 44.7778
    vertex 81.2222 11.0000 44.7778
  endloop
endfacet
facet normal 0.659346 0.000000 -0.751840
  outer loop
    vertex 81.3304 0.0000 44.8727
    vertex 81.2222 11.0000 44.7778
    vertex 81.3304 11.0000 44.8727
  endloop
endfacet
facet normal 0.000000 -1.000000 0.000000
  outer loop
    vertex 81.2222 0.0000 44.7778
    vertex 74.9289 0.0000 51.0711
    vertex 74.0665 0.0000 50.0876
  endloop
endfacet
facet normal -0.000000 -1.000000 0.000000
  outer loop
    vertex 81.2222 0.0000 44.7778
    vertex 74.0665 0.0000 50.0876
    vertex 81.1273 0.0000 44.6696
  endloop
endfacet
facet normal 0.000000 1.000000 0.000000
  outer loop
    vertex 81.2222 11.0000 44.7778
    vertex 74.0665 11.0000 50.0876
    vertex 74.9289 11.0000 51.0711
  endloop
endfacet
facet normal 0.000000 1.000000 0.000000
  outer loop
    vertex 81.2222 11.0000 44.7778
    vertex 81.1273 11.0000 44.6696
    vertex 74.0665 11.0000 50.0876
  endloop
endfacet
facet normal -0.751840 0.000000 0.659346
  outer loop
    vertex 74.9289 0.0000 51.0711
    vertex 74.0665 11.0000 50.0876
    vertex 74.0665 0.0000 50.0876
  endloop
endfacet
facet normal -0.751840 0.000000 0.659346
  outer loop
    vertex 74.9289 0.0000 51.0711
    vertex 74.9289 11.0000 51.0711
    vertex 74.0665 11.0000 50.0876
  endloop
endfacet
facet normal 0.751840 0.000000 -0.659346
  outer loop
    vertex 81.2222 0.0000 44.7778
    vertex 81.1273 0.0000 44.6696
    vertex 81.1273 11.0000 44.6696
  endloop
endfacet
facet normal 0.751840 0.000000 -0.659346
  outer loop
    vertex 81.2222 0.0000 44.7778
    vertex 81.1273 11.0000 44.6696
    vertex 81.2222 11.0000 44.7778
  endloop
endfacet
facet normal 0.000000 -1.000000 0.000000
  outer loop
    vertex 81.1273 0.0000 44.6696
    vertex 74.0665 0.0000 50.0876
    vertex 73.3397 0.0000 49.0000
  endloop
endfacet
facet normal -0.000000 -1.000000 0.000000
  outer loop
    vertex 81.1273 0.0000 44.6696
    vertex 73.3397 0.0000 49.0000
    vertex 81.0474 0.0000 44.5500
  endloop
endfacet
facet normal 0.000000 1.000000 0.000000
  outer loop
    vertex 81.1273 11.0000 44.6696
    vertex 73.3397 11.0000 49.0000
    vertex 74.0665 11.0000 50.0876
  endloop
endfacet
facet normal 0.000000 1.000000 0.000000
  outer loop
    vertex 81.1273 11.0000 44.6696
    vertex 81.0474 11.0000 44.5500
    vertex 73.3397 11.0000 49.0000
  endloop
endfacet
facet normal -0.831470 0.000000 0.555570
  outer loop
    vertex 74.0665 0.0000 50.0876
    vertex 73.3397 11.0000 49.0000
    vertex 73.3397 0.0000 49.0000
  endloop
endfacet
facet normal -0.831470 0.000000 0.555570
  outer loop
    vertex 74.0665 0.0000 50.0876
    vertex 74.0665 11.0000 50.0876
    vertex 73.3397 11.0000 49.0000
  endloop
endfacet
facet normal 0.831470 0.000000 -0.555570
  outer loop
    vertex 81.1273 0.0000 44.6696
    vertex 81.0474 0.0000 44.5500
    vertex 81.0474 11.0000 44.5500
  endloop
endfacet
facet normal 0.831470 0.000000 -0.555570
  outer loop
    vertex 81.1273 0.0000 44.6696
    vertex 81.0474 11.0000 44.5500
    vertex 81.1273 11.0000 44.6696
  endloop
endfacet
facet normal 0.000000 -1.000000 0.000000
  outer loop
    vertex 81.0474 0.0000 44.5500
    vertex 73.3397 0.0000 49.0000
    vertex 72.7612 0.0000 47.8268
  endloop
endfacet
facet normal -0.000000 -1.000000 0.000000
  outer loop
    vertex 81.0474 0.0000 44.5500
    vertex 72.7612 0.0000 47.8268
    vertex 80.9837 0.0000 44.4210
  endloop
endfacet
facet normal 0.000000 1.000000 0.000000
  outer loop
    vertex 81.0474 11.0000 44.5500
    vertex 72.7612 11.0000 47.8268
    vertex 73.3397 11.0000 49.0000
  endloop
endfacet
facet normal 0.000000 1.000000 0.000000
  outer loop
    vertex 81.0474 11.0000 44.5500
    vertex 80.9837 11.0000 44.4210
    vertex 72.7612 11.0000 47.8268
  endloop
endfacet
facet normal -0.896873 0.000000 0.442289
  outer loop
    vertex 73.3397 0.0000 49.0000
    vertex 72.7612 11.0000 47.8268
    vertex 72.7612 0.0000 47.8268
  endloop
endfacet
facet normal -0.896873 0.000000 0.442289
  outer loop
    vertex 73.3397 0.0000 49.0000
    vertex 73.3397 11.0000 49.0000
    vertex 72.7612 11.0000 47.8268
  endloop
endfacet
facet normal 0.896873 0.000000 -0.442289
  outer loop
    vertex 81.0474 0.0000 44.5500
    vertex 80.9837 0.0000 44.4210
    vertex 80.9837 11.0000 44.4210
  endloop
endfacet
facet normal 0.896873 0.000000 -0.442289
  outer loop
    vertex 81.0474 0.0000 44.5500
    vertex 80.9837 11.0000 44.4210
    vertex 81.0474 11.0000 44.5500
  endloop
endfacet
facet normal 0.000000 -1.000000 0.000000
  outer loop
    vertex 80.9837 0.0000 44.4210
    vertex 72.7612 0.0000 47.8268
    vertex 72.3407 0.0000 46.5882
  endloop
endfacet
facet normal -0.000000 -1.000000 0.000000
  outer loop
    vertex 80.9837 0.0000 44.4210
    vertex 72.3407 0.0000 46.5882
    vertex 80.9375 0.0000 44.2847
  endloop
endfacet
facet normal 0.000000 1.000000 0.000000
  outer loop
    vertex 80.9837 11.0000 44.4210
    vertex 72.3407 11.0000 46.5882
    vertex 72.7612 11.0000 47.8268
  endloop
endfacet
facet normal 0.000000 1.000000 0.000000
  outer loop
    vertex 80.9837 11.0000 44.4210
    vertex 80.9375 11.0000 44.2847
    vertex 72.3407 11.0000 46.5882
  endloop
endfacet
facet normal -0.946930 0.000000 0.321439
  outer loop
    vertex 72.7612 0.0000 47.8268
    vertex 72.3407 11.0000 46.5882
    vertex 72.3407 0.0000 46.5882
  endloop
endfacet
facet normal -0.946930 0.000000 0.321439
  outer loop
    vertex 72.7612 0.0000 47.8268
    vertex 72.7612 11.0000 47.8268
    vertex 72.3407 11.0000 46.5882
  endloop
endfacet
facet normal 0.946930 0.000000 -0.321439
  outer loop
    vertex 80.9837 0.0000 44.4210
    vertex 80.9375 0.0000 44.2847
    vertex 80.9375 11.0000 44.2847
  endloop
endfacet
facet normal 0.946930 0.000000 -0.321439
  outer loop
    vertex 80.9837 0.0000 44.4210
    vertex 80.9375 11.0000 44.2847
    vertex 80.9837 11.0000 44.4210
  endloop
endfacet
facet normal 0.000000 -1.000000 0.000000
  outer loop
    vertex 80.9375 0.0000 44.2847
    vertex 72.3407 0.0000 46.5882
    vertex 72.0856 0.0000 45.3053
  endloop
endfacet
facet normal -0.000000 -1.000000 0.000000
  outer loop
    vertex 80.9375 0.0000 44.2847
    vertex 72.0856 0.0000 45.3053
    vertex 80.9094 0.0000 44.1436
  endloop
endfacet
facet normal 0.000000 1.000000 0.000000
  outer loop
    vertex 80.9375 11.0000 44.2847
    vertex 72.0856 11.0000 45.3053
    vertex 72.3407 11.0000 46.5882
  endloop
endfacet
facet normal 0.000000 1.000000 0.000000
  outer loop
    vertex 80.9375 11.0000 44.2847
    vertex 80.9094 11.0000 44.1436
    vertex 72.0856 11.0000 45.3053
  endloop
endfacet
facet normal -0.980785 0.000000 0.195090
  outer loop
    vertex 72.3407 0.0000 46.5882
    vertex 72.0856 11.0000 45.3053
    vertex 72.0856 0.0000 45.3053
  endloop
endfacet
facet normal -0.980785 0.000000 0.195090
  outer loop
    vertex 72.3407 0.0000 46.5882
    vertex 72.3407 11.0000 46.5882
    vertex 72.0856 11.0000 45.3053
  endloop
endfacet
facet normal 0.980785 0.000000 -0.195090
  outer loop
    vertex 80.9375 0.0000 44.2847
    vertex 80.9094 0.0000 44.1436
    vertex 80.9094 11.0000 44.1436
  endloop
endfacet
facet normal 0.980785 0.000000 -0.195090
  outer loop
    vertex 80.9375 0.0000 44.2847
    vertex 80.9094 11.0000 44.1436
    vertex 80.9375 11.0000 44.2847
  endloop
endfacet
facet normal -0.000000 -1.000000 0.000000
  outer loop
    vertex 80.9094 0.0000 44.1436
    vertex 72.0856 0.0000 45.3053
    vertex 72.0000 0.0000 44.0000
  endloop
endfacet
facet normal 0.000000 -1.000000 0.000000
  outer loop
    vertex 80.9094 0.0000 44.1436
    vertex 72.0000 0.0000 44.0000
    vertex 80.9000 0.0000 44.0000
  endloop
endfacet
facet normal 0.000000 1.000000 0.000000
  outer loop
    vertex 80.9094 11.0000 44.1436
    vertex 72.0000 11.0000 44.0000
    vertex 72.0856 11.0000 45.3053
  endloop
endfacet
facet normal 0.000000 1.000000 0.000000
  outer loop
    vertex 80.9094 11.0000 44.1436
    vertex 80.9000 11.0000 44.0000
    vertex 72.0000 11.0000 44.0000
  endloop
endfacet
facet normal -0.997859 0.000000 0.065403
  outer loop
    vertex 72.0856 0.0000 45.3053
    vertex 72.0000 11.0000 44.0000
    vertex 72.0000 0.0000 44.0000
  endloop
endfacet
facet normal -0.997859 0.000000 0.065403
  outer loop
    vertex 72.0856 0.0000 45.3053
    vertex 72.0856 11.0000 45.3053
    vertex 72.0000 11.0000 44.0000
  endloop
endfacet
facet normal 0.997859 0.000000 -0.065403
  outer loop
    vertex 80.9094 0.0000 44.1436
    vertex 80.9000 0.0000 44.0000
    vertex 80.9000 11.0000 44.0000
  endloop
endfacet
facet normal 0.997859 0.000000 -0.065403
  outer loop
    vertex 80.9094 0.0000 44.1436
    vertex 80.9000 11.0000 44.0000
    vertex 80.9094 11.0000 44.1436
  endloop
endfacet
facet normal -0.000000 -1.000000 0.000000
  outer loop
    vertex 80.9000 0.0000 44.0000
    vertex 72.0000 0.0000 44.0000
    vertex 72.0856 0.0000 42.6947
  endloop
endfacet
facet normal 0.000000 -1.000000 -0.000000
  outer loop
    vertex 80.9000 0.0000 44.0000
    vertex 72.0856 0.0000 42.6947
    vertex 80.9094 0.0000 43.8564
  endloop
endfacet
facet normal 0.000000 1.000000 0.000000
  outer loop
    vertex 80.9000 11.0000 44.0000
    vertex 72.0856 11.0000 42.6947
    vertex 72.0000 11.0000 44.0000
  endloop
endfacet
facet normal 0.000000 1.000000 0.000000
  outer loop
    vertex 80.9000 11.0000 44.0000
    vertex 80.9094 11.0000 43.8564
    vertex 72.0856 11.0000 42.6947
  endloop
endfacet
facet normal -0.997859 0.000000 -0.065403
  outer loop
    vertex 72.0000 0.0000 44.0000
    vertex 72.0856 11.0000 42.6947
    vertex 72.0856 0.0000 42.6947
  endloop
endfacet
facet normal -0.997859 0.000000 -0.065403
  outer loop
    vertex 72.0000 0.0000 44.0000
    vertex 72.0000 11.0000 44.0000
    vertex 72.0856 11.0000 42.6947
  endloop
endfacet
facet normal 0.997859 0.000000 0.065403
  outer loop
    vertex 80.9000 0.0000 44.0000
    vertex 80.9094 0.0000 43.8564
    vertex 80.9094 11.0000 43.8564
  endloop
endfacet
facet normal 0.997859 -0.000000 0.065403
  outer loop
    vertex 80.9000 0.0000 44.0000
    vertex 80.9094 11.0000 43.8564
    vertex 80.9000 11.0000 44.0000
  endloop
endfacet
facet normal 0.000000 -1.000000 0.000000
  outer loop
    vertex 80.9094 0.0000 43.8564
    vertex 72.0856 0.0000 42.6947
    vertex 72.3407 0.0000 41.4118
  endloop
endfacet
facet normal 0.000000 -1.000000 -0.000000
  outer loop
    vertex 80.9094 0.0000 43.8564
    vertex 72.3407 0.0000 41.4118
    vertex 80.9375 0.0000 43.7153
  endloop
endfacet
facet normal 0.000000 1.000000 0.000000
  outer loop
    vertex 80.9094 11.0000 43.8564
    vertex 72.3407 11.0000 41.4118
    vertex 72.0856 11.0000 42.6947
  endloop
endfacet
facet normal 0.000000 1.000000 0.000000
  outer loop
    vertex 80.9094 11.0000 43.8564
    vertex 80.9375 11.0000 43.7153
    vertex 72.3407 11.0000 41.4118
  endloop
endfacet
facet normal -0.980785 0.000000 -0.195090
  outer loop
    vertex 72.0856 0.0000 42.6947
    vertex 72.3407 11.0000 41.4118
    vertex 72.3407 0.0000 41.4118
  endloop
endfacet
facet normal -0.980785 0.000000 -0.195090
  outer loop
    vertex 72.0856 0.0000 42.6947
    vertex 72.0856 11.0000 42.6947
    vertex 72.3407 11.0000 41.4118
  endloop
endfacet
facet normal 0.980785 0.000000 0.195090
  outer loop
    vertex 80.9094 0.0000 43.8564
    vertex 80.9375 0.0000 43.7153
    vertex 80.9375 11.0000 43.7153
  endloop
endfacet
facet normal 0.980785 -0.000000 0.195090
  outer loop
    vertex 80.9094 0.0000 43.8564
    vertex 80.9375 11.0000 43.7153
    vertex 80.9094 11.0000 43.8564
  endloop
endfacet
facet normal 0.000000 -1.000000 0.000000
  outer loop
    vertex 80.9375 0.0000 43.7153
    vertex 72.3407 0.0000 41.4118
    vertex 72.7612 0.0000 40.1732
  endloop
endfacet
facet normal 0.000000 -1.000000 -0.000000
  outer loop
    vertex 80.9375 0.0000 43.7153
    vertex 72.7612 0.0000 40.1732
    vertex 80.9837 0.0000 43.5790
  endloop
endfacet
facet normal 0.000000 1.000000 0.000000
  outer loop
    vertex 80.9375 11.0000 43.7153
    vertex 72.7612 11.0000 40.1732
    vertex 72.3407 11.0000 41.4118
  endloop
endfacet
facet normal 0.000000 1.000000 0.000000
  outer loop
    vertex 80.9375 11.0000 43.7153
    vertex 80.9837 11.0000 43.5790
    vertex 72.7612 11.0000 40.1732
  endloop
endfacet
facet normal -0.946930 0.000000 -0.321439
  outer loop
    vertex 72.3407 0.0000 41.4118
    vertex 72.7612 11.0000 40.1732
    vertex 72.7612 0.0000 40.1732
  endloop
endfacet
facet normal -0.946930 0.000000 -0.321439
  outer loop
    vertex 72.3407 0.0000 41.4118
    vertex 72.3407 11.0000 41.4118
    vertex 72.7612 11.0000 40.1732
  endloop
endfacet
facet normal 0.946930 0.000000 0.321439
  outer loop
    vertex 80.9375 0.0000 43.7153
    vertex 80.9837 0.0000 43.5790
    vertex 80.9837 11.0000 43.5790
  endloop
endfacet
facet normal 0.946930 -0.000000 0.321439
  outer loop
    vertex 80.9375 0.0000 43.7153
    vertex 80.9837 11.0000 43.5790
    vertex 80.9375 11.0000 43.7153
  endloop
endfacet
facet normal 0.000000 -1.000000 0.000000
  outer loop
    vertex 80.9837 0.0000 43.5790
    vertex 72.7612 0.0000 40.1732
    vertex 73.3397 0.0000 39.0000
  endloop
endfacet
facet normal 0.000000 -1.000000 -0.000000
  outer loop
    vertex 80.9837 0.0000 43.5790
    vertex 73.3397 0.0000 39.0000
    vertex 81.0474 0.0000 43.4500
  endloop
endfacet
facet normal 0.000000 1.000000 0.000000
  outer loop
    vertex 80.9837 11.0000 43.5790
    vertex 73.3397 11.0000 39.0000
    vertex 72.7612 11.0000 40.1732
  endloop
endfacet
facet normal 0.000000 1.000000 0.000000
  outer loop
    vertex 80.9837 11.0000 43.5790
    vertex 81.0474 11.0000 43.4500
    vertex 73.3397 11.0000 39.0000
  endloop
endfacet
facet normal -0.896873 0.000000 -0.442289
  outer loop
    vertex 72.7612 0.0000 40.1732
    vertex 73.3397 11.0000 39.0000
    vertex 73.3397 0.0000 39.0000
  endloop
endfacet
facet normal -0.896873 0.000000 -0.442289
  outer loop
    vertex 72.7612 0.0000 40.1732
    vertex 72.7612 11.0000 40.1732
    vertex 73.3397 11.0000 39.0000
  endloop
endfacet
facet normal 0.896873 0.000000 0.442289
  outer loop
    vertex 80.9837 0.0000 43.5790
    vertex 81.0474 0.0000 43.4500
    vertex 81.0474 11.0000 43.4500
  endloop
endfacet
facet normal 0.896873 -0.000000 0.442289
  outer loop
    vertex 80.9837 0.0000 43.5790
    vertex 81.0474 11.0000 43.4500
    vertex 80.9837 11.0000 43.5790
  endloop
endfacet
facet normal 0.000000 -1.000000 0.000000
  outer loop
    vertex 81.0474 0.0000 43.4500
    vertex 73.3397 0.0000 39.0000
    vertex 74.0665 0.0000 37.9124
  endloop
endfacet
facet normal 0.000000 -1.000000 -0.000000
  outer loop
    vertex 81.0474 0.0000 43.4500
    vertex 74.0665 0.0000 37.9124
    vertex 81.1273 0.0000 43.3304
  endloop
endfacet
facet normal 0.000000 1.000000 0.000000
  outer loop
    vertex 81.0474 11.0000 43.4500
    vertex 74.0665 11.0000 37.9124
    vertex 73.3397 11.0000 39.0000
  endloop
endfacet
facet normal 0.000000 1.000000 0.000000
  outer loop
    vertex 81.0474 11.0000 43.4500
    vertex 81.1273 11.0000 43.3304
    vertex 74.0665 11.0000 37.9124
  endloop
endfacet
facet normal -0.831470 0.000000 -0.555570
  outer loop
    vertex 73.3397 0.0000 39.0000
    vertex 74.0665 11.0000 37.9124
    vertex 74.0665 0.0000 37.9124
  endloop
endfacet
facet normal -0.831470 0.000000 -0.555570
  outer loop
    vertex 73.3397 0.0000 39.0000
    vertex 73.3397 11.0000 39.0000
    vertex 74.0665 11.0000 37.9124
  endloop
endfacet
facet normal 0.831470 0.000000 0.555570
  outer loop
    vertex 81.0474 0.0000 43.4500
    vertex 81.1273 0.0000 43.3304
    vertex 81.1273 11.0000 43.3304
  endloop
endfacet
facet normal 0.831470 -0.000000 0.555570
  outer loop
    vertex 81.0474 0.0000 43.4500
    vertex 81.1273 11.0000 43.3304
    vertex 81.0474 11.0000 43.4500
  endloop
endfacet
facet normal 0.000000 -1.000000 0.000000
  outer loop
    vertex 81.1273 0.0000 43.3304
    vertex 74.0665 0.0000 37.9124
    vertex 74.9289 0.0000 36.9289
  endloop
endfacet
facet normal 0.000000 -1.000000 -0.000000
  outer loop
    vertex 81.1273 0.0000 43.3304
    vertex 74.9289 0.0000 36.9289
    vertex 81.2222 0.0000 43.2222
  endloop
endfacet
facet normal 0.000000 1.000000 0.000000
  outer loop
    vertex 81.1273 11.0000 43.3304
    vertex 74.9289 11.0000 36.9289
    vertex 74.0665 11.0000 37.9124
  endloop
endfacet
facet normal 0.000000 1.000000 0.000000
  outer loop
    vertex 81.1273 11.0000 43.3304
    vertex 81.2222 11.0000 43.2222
    vertex 74.9289 11.0000 36.9289
  endloop
endfacet
facet normal -0.751840 0.000000 -0.659346
  outer loop
    vertex 74.0665 0.0000 37.9124
    vertex 74.9289 11.0000 36.9289
    vertex 74.9289 0.0000 36.9289
  endloop
endfacet
facet normal -0.751840 0.000000 -0.659346
  outer loop
    vertex 74.0665 0.0000 37.9124
    vertex 74.0665 11.0000 37.9124
    vertex 74.9289 11.0000 36.9289
  endloop
endfacet
facet normal 0.751840 0.000000 0.659346
  outer loop
    vertex 81.1273 0.0000 43.3304
    vertex 81.2222 0.0000 43.2222
    vertex 81.2222 11.0000 43.2222
  endloop
endfacet
facet normal 0.751840 -0.000000 0.659346
  outer loop
    vertex 81.1273 0.0000 43.3304
    vertex 81.2222 11.0000 43.2222
    vertex 81.1273 11.0000 43.3304
  endloop
endfacet
facet normal 0.000000 -1.000000 0.000000
  outer loop
    vertex 81.2222 0.0000 43.2222
    vertex 74.9289 0.0000 36.9289
    vertex 75.9124 0.0000 36.0665
  endloop
endfacet
facet normal 0.000000 -1.000000 -0.000000
  outer loop
    vertex 81.2222 0.0000 43.2222
    vertex 75.9124 0.0000 36.0665
    vertex 81.3304 0.0000 43.1273
  endloop
endfacet
facet normal 0.000000 1.000000 0.000000
  outer loop
    vertex 81.2222 11.0000 43.2222
    vertex 75.9124 11.0000 36.0665
    vertex 74.9289 11.0000 36.9289
  endloop
endfacet
facet normal 0.000000 1.000000 0.000000
  outer loop
    vertex 81.2222 11.0000 43.2222
    vertex 81.3304 11.0000 43.1273
    vertex 75.9124 11.0000 36.0665
  endloop
endfacet
facet normal -0.659346 0.000000 -0.751840
  outer loop
    vertex 74.9289 0.0000 36.9289
    vertex 75.9124 11.0000 36.0665
    vertex 75.9124 0.0000 36.0665
  endloop
endfacet
facet normal -0.659346 0.000000 -0.751840
  outer loop
    vertex 74.9289 0.0000 36.9289
    vertex 74.9289 11.0000 36.9289
    vertex 75.9124 11.0000 36.0665
  endloop
endfacet
facet normal 0.659346 0.000000 0.751840
  outer loop
    vertex 81.2222 0.0000 43.2222
    vertex 81.3304 0.0000 43.1273
    vertex 81.3304 11.0000 43.1273
  endloop
endfacet
facet normal 0.659346 -0.000000 0.751840
  outer loop
    vertex 81.2222 0.0000 43.2222
    vertex 81.3304 11.0000 43.1273
    vertex 81.2222 11.0000 43.2222
  endloop
endfacet
facet normal 0.000000 -1.000000 0.000000
  outer loop
    vertex 81.3304 0.0000 43.1273
    vertex 75.9124 0.0000 36.0665
    vertex 77.0000 0.0000 35.3397
  endloop
endfacet
facet normal 0.000000 -1.000000 -0.000000
  outer loop
    vertex 81.3304 0.0000 43.1273
    vertex 77.0000 0.0000 35.3397
    vertex 81.4500 0.0000 43.0474
  endloop
endfacet
facet normal 0.000000 1.000000 0.000000
  outer loop
    vertex 81.3304 11.0000 43.1273
    vertex 77.0000 11.0000 35.3397
    vertex 75.9124 11.0000 36.0665
  endloop
endfacet
facet normal 0.000000 1.000000 0.000000
  outer loop
    vertex 81.3304 11.0000 43.1273
    vertex 81.4500 11.0000 43.0474
    vertex 77.0000 11.0000 35.3397
  endloop
endfacet
facet normal -0.555570 0.000000 -0.831470
  outer loop
    vertex 75.9124 0.0000 36.0665
    vertex 77.0000 11.0000 35.3397
    vertex 77.0000 0.0000 35.3397
  endloop
endfacet
facet normal -0.555570 0.000000 -0.831470
  outer loop
    vertex 75.9124 0.0000 36.0665
    vertex 75.9124 11.0000 36.0665
    vertex 77.0000 11.0000 35.3397
  endloop
endfacet
facet normal 0.555570 0.000000 0.831470
  outer loop
    vertex 81.3304 0.0000 43.1273
    vertex 81.4500 0.0000 43.0474
    vertex 81.4500 11.0000 43.0474
  endloop
endfacet
facet normal 0.555570 -0.000000 0.831470
  outer loop
    vertex 81.3304 0.0000 43.1273
    vertex 81.4500 11.0000 43.0474
    vertex 81.3304 11.0000 43.1273
  endloop
endfacet
facet normal 0.000000 -1.000000 0.000000
  outer loop
    vertex 81.4500 0.0000 43.0474
    vertex 77.0000 0.0000 35.3397
    vertex 78.1732 0.0000 34.7612
  endloop
endfacet
facet normal 0.000000 -1.000000 -0.000000
  outer loop
    vertex 81.4500 0.0000 43.0474
    vertex 78.1732 0.0000 34.7612
    vertex 81.5790 0.0000 42.9837
  endloop
endfacet
facet normal 0.000000 1.000000 0.000000
  outer loop
    vertex 81.4500 11.0000 43.0474
    vertex 78.1732 11.0000 34.7612
    vertex 77.0000 11.0000 35.3397
  endloop
endfacet
facet normal 0.000000 1.000000 0.000000
  outer loop
    vertex 81.4500 11.0000 43.0474
    vertex 81.5790 11.0000 42.9837
    vertex 78.1732 11.0000 34.7612
  endloop
endfacet
facet normal -0.442289 0.000000 -0.896873
  outer loop
    vertex 77.0000 0.0000 35.3397
    vertex 78.1732 11.0000 34.7612
    vertex 78.1732 0.0000 34.7612
  endloop
endfacet
facet normal -0.442289 0.000000 -0.896873
  outer loop
    vertex 77.0000 0.0000 35.3397
    vertex 77.0000 11.0000 35.3397
    vertex 78.1732 11.0000 34.7612
  endloop
endfacet
facet normal 0.442289 0.000000 0.896873
  outer loop
    vertex 81.4500 0.0000 43.0474
    vertex 81.5790 0.0000 42.9837
    vertex 81.5790 11.0000 42.9837
  endloop
endfacet
facet normal 0.442289 -0.000000 0.896873
  outer loop
    vertex 81.4500 0.0000 43.0474
    vertex 81.5790 11.0000 42.9837
    vertex 81.4500 11.0000 43.0474
  endloop
endfacet
facet normal 0.000000 -1.000000 0.000000
  outer loop
    vertex 81.5790 0.0000 42.9837
    vertex 78.1732 0.0000 34.7612
    vertex 79.4118 0.0000 34.3407
  endloop
endfacet
facet normal 0.000000 -1.000000 -0.000000
  outer loop
    vertex 81.5790 0.0000 42.9837
    vertex 79.4118 0.0000 34.3407
    vertex 81.7153 0.0000 42.9375
  endloop
endfacet
facet normal 0.000000 1.000000 0.000000
  outer loop
    vertex 81.5790 11.0000 42.9837
    vertex 79.4118 11.0000 34.3407
    vertex 78.1732 11.0000 34.7612
  endloop
endfacet
facet normal 0.000000 1.000000 0.000000
  outer loop
    vertex 81.5790 11.0000 42.9837
    vertex 81.7153 11.0000 42.9375
    vertex 79.4118 11.0000 34.3407
  endloop
endfacet
facet normal -0.321439 0.000000 -0.946930
  outer loop
    vertex 78.1732 0.0000 34.7612
    vertex 79.4118 11.0000 34.3407
    vertex 79.4118 0.0000 34.3407
  endloop
endfacet
facet normal -0.321439 0.000000 -0.946930
  outer loop
    vertex 78.1732 0.0000 34.7612
    vertex 78.1732 11.0000 34.7612
    vertex 79.4118 11.0000 34.3407
  endloop
endfacet
facet normal 0.321439 0.000000 0.946930
  outer loop
    vertex 81.5790 0.0000 42.9837
    vertex 81.7153 0.0000 42.9375
    vertex 81.7153 11.0000 42.9375
  endloop
endfacet
facet normal 0.321439 -0.000000 0.946930
  outer loop
    vertex 81.5790 0.0000 42.9837
    vertex 81.7153 11.0000 42.9375
    vertex 81.5790 11.0000 42.9837
  endloop
endfacet
facet normal 0.000000 -1.000000 0.000000
  outer loop
    vertex 81.7153 0.0000 42.9375
    vertex 79.4118 0.0000 34.3407
    vertex 80.6947 0.0000 34.0856
  endloop
endfacet
facet normal 0.000000 -1.000000 -0.000000
  outer loop
    vertex 81.7153 0.0000 42.9375
    vertex 80.6947 0.0000 34.0856
    vertex 81.8564 0.0000 42.9094
  endloop
endfacet
facet normal 0.000000 1.000000 0.000000
  outer loop
    vertex 81.7153 11.0000 42.9375
    vertex 80.6947 11.0000 34.0856
    vertex 79.4118 11.0000 34.3407
  endloop
endfacet
facet normal 0.000000 1.000000 0.000000
  outer loop
    vertex 81.7153 11.0000 42.9375
    vertex 81.8564 11.0000 42.9094
    vertex 80.6947 11.0000 34.0856
  endloop
endfacet
facet normal -0.195090 0.000000 -0.980785
  outer loop
    vertex 79.4118 0.0000 34.3407
    vertex 80.6947 11.0000 34.0856
    vertex 80.6947 0.0000 34.0856
  endloop
endfacet
facet normal -0.195090 0.000000 -0.980785
  outer loop
    vertex 79.4118 0.0000 34.3407
    vertex 79.4118 11.0000 34.3407
    vertex 80.6947 11.0000 34.0856
  endloop
endfacet
facet normal 0.195090 0.000000 0.980785
  outer loop
    vertex 81.7153 0.0000 42.9375
    vertex 81.8564 0.0000 42.9094
    vertex 81.8564 11.0000 42.9094
  endloop
endfacet
facet normal 0.195090 -0.000000 0.980785
  outer loop
    vertex 81.7153 0.0000 42.9375
    vertex 81.8564 11.0000 42.9094
    vertex 81.7153 11.0000 42.9375
  endloop
endfacet
facet normal 0.000000 -1.000000 -0.000000
  outer loop
    vertex 81.8564 0.0000 42.9094
    vertex 80.6947 0.0000 34.0856
    vertex 82.0000 0.0000 34.0000
  endloop
endfacet
facet normal 0.000000 -1.000000 0.000000
  outer loop
    vertex 81.8564 0.0000 42.9094
    vertex 82.0000 0.0000 34.0000
    vertex 82.0000 0.0000 42.9000
  endloop
endfacet
facet normal 0.000000 1.000000 0.000000
  outer loop
    vertex 81.8564 11.0000 42.9094
    vertex 82.0000 11.0000 34.0000
    vertex 80.6947 11.0000 34.0856
  endloop
endfacet
facet normal 0.000000 1.000000 0.000000
  outer loop
    vertex 81.8564 11.0000 42.9094
    vertex 82.0000 11.0000 42.9000
    vertex 82.0000 11.0000 34.0000
  endloop
endfacet
facet normal -0.065403 0.000000 -0.997859
  outer loop
    vertex 80.6947 0.0000 34.0856
    vertex 82.0000 11.0000 34.0000
    vertex 82.0000 0.0000 34.0000
  endloop
endfacet
facet normal -0.065403 0.000000 -0.997859
  outer loop
    vertex 80.6947 0.0000 34.0856
    vertex 80.6947 11.0000 34.0856
    vertex 82.0000 11.0000 34.0000
  endloop
endfacet
facet normal 0.065403 0.000000 0.997859
  outer loop
    vertex 81.8564 0.0000 42.9094
    vertex 82.0000 0.0000 42.9000
    vertex 82.0000 11.0000 42.9000
  endloop
endfacet
facet normal 0.065403 -0.000000 0.997859
  outer loop
    vertex 81.8564 0.0000 42.9094
    vertex 82.0000 11.0000 42.9000
    vertex 81.8564 11.0000 42.9094
  endloop
endfacet
facet normal 0.000000 -1.000000 0.000000
  outer loop
    vertex 82.0000 0.0000 42.9000
    vertex 82.0000 0.0000 34.0000
    vertex 83.3053 0.0000 34.0856
  endloop
endfacet
facet normal 0.000000 -1.000000 0.000000
  outer loop
    vertex 82.0000 0.0000 42.9000
    vertex 83.3053 0.0000 34.0856
    vertex 82.1436 0.0000 42.9094
  endloop
endfacet
facet normal 0.000000 1.000000 0.000000
  outer loop
    vertex 82.0000 11.0000 42.9000
    vertex 83.3053 11.0000 34.0856
    vertex 82.0000 11.0000 34.0000
  endloop
endfacet
facet normal -0.000000 1.000000 0.000000
  outer loop
    vertex 82.0000 11.0000 42.9000
    vertex 82.1436 11.0000 42.9094
    vertex 83.3053 11.0000 34.0856
  endloop
endfacet
facet normal 0.065403 0.000000 -0.997859
  outer loop
    vertex 82.0000 0.0000 34.0000
    vertex 83.3053 11.0000 34.0856
    vertex 83.3053 0.0000 34.0856
  endloop
endfacet
facet normal 0.065403 0.000000 -0.997859
  outer loop
    vertex 82.0000 0.0000 34.0000
    vertex 82.0000 11.0000 34.0000
    vertex 83.3053 11.0000 34.0856
  endloop
endfacet
facet normal -0.065403 0.000000 0.997859
  outer loop
    vertex 82.0000 0.0000 42.9000
    vertex 82.1436 0.0000 42.9094
    vertex 82.1436 11.0000 42.9094
  endloop
endfacet
facet normal -0.065403 0.000000 0.997859
  outer loop
    vertex 82.0000 0.0000 42.9000
    vertex 82.1436 11.0000 42.9094
    vertex 82.0000 11.0000 42.9000
  endloop
endfacet
facet normal 0.000000 -1.000000 0.000000
  outer loop
    vertex 82.1436 0.0000 42.9094
    vertex 83.3053 0.0000 34.0856
    vertex 84.5882 0.0000 34.3407
  endloop
endfacet
facet normal 0.000000 -1.000000 0.000000
  outer loop
    vertex 82.1436 0.0000 42.9094
    vertex 84.5882 0.0000 34.3407
    vertex 82.2847 0.0000 42.9375
  endloop
endfacet
facet normal 0.000000 1.000000 0.000000
  outer loop
    vertex 82.1436 11.0000 42.9094
    vertex 84.5882 11.0000 34.3407
    vertex 83.3053 11.0000 34.0856
  endloop
endfacet
facet normal -0.000000 1.000000 0.000000
  outer loop
    vertex 82.1436 11.0000 42.9094
    vertex 82.2847 11.0000 42.9375
    vertex 84.5882 11.0000 34.3407
  endloop
endfacet
facet normal 0.195090 0.000000 -0.980785
  outer loop
    vertex 83.3053 0.0000 34.0856
    vertex 84.5882 11.0000 34.3407
    vertex 84.5882 0.0000 34.3407
  endloop
endfacet
facet normal 0.195090 0.000000 -0.980785
  outer loop
    vertex 83.3053 0.0000 34.0856
    vertex 83.3053 11.0000 34.0856
    vertex 84.5882 11.0000 34.3407
  endloop
endfacet
facet normal -0.195090 0.000000 0.980785
  outer loop
    vertex 82.1436 0.0000 42.9094
    vertex 82.2847 0.0000 42.9375
    vertex 82.2847 11.0000 42.9375
  endloop
endfacet
facet normal -0.195090 0.000000 0.980785
  outer loop
    vertex 82.1436 0.0000 42.9094
    vertex 82.2847 11.0000 42.9375
    vertex 82.1436 11.0000 42.9094
  endloop
endfacet
facet normal 0.000000 -1.000000 0.000000
  outer loop
    vertex 82.2847 0.0000 42.9375
    vertex 84.5882 0.0000 34.3407
    vertex 85.8268 0.0000 34.7612
  endloop
endfacet
facet normal 0.000000 -1.000000 0.000000
  outer loop
    vertex 82.2847 0.0000 42.9375
    vertex 85.8268 0.0000 34.7612
    vertex 82.4210 0.0000 42.9837
  endloop
endfacet
facet normal 0.000000 1.000000 0.000000
  outer loop
    vertex 82.2847 11.0000 42.9375
    vertex 85.8268 11.0000 34.7612
    vertex 84.5882 11.0000 34.3407
  endloop
endfacet
facet normal -0.000000 1.000000 0.000000
  outer loop
    vertex 82.2847 11.0000 42.9375
    vertex 82.4210 11.0000 42.9837
    vertex 85.8268 11.0000 34.7612
  endloop
endfacet
facet normal 0.321439 0.000000 -0.946930
  outer loop
    vertex 84.5882 0.0000 34.3407
    vertex 85.8268 11.0000 34.7612
    vertex 85.8268 0.0000 34.7612
  endloop
endfacet
facet normal 0.321439 0.000000 -0.946930
  outer loop
    vertex 84.5882 0.0000 34.3407
    vertex 84.5882 11.0000 34.3407
    vertex 85.8268 11.0000 34.7612
  endloop
endfacet
facet normal -0.321439 0.000000 0.946930
  outer loop
    vertex 82.2847 0.0000 42.9375
    vertex 82.4210 0.0000 42.9837
    vertex 82.4210 11.0000 42.9837
  endloop
endfacet
facet normal -0.321439 0.000000 0.946930
  outer loop
    vertex 82.2847 0.0000 42.9375
    vertex 82.4210 11.0000 42.9837
    vertex 82.2847 11.0000 42.9375
  endloop
endfacet
facet normal 0.000000 -1.000000 0.000000
  outer loop
    vertex 82.4210 0.0000 42.9837
    vertex 85.8268 0.0000 34.7612
    vertex 87.0000 0.0000 35.3397
  endloop
endfacet
facet normal 0.000000 -1.000000 0.000000
  outer loop
    vertex 82.4210 0.0000 42.9837
    vertex 87.0000 0.0000 35.3397
    vertex 82.5500 0.0000 43.0474
  endloop
endfacet
facet normal 0.000000 1.000000 0.000000
  outer loop
    vertex 82.4210 11.0000 42.9837
    vertex 87.0000 11.0000 35.3397
    vertex 85.8268 11.0000 34.7612
  endloop
endfacet
facet normal -0.000000 1.000000 0.000000
  outer loop
    vertex 82.4210 11.0000 42.9837
    vertex 82.5500 11.0000 43.0474
    vertex 87.0000 11.0000 35.3397
  endloop
endfacet
facet normal 0.442289 0.000000 -0.896873
  outer loop
    vertex 85.8268 0.0000 34.7612
    vertex 87.0000 11.0000 35.3397
    vertex 87.0000 0.0000 35.3397
  endloop
endfacet
facet normal 0.442289 0.000000 -0.896873
  outer loop
    vertex 85.8268 0.0000 34.7612
    vertex 85.8268 11.0000 34.7612
    vertex 87.0000 11.0000 35.3397
  endloop
endfacet
facet normal -0.442289 0.000000 0.896873
  outer loop
    vertex 82.4210 0.0000 42.9837
    vertex 82.5500 0.0000 43.0474
    vertex 82.5500 11.0000 43.0474
  endloop
endfacet
facet normal -0.442289 0.000000 0.896873
  outer loop
    vertex 82.4210 0.0000 42.9837
    vertex 82.5500 11.0000 43.0474
    vertex 82.4210 11.0000 42.9837
  endloop
endfacet
facet normal 0.000000 -1.000000 0.000000
  outer loop
    vertex 82.5500 0.0000 43.0474
    vertex 87.0000 0.0000 35.3397
    vertex 88.0876 0.0000 36.0665
  endloop
endfacet
facet normal 0.000000 -1.000000 0.000000
  outer loop
    vertex 82.5500 0.0000 43.0474
    vertex 88.0876 0.0000 36.0665
    vertex 82.6696 0.0000 43.1273
  endloop
endfacet
facet normal 0.000000 1.000000 0.000000
  outer loop
    vertex 82.5500 11.0000 43.0474
    vertex 88.0876 11.0000 36.0665
    vertex 87.0000 11.0000 35.3397
  endloop
endfacet
facet normal -0.000000 1.000000 0.000000
  outer loop
    vertex 82.5500 11.0000 43.0474
    vertex 82.6696 11.0000 43.1273
    vertex 88.0876 11.0000 36.0665
  endloop
endfacet
facet normal 0.555570 0.000000 -0.831470
  outer loop
    vertex 87.0000 0.0000 35.3397
    vertex 88.0876 11.0000 36.0665
    vertex 88.0876 0.0000 36.0665
  endloop
endfacet
facet normal 0.555570 0.000000 -0.831470
  outer loop
    vertex 87.0000 0.0000 35.3397
    vertex 87.0000 11.0000 35.3397
    vertex 88.0876 11.0000 36.0665
  endloop
endfacet
facet normal -0.555570 0.000000 0.831470
  outer loop
    vertex 82.5500 0.0000 43.0474
    vertex 82.6696 0.0000 43.1273
    vertex 82.6696 11.0000 43.1273
  endloop
endfacet
facet normal -0.555570 0.000000 0.831470
  outer loop
    vertex 82.5500 0.0000 43.0474
    vertex 82.6696 11.0000 43.1273
    vertex 82.5500 11.0000 43.0474
  endloop
endfacet
facet normal 0.000000 -1.000000 0.000000
  outer loop
    vertex 82.6696 0.0000 43.1273
    vertex 88.0876 0.0000 36.0665
    vertex 89.0711 0.0000 36.9289
  endloop
endfacet
facet normal 0.000000 -1.000000 0.000000
  outer loop
    vertex 82.6696 0.0000 43.1273
    vertex 89.0711 0.0000 36.9289
    vertex 82.7778 0.0000 43.2222
  endloop
endfacet
facet normal 0.000000 1.000000 0.000000
  outer loop
    vertex 82.6696 11.0000 43.1273
    vertex 89.0711 11.0000 36.9289
    vertex 88.0876 11.0000 36.0665
  endloop
endfacet
facet normal -0.000000 1.000000 0.000000
  outer loop
    vertex 82.6696 11.0000 43.1273
    vertex 82.7778 11.0000 43.2222
    vertex 89.0711 11.0000 36.9289
  endloop
endfacet
facet normal 0.659346 0.000000 -0.751840
  outer loop
    vertex 88.0876 0.0000 36.0665
    vertex 89.0711 11.0000 36.9289
    vertex 89.0711 0.0000 36.9289
  endloop
endfacet
facet normal 0.659346 0.000000 -0.751840
  outer loop
    vertex 88.0876 0.0000 36.0665
    vertex 88.0876 11.0000 36.0665
    vertex 89.0711 11.0000 36.9289
  endloop
endfacet
facet normal -0.659346 0.000000 0.751840
  outer loop
    vertex 82.6696 0.0000 43.1273
    vertex 82.7778 0.0000 43.2222
    vertex 82.7778 11.0000 43.2222
  endloop
endfacet
facet normal -0.659346 0.000000 0.751840
  outer loop
    vertex 82.6696 0.0000 43.1273
    vertex 82.7778 11.0000 43.2222
    vertex 82.6696 11.0000 43.1273
  endloop
endfacet
facet normal 0.000000 -1.000000 0.000000
  outer loop
    vertex 82.7778 0.0000 43.2222
    vertex 89.0711 0.0000 36.9289
    vertex 89.9335 0.0000 37.9124
  endloop
endfacet
facet normal 0.000000 -1.000000 0.000000
  outer loop
    vertex 82.7778 0.0000 43.2222
    vertex 89.9335 0.0000 37.9124
    vertex 82.8727 0.0000 43.3304
  endloop
endfacet
facet normal 0.000000 1.000000 0.000000
  outer loop
    vertex 82.7778 11.0000 43.2222
    vertex 89.9335 11.0000 37.9124
    vertex 89.0711 11.0000 36.9289
  endloop
endfacet
facet normal -0.000000 1.000000 0.000000
  outer loop
    vertex 82.7778 11.0000 43.2222
    vertex 82.8727 11.0000 43.3304
    vertex 89.9335 11.0000 37.9124
  endloop
endfacet
facet normal 0.751840 0.000000 -0.659346
  outer loop
    vertex 89.0711 0.0000 36.9289
    vertex 89.9335 11.0000 37.9124
    vertex 89.9335 0.0000 37.9124
  endloop
endfacet
facet normal 0.751840 0.000000 -0.659346
  outer loop
    vertex 89.0711 0.0000 36.9289
    vertex 89.0711 11.0000 36.9289
    vertex 89.9335 11.0000 37.9124
  endloop
endfacet
facet normal -0.751840 0.000000 0.659346
  outer loop
    vertex 82.7778 0.0000 43.2222
    vertex 82.8727 0.0000 43.3304
    vertex 82.8727 11.0000 43.3304
  endloop
endfacet
facet normal -0.751840 0.000000 0.659346
  outer loop
    vertex 82.7778 0.0000 43.2222
    vertex 82.8727 11.0000 43.3304
    vertex 82.7778 11.0000 43.2222
  endloop
endfacet
facet normal 0.000000 -1.000000 0.000000
  outer loop
    vertex 82.8727 0.0000 43.3304
    vertex 89.9335 0.0000 37.9124
    vertex 90.6603 0.0000 39.0000
  endloop
endfacet
facet normal 0.000000 -1.000000 0.000000
  outer loop
    vertex 82.8727 0.0000 43.3304
    vertex 90.6603 0.0000 39.0000
    vertex 82.9526 0.0000 43.4500
  endloop
endfacet
facet normal 0.000000 1.000000 0.000000
  outer loop
    vertex 82.8727 11.0000 43.3304
    vertex 90.6603 11.0000 39.0000
    vertex 89.9335 11.0000 37.9124
  endloop
endfacet
facet normal -0.000000 1.000000 0.000000
  outer loop
    vertex 82.8727 11.0000 43.3304
    vertex 82.9526 11.0000 43.4500
    vertex 90.6603 11.0000 39.0000
  endloop
endfacet
facet normal 0.831470 0.000000 -0.555570
  outer loop
    vertex 89.9335 0.0000 37.9124
    vertex 90.6603 11.0000 39.0000
    vertex 90.6603 0.0000 39.0000
  endloop
endfacet
facet normal 0.831470 0.000000 -0.555570
  outer loop
    vertex 89.9335 0.0000 37.9124
    vertex 89.9335 11.0000 37.9124
    vertex 90.6603 11.0000 39.0000
  endloop
endfacet
facet normal -0.831470 0.000000 0.555570
  outer loop
    vertex 82.8727 0.0000 43.3304
    vertex 82.9526 0.0000 43.4500
    vertex 82.9526 11.0000 43.4500
  endloop
endfacet
facet normal -0.831470 0.000000 0.555570
  outer loop
    vertex 82.8727 0.0000 43.3304
    vertex 82.9526 11.0000 43.4500
    vertex 82.8727 11.0000 43.3304
  endloop
endfacet
facet normal 0.000000 -1.000000 0.000000
  outer loop
    vertex 82.9526 0.0000 43.4500
    vertex 90.6603 0.0000 39.0000
    vertex 91.2388 0.0000 40.1732
  endloop
endfacet
facet normal 0.000000 -1.000000 0.000000
  outer loop
    vertex 82.9526 0.0000 43.4500
    vertex 91.2388 0.0000 40.1732
    vertex 83.0163 0.0000 43.5790
  endloop
endfacet
facet normal 0.000000 1.000000 0.000000
  outer loop
    vertex 82.9526 11.0000 43.4500
    vertex 91.2388 11.0000 40.1732
    vertex 90.6603 11.0000 39.0000
  endloop
endfacet
facet normal -0.000000 1.000000 0.000000
  outer loop
    vertex 82.9526 11.0000 43.4500
    vertex 83.0163 11.0000 43.5790
    vertex 91.2388 11.0000 40.1732
  endloop
endfacet
facet normal 0.896873 0.000000 -0.442289
  outer loop
    vertex 90.6603 0.0000 39.0000
    vertex 91.2388 11.0000 40.1732
    vertex 91.2388 0.0000 40.1732
  endloop
endfacet
facet normal 0.896873 0.000000 -0.442289
  outer loop
    vertex 90.6603 0.0000 39.0000
    vertex 90.6603 11.0000 39.0000
    vertex 91.2388 11.0000 40.1732
  endloop
endfacet
facet normal -0.896873 0.000000 0.442289
  outer loop
    vertex 82.9526 0.0000 43.4500
    vertex 83.0163 0.0000 43.5790
    vertex 83.0163 11.0000 43.5790
  endloop
endfacet
facet normal -0.896873 0.000000 0.442289
  outer loop
    vertex 82.9526 0.0000 43.4500
    vertex 83.0163 11.0000 43.5790
    vertex 82.9526 11.0000 43.4500
  endloop
endfacet
facet normal 0.000000 -1.000000 0.000000
  outer loop
    vertex 83.0163 0.0000 43.5790
    vertex 91.2388 0.0000 40.1732
    vertex 91.6593 0.0000 41.4118
  endloop
endfacet
facet normal 0.000000 -1.000000 0.000000
  outer loop
    vertex 83.0163 0.0000 43.5790
    vertex 91.6593 0.0000 41.4118
    vertex 83.0625 0.0000 43.7153
  endloop
endfacet
facet normal 0.000000 1.000000 0.000000
  outer loop
    vertex 83.0163 11.0000 43.5790
    vertex 91.6593 11.0000 41.4118
    vertex 91.2388 11.0000 40.1732
  endloop
endfacet
facet normal -0.000000 1.000000 0.000000
  outer loop
    vertex 83.0163 11.0000 43.5790
    vertex 83.0625 11.0000 43.7153
    vertex 91.6593 11.0000 41.4118
  endloop
endfacet
facet normal 0.946930 0.000000 -0.321439
  outer loop
    vertex 91.2388 0.0000 40.1732
    vertex 91.6593 11.0000 41.4118
    vertex 91.6593 0.0000 41.4118
  endloop
endfacet
facet normal 0.946930 0.000000 -0.321439
  outer loop
    vertex 91.2388 0.0000 40.1732
    vertex 91.2388 11.0000 40.1732
    vertex 91.6593 11.0000 41.4118
  endloop
endfacet
facet normal -0.946930 0.000000 0.321439
  outer loop
    vertex 83.0163 0.0000 43.5790
    vertex 83.0625 0.0000 43.7153
    vertex 83.0625 11.0000 43.7153
  endloop
endfacet
facet normal -0.946930 0.000000 0.321439
  outer loop
    vertex 83.0163 0.0000 43.5790
    vertex 83.0625 11.0000 43.7153
    vertex 83.0163 11.0000 43.5790
  endloop
endfacet
facet normal 0.000000 -1.000000 0.000000
  outer loop
    vertex 83.0625 0.0000 43.7153
    vertex 91.6593 0.0000 41.4118
    vertex 91.9144 0.0000 42.6947
  endloop
endfacet
facet normal 0.000000 -1.000000 0.000000
  outer loop
    vertex 83.0625 0.0000 43.7153
    vertex 91.9144 0.0000 42.6947
    vertex 83.0906 0.0000 43.8564
  endloop
endfacet
facet normal 0.000000 1.000000 0.000000
  outer loop
    vertex 83.0625 11.0000 43.7153
    vertex 91.9144 11.0000 42.6947
    vertex 91.6593 11.0000 41.4118
  endloop
endfacet
facet normal -0.000000 1.000000 0.000000
  outer loop
    vertex 83.0625 11.0000 43.7153
    vertex 83.0906 11.0000 43.8564
    vertex 91.9144 11.0000 42.6947
  endloop
endfacet
facet normal 0.980785 0.000000 -0.195090
  outer loop
    vertex 91.6593 0.0000 41.4118
    vertex 91.9144 11.0000 42.6947
    vertex 91.9144 0.0000 42.6947
  endloop
endfacet
facet normal 0.980785 0.000000 -0.195090
  outer loop
    vertex 91.6593 0.0000 41.4118
    vertex 91.6593 11.0000 41.4118
    vertex 91.9144 11.0000 42.6947
  endloop
endfacet
facet normal -0.980785 0.000000 0.195090
  outer loop
    vertex 83.0625 0.0000 43.7153
    vertex 83.0906 0.0000 43.8564
    vertex 83.0906 11.0000 43.8564
  endloop
endfacet
facet normal -0.980785 0.000000 0.195090
  outer loop
    vertex 83.0625 0.0000 43.7153
    vertex 83.0906 11.0000 43.8564
    vertex 83.0625 11.0000 43.7153
  endloop
endfacet
facet normal 0.000000 -1.000000 0.000000
  outer loop
    vertex 83.0906 0.0000 43.8564
    vertex 91.9144 0.0000 42.6947
    vertex 92.0000 0.0000 44.0000
  endloop
endfacet
facet normal 0.000000 -1.000000 0.000000
  outer loop
    vertex 83.0906 0.0000 43.8564
    vertex 92.0000 0.0000 44.0000
    vertex 83.1000 0.0000 44.0000
  endloop
endfacet
facet normal -0.000000 1.000000 0.000000
  outer loop
    vertex 83.0906 11.0000 43.8564
    vertex 92.0000 11.0000 44.0000
    vertex 91.9144 11.0000 42.6947
  endloop
endfacet
facet normal 0.000000 1.000000 0.000000
  outer loop
    vertex 83.0906 11.0000 43.8564
    vertex 83.1000 11.0000 44.0000
    vertex 92.0000 11.0000 44.0000
  endloop
endfacet
facet normal 0.997859 0.000000 -0.065403
  outer loop
    vertex 91.9144 0.0000 42.6947
    vertex 92.0000 11.0000 44.0000
    vertex 92.0000 0.0000 44.0000
  endloop
endfacet
facet normal 0.997859 0.000000 -0.065403
  outer loop
    vertex 91.9144 0.0000 42.6947
    vertex 91.9144 11.0000 42.6947
    vertex 92.0000 11.0000 44.0000
  endloop
endfacet
facet normal -0.997859 0.000000 0.065403
  outer loop
    vertex 83.0906 0.0000 43.8564
    vertex 83.1000 0.0000 44.0000
    vertex 83.1000 11.0000 44.0000
  endloop
endfacet
facet normal -0.997859 0.000000 0.065403
  outer loop
    vertex 83.0906 0.0000 43.8564
    vertex 83.1000 11.0000 44.0000
    vertex 83.0906 11.0000 43.8564
  endloop
endfacet
facet normal 0.000000 -1.000000 0.000000
  outer loop
    vertex 107.1500 0.0000 44.0000
    vertex 116.0000 0.0000 44.0000
    vertex 115.9144 0.0000 45.3053
  endloop
endfacet
facet normal 0.000000 -1.000000 0.000000
  outer loop
    vertex 107.1500 0.0000 44.0000
    vertex 115.9144 0.0000 45.3053
    vertex 107.1402 0.0000 44.1501
  endloop
endfacet
facet normal 0.000000 1.000000 0.000000
  outer loop
    vertex 107.1500 12.0000 44.0000
    vertex 115.9144 12.0000 45.3053
    vertex 116.0000 12.0000 44.0000
  endloop
endfacet
facet normal 0.000000 1.000000 -0.000000
  outer loop
    vertex 107.1500 12.0000 44.0000
    vertex 107.1402 12.0000 44.1501
    vertex 115.9144 12.0000 45.3053
  endloop
endfacet
facet normal 0.997859 0.000000 0.065403
  outer loop
    vertex 116.0000 0.0000 44.0000
    vertex 115.9144 12.0000 45.3053
    vertex 115.9144 0.0000 45.3053
  endloop
endfacet
facet normal 0.997859 -0.000000 0.065403
  outer loop
    vertex 116.0000 0.0000 44.0000
    vertex 116.0000 12.0000 44.0000
    vertex 115.9144 12.0000 45.3053
  endloop
endfacet
facet normal -0.997859 0.000000 -0.065403
  outer loop
    vertex 107.1500 0.0000 44.0000
    vertex 107.1402 0.0000 44.1501
    vertex 107.1402 12.0000 44.1501
  endloop
endfacet
facet normal -0.997859 0.000000 -0.065403
  outer loop
    vertex 107.1500 0.0000 44.0000
    vertex 107.1402 12.0000 44.1501
    vertex 107.1500 12.0000 44.0000
  endloop
endfacet
facet normal 0.000000 -1.000000 0.000000
  outer loop
    vertex 107.1402 0.0000 44.1501
    vertex 115.9144 0.0000 45.3053
    vertex 115.6593 0.0000 46.5882
  endloop
endfacet
facet normal 0.000000 -1.000000 0.000000
  outer loop
    vertex 107.1402 0.0000 44.1501
    vertex 115.6593 0.0000 46.5882
    vertex 107.1108 0.0000 44.2976
  endloop
endfacet
facet normal 0.000000 1.000000 0.000000
  outer loop
    vertex 107.1402 12.0000 44.1501
    vertex 115.6593 12.0000 46.5882
    vertex 115.9144 12.0000 45.3053
  endloop
endfacet
facet normal 0.000000 1.000000 -0.000000
  outer loop
    vertex 107.1402 12.0000 44.1501
    vertex 107.1108 12.0000 44.2976
    vertex 115.6593 12.0000 46.5882
  endloop
endfacet
facet normal 0.980785 0.000000 0.195090
  outer loop
    vertex 115.9144 0.0000 45.3053
    vertex 115.6593 12.0000 46.5882
    vertex 115.6593 0.0000 46.5882
  endloop
endfacet
facet normal 0.980785 -0.000000 0.195090
  outer loop
    vertex 115.9144 0.0000 45.3053
    vertex 115.9144 12.0000 45.3053
    vertex 115.6593 12.0000 46.5882
  endloop
endfacet
facet normal -0.980785 0.000000 -0.195090
  outer loop
    vertex 107.1402 0.0000 44.1501
    vertex 107.1108 0.0000 44.2976
    vertex 107.1108 12.0000 44.2976
  endloop
endfacet
facet normal -0.980785 0.000000 -0.195090
  outer loop
    vertex 107.1402 0.0000 44.1501
    vertex 107.1108 12.0000 44.2976
    vertex 107.1402 12.0000 44.1501
  endloop
endfacet
facet normal 0.000000 -1.000000 0.000000
  outer loop
    vertex 107.1108 0.0000 44.2976
    vertex 115.6593 0.0000 46.5882
    vertex 115.2388 0.0000 47.8268
  endloop
endfacet
facet normal 0.000000 -1.000000 0.000000
  outer loop
    vertex 107.1108 0.0000 44.2976
    vertex 115.2388 0.0000 47.8268
    vertex 107.0625 0.0000 44.4401
  endloop
endfacet
facet normal 0.000000 1.000000 0.000000
  outer loop
    vertex 107.1108 12.0000 44.2976
    vertex 115.2388 12.0000 47.8268
    vertex 115.6593 12.0000 46.5882
  endloop
endfacet
facet normal 0.000000 1.000000 -0.000000
  outer loop
    vertex 107.1108 12.0000 44.2976
    vertex 107.0625 12.0000 44.4401
    vertex 115.2388 12.0000 47.8268
  endloop
endfacet
facet normal 0.946930 0.000000 0.321439
  outer loop
    vertex 115.6593 0.0000 46.5882
    vertex 115.2388 12.0000 47.8268
    vertex 115.2388 0.0000 47.8268
  endloop
endfacet
facet normal 0.946930 -0.000000 0.321439
  outer loop
    vertex 115.6593 0.0000 46.5882
    vertex 115.6593 12.0000 46.5882
    vertex 115.2388 12.0000 47.8268
  endloop
endfacet
facet normal -0.946930 0.000000 -0.321439
  outer loop
    vertex 107.1108 0.0000 44.2976
    vertex 107.0625 0.0000 44.4401
    vertex 107.0625 12.0000 44.4401
  endloop
endfacet
facet normal -0.946930 0.000000 -0.321439
  outer loop
    vertex 107.1108 0.0000 44.2976
    vertex 107.0625 12.0000 44.4401
    vertex 107.1108 12.0000 44.2976
  endloop
endfacet
facet normal 0.000000 -1.000000 0.000000
  outer loop
    vertex 107.0625 0.0000 44.4401
    vertex 115.2388 0.0000 47.8268
    vertex 114.6603 0.0000 49.0000
  endloop
endfacet
facet normal 0.000000 -1.000000 0.000000
  outer loop
    vertex 107.0625 0.0000 44.4401
    vertex 114.6603 0.0000 49.0000
    vertex 106.9959 0.0000 44.5750
  endloop
endfacet
facet normal 0.000000 1.000000 0.000000
  outer loop
    vertex 107.0625 12.0000 44.4401
    vertex 114.6603 12.0000 49.0000
    vertex 115.2388 12.0000 47.8268
  endloop
endfacet
facet normal 0.000000 1.000000 -0.000000
  outer loop
    vertex 107.0625 12.0000 44.4401
    vertex 106.9959 12.0000 44.5750
    vertex 114.6603 12.0000 49.0000
  endloop
endfacet
facet normal 0.896873 0.000000 0.442289
  outer loop
    vertex 115.2388 0.0000 47.8268
    vertex 114.6603 12.0000 49.0000
    vertex 114.6603 0.0000 49.0000
  endloop
endfacet
facet normal 0.896873 -0.000000 0.442289
  outer loop
    vertex 115.2388 0.0000 47.8268
    vertex 115.2388 12.0000 47.8268
    vertex 114.6603 12.0000 49.0000
  endloop
endfacet
facet normal -0.896873 0.000000 -0.442289
  outer loop
    vertex 107.0625 0.0000 44.4401
    vertex 106.9959 0.0000 44.5750
    vertex 106.9959 12.0000 44.5750
  endloop
endfacet
facet normal -0.896873 0.000000 -0.442289
  outer loop
    vertex 107.0625 0.0000 44.4401
    vertex 106.9959 12.0000 44.5750
    vertex 107.0625 12.0000 44.4401
  endloop
endfacet
facet normal 0.000000 -1.000000 0.000000
  outer loop
    vertex 106.9959 0.0000 44.5750
    vertex 114.6603 0.0000 49.0000
    vertex 113.9335 0.0000 50.0876
  endloop
endfacet
facet normal 0.000000 -1.000000 0.000000
  outer loop
    vertex 106.9959 0.0000 44.5750
    vertex 113.9335 0.0000 50.0876
    vertex 106.9124 0.0000 44.7001
  endloop
endfacet
facet normal 0.000000 1.000000 0.000000
  outer loop
    vertex 106.9959 12.0000 44.5750
    vertex 113.9335 12.0000 50.0876
    vertex 114.6603 12.0000 49.0000
  endloop
endfacet
facet normal 0.000000 1.000000 -0.000000
  outer loop
    vertex 106.9959 12.0000 44.5750
    vertex 106.9124 12.0000 44.7001
    vertex 113.9335 12.0000 50.0876
  endloop
endfacet
facet normal 0.831470 0.000000 0.555570
  outer loop
    vertex 114.6603 0.0000 49.0000
    vertex 113.9335 12.0000 50.0876
    vertex 113.9335 0.0000 50.0876
  endloop
endfacet
facet normal 0.831470 -0.000000 0.555570
  outer loop
    vertex 114.6603 0.0000 49.0000
    vertex 114.6603 12.0000 49.0000
    vertex 113.9335 12.0000 50.0876
  endloop
endfacet
facet normal -0.831470 0.000000 -0.555570
  outer loop
    vertex 106.9959 0.0000 44.5750
    vertex 106.9124 0.0000 44.7001
    vertex 106.9124 12.0000 44.7001
  endloop
endfacet
facet normal -0.831470 0.000000 -0.555570
  outer loop
    vertex 106.9959 0.0000 44.5750
    vertex 106.9124 12.0000 44.7001
    vertex 106.9959 12.0000 44.5750
  endloop
endfacet
facet normal 0.000000 -1.000000 0.000000
  outer loop
    vertex 106.9124 0.0000 44.7001
    vertex 113.9335 0.0000 50.0876
    vertex 113.0711 0.0000 51.0711
  endloop
endfacet
facet normal 0.000000 -1.000000 0.000000
  outer loop
    vertex 106.9124 0.0000 44.7001
    vertex 113.0711 0.0000 51.0711
    vertex 106.8132 0.0000 44.8132
  endloop
endfacet
facet normal 0.000000 1.000000 0.000000
  outer loop
    vertex 106.9124 12.0000 44.7001
    vertex 113.0711 12.0000 51.0711
    vertex 113.9335 12.0000 50.0876
  endloop
endfacet
facet normal 0.000000 1.000000 -0.000000
  outer loop
    vertex 106.9124 12.0000 44.7001
    vertex 106.8132 12.0000 44.8132
    vertex 113.0711 12.0000 51.0711
  endloop
endfacet
facet normal 0.751840 0.000000 0.659346
  outer loop
    vertex 113.9335 0.0000 50.0876
    vertex 113.0711 12.0000 51.0711
    vertex 113.0711 0.0000 51.0711
  endloop
endfacet
facet normal 0.751840 -0.000000 0.659346
  outer loop
    vertex 113.9335 0.0000 50.0876
    vertex 113.9335 12.0000 50.0876
    vertex 113.0711 12.0000 51.0711
  endloop
endfacet
facet normal -0.751840 0.000000 -0.659346
  outer loop
    vertex 106.9124 0.0000 44.7001
    vertex 106.8132 0.0000 44.8132
    vertex 106.8132 12.0000 44.8132
  endloop
endfacet
facet normal -0.751840 0.000000 -0.659346
  outer loop
    vertex 106.9124 0.0000 44.7001
    vertex 106.8132 12.0000 44.8132
    vertex 106.9124 12.0000 44.7001
  endloop
endfacet
facet normal 0.000000 -1.000000 0.000000
  outer loop
    vertex 106.8132 0.0000 44.8132
    vertex 113.0711 0.0000 51.0711
    vertex 112.0876 0.0000 51.9335
  endloop
endfacet
facet normal 0.000000 -1.000000 0.000000
  outer loop
    vertex 106.8132 0.0000 44.8132
    vertex 112.0876 0.0000 51.9335
    vertex 106.7001 0.0000 44.9124
  endloop
endfacet
facet normal 0.000000 1.000000 0.000000
  outer loop
    vertex 106.8132 12.0000 44.8132
    vertex 112.0876 12.0000 51.9335
    vertex 113.0711 12.0000 51.0711
  endloop
endfacet
facet normal 0.000000 1.000000 -0.000000
  outer loop
    vertex 106.8132 12.0000 44.8132
    vertex 106.7001 12.0000 44.9124
    vertex 112.0876 12.0000 51.9335
  endloop
endfacet
facet normal 0.659346 0.000000 0.751840
  outer loop
    vertex 113.0711 0.0000 51.0711
    vertex 112.0876 12.0000 51.9335
    vertex 112.0876 0.0000 51.9335
  endloop
endfacet
facet normal 0.659346 -0.000000 0.751840
  outer loop
    vertex 113.0711 0.0000 51.0711
    vertex 113.0711 12.0000 51.0711
    vertex 112.0876 12.0000 51.9335
  endloop
endfacet
facet normal -0.659346 0.000000 -0.751840
  outer loop
    vertex 106.8132 0.0000 44.8132
    vertex 106.7001 0.0000 44.9124
    vertex 106.7001 12.0000 44.9124
  endloop
endfacet
facet normal -0.659346 0.000000 -0.751840
  outer loop
    vertex 106.8132 0.0000 44.8132
    vertex 106.7001 12.0000 44.9124
    vertex 106.8132 12.0000 44.8132
  endloop
endfacet
facet normal 0.000000 -1.000000 0.000000
  outer loop
    vertex 106.7001 0.0000 44.9124
    vertex 112.0876 0.0000 51.9335
    vertex 111.0000 0.0000 52.6603
  endloop
endfacet
facet normal 0.000000 -1.000000 0.000000
  outer loop
    vertex 106.7001 0.0000 44.9124
    vertex 111.0000 0.0000 52.6603
    vertex 106.5750 0.0000 44.9959
  endloop
endfacet
facet normal 0.000000 1.000000 0.000000
  outer loop
    vertex 106.7001 12.0000 44.9124
    vertex 111.0000 12.0000 52.6603
    vertex 112.0876 12.0000 51.9335
  endloop
endfacet
facet normal 0.000000 1.000000 -0.000000
  outer loop
    vertex 106.7001 12.0000 44.9124
    vertex 106.5750 12.0000 44.9959
    vertex 111.0000 12.0000 52.6603
  endloop
endfacet
facet normal 0.555570 0.000000 0.831470
  outer loop
    vertex 112.0876 0.0000 51.9335
    vertex 111.0000 12.0000 52.6603
    vertex 111.0000 0.0000 52.6603
  endloop
endfacet
facet normal 0.555570 -0.000000 0.831470
  outer loop
    vertex 112.0876 0.0000 51.9335
    vertex 112.0876 12.0000 51.9335
    vertex 111.0000 12.0000 52.6603
  endloop
endfacet
facet normal -0.555570 0.000000 -0.831470
  outer loop
    vertex 106.7001 0.0000 44.9124
    vertex 106.5750 0.0000 44.9959
    vertex 106.5750 12.0000 44.9959
  endloop
endfacet
facet normal -0.555570 0.000000 -0.831470
  outer loop
    vertex 106.7001 0.0000 44.9124
    vertex 106.5750 12.0000 44.9959
    vertex 106.7001 12.0000 44.9124
  endloop
endfacet
facet normal 0.000000 -1.000000 0.000000
  outer loop
    vertex 106.5750 0.0000 44.9959
    vertex 111.0000 0.0000 52.6603
    vertex 109.8268 0.0000 53.2388
  endloop
endfacet
facet normal 0.000000 -1.000000 0.000000
  outer loop
    vertex 106.5750 0.0000 44.9959
    vertex 109.8268 0.0000 53.2388
    vertex 106.4401 0.0000 45.0625
  endloop
endfacet
facet normal 0.000000 1.000000 0.000000
  outer loop
    vertex 106.5750 12.0000 44.9959
    vertex 109.8268 12.0000 53.2388
    vertex 111.0000 12.0000 52.6603
  endloop
endfacet
facet normal 0.000000 1.000000 -0.000000
  outer loop
    vertex 106.5750 12.0000 44.9959
    vertex 106.4401 12.0000 45.0625
    vertex 109.8268 12.0000 53.2388
  endloop
endfacet
facet normal 0.442289 0.000000 0.896873
  outer loop
    vertex 111.0000 0.0000 52.6603
    vertex 109.8268 12.0000 53.2388
    vertex 109.8268 0.0000 53.2388
  endloop
endfacet
facet normal 0.442289 -0.000000 0.896873
  outer loop
    vertex 111.0000 0.0000 52.6603
    vertex 111.0000 12.0000 52.6603
    vertex 109.8268 12.0000 53.2388
  endloop
endfacet
facet normal -0.442289 0.000000 -0.896873
  outer loop
    vertex 106.5750 0.0000 44.9959
    vertex 106.4401 0.0000 45.0625
    vertex 106.4401 12.0000 45.0625
  endloop
endfacet
facet normal -0.442289 0.000000 -0.896873
  outer loop
    vertex 106.5750 0.0000 44.9959
    vertex 106.4401 12.0000 45.0625
    vertex 106.5750 12.0000 44.9959
  endloop
endfacet
facet normal 0.000000 -1.000000 0.000000
  outer loop
    vertex 106.4401 0.0000 45.0625
    vertex 109.8268 0.0000 53.2388
    vertex 108.5882 0.0000 53.6593
  endloop
endfacet
facet normal 0.000000 -1.000000 0.000000
  outer loop
    vertex 106.4401 0.0000 45.0625
    vertex 108.5882 0.0000 53.6593
    vertex 106.2976 0.0000 45.1108
  endloop
endfacet
facet normal 0.000000 1.000000 0.000000
  outer loop
    vertex 106.4401 12.0000 45.0625
    vertex 108.5882 12.0000 53.6593
    vertex 109.8268 12.0000 53.2388
  endloop
endfacet
facet normal 0.000000 1.000000 -0.000000
  outer loop
    vertex 106.4401 12.0000 45.0625
    vertex 106.2976 12.0000 45.1108
    vertex 108.5882 12.0000 53.6593
  endloop
endfacet
facet normal 0.321439 0.000000 0.946930
  outer loop
    vertex 109.8268 0.0000 53.2388
    vertex 108.5882 12.0000 53.6593
    vertex 108.5882 0.0000 53.6593
  endloop
endfacet
facet normal 0.321439 -0.000000 0.946930
  outer loop
    vertex 109.8268 0.0000 53.2388
    vertex 109.8268 12.0000 53.2388
    vertex 108.5882 12.0000 53.6593
  endloop
endfacet
facet normal -0.321439 0.000000 -0.946930
  outer loop
    vertex 106.4401 0.0000 45.0625
    vertex 106.2976 0.0000 45.1108
    vertex 106.2976 12.0000 45.1108
  endloop
endfacet
facet normal -0.321439 0.000000 -0.946930
  outer loop
    vertex 106.4401 0.0000 45.0625
    vertex 106.2976 12.0000 45.1108
    vertex 106.4401 12.0000 45.0625
  endloop
endfacet
facet normal 0.000000 -1.000000 0.000000
  outer loop
    vertex 106.2976 0.0000 45.1108
    vertex 108.5882 0.0000 53.6593
    vertex 107.3053 0.0000 53.9144
  endloop
endfacet
facet normal 0.000000 -1.000000 0.000000
  outer loop
    vertex 106.2976 0.0000 45.1108
    vertex 107.3053 0.0000 53.9144
    vertex 106.1501 0.0000 45.1402
  endloop
endfacet
facet normal 0.000000 1.000000 0.000000
  outer loop
    vertex 106.2976 12.0000 45.1108
    vertex 107.3053 12.0000 53.9144
    vertex 108.5882 12.0000 53.6593
  endloop
endfacet
facet normal 0.000000 1.000000 -0.000000
  outer loop
    vertex 106.2976 12.0000 45.1108
    vertex 106.1501 12.0000 45.1402
    vertex 107.3053 12.0000 53.9144
  endloop
endfacet
facet normal 0.195090 0.000000 0.980785
  outer loop
    vertex 108.5882 0.0000 53.6593
    vertex 107.3053 12.0000 53.9144
    vertex 107.3053 0.0000 53.9144
  endloop
endfacet
facet normal 0.195090 -0.000000 0.980785
  outer loop
    vertex 108.5882 0.0000 53.6593
    vertex 108.5882 12.0000 53.6593
    vertex 107.3053 12.0000 53.9144
  endloop
endfacet
facet normal -0.195090 0.000000 -0.980785
  outer loop
    vertex 106.2976 0.0000 45.1108
    vertex 106.1501 0.0000 45.1402
    vertex 106.1501 12.0000 45.1402
  endloop
endfacet
facet normal -0.195090 0.000000 -0.980785
  outer loop
    vertex 106.2976 0.0000 45.1108
    vertex 106.1501 12.0000 45.1402
    vertex 106.2976 12.0000 45.1108
  endloop
endfacet
facet normal 0.000000 -1.000000 0.000000
  outer loop
    vertex 106.1501 0.0000 45.1402
    vertex 107.3053 0.0000 53.9144
    vertex 106.0000 0.0000 54.0000
  endloop
endfacet
facet normal 0.000000 -1.000000 0.000000
  outer loop
    vertex 106.1501 0.0000 45.1402
    vertex 106.0000 0.0000 54.0000
    vertex 106.0000 0.0000 45.1500
  endloop
endfacet
facet normal 0.000000 1.000000 -0.000000
  outer loop
    vertex 106.1501 12.0000 45.1402
    vertex 106.0000 12.0000 54.0000
    vertex 107.3053 12.0000 53.9144
  endloop
endfacet
facet normal 0.000000 1.000000 0.000000
  outer loop
    vertex 106.1501 12.0000 45.1402
    vertex 106.0000 12.0000 45.1500
    vertex 106.0000 12.0000 54.0000
  endloop
endfacet
facet normal 0.065403 0.000000 0.997859
  outer loop
    vertex 107.3053 0.0000 53.9144
    vertex 106.0000 12.0000 54.0000
    vertex 106.0000 0.0000 54.0000
  endloop
endfacet
facet normal 0.065403 -0.000000 0.997859
  outer loop
    vertex 107.3053 0.0000 53.9144
    vertex 107.3053 12.0000 53.9144
    vertex 106.0000 12.0000 54.0000
  endloop
endfacet
facet normal -0.065403 0.000000 -0.997859
  outer loop
    vertex 106.1501 0.0000 45.1402
    vertex 106.0000 0.0000 45.1500
    vertex 106.0000 12.0000 45.1500
  endloop
endfacet
facet normal -0.065403 0.000000 -0.997859
  outer loop
    vertex 106.1501 0.0000 45.1402
    vertex 106.0000 12.0000 45.1500
    vertex 106.1501 12.0000 45.1402
  endloop
endfacet
facet normal 0.000000 -1.000000 0.000000
  outer loop
    vertex 106.0000 0.0000 45.1500
    vertex 106.0000 0.0000 54.0000
    vertex 104.6947 0.0000 53.9144
  endloop
endfacet
facet normal -0.000000 -1.000000 0.000000
  outer loop
    vertex 106.0000 0.0000 45.1500
    vertex 104.6947 0.0000 53.9144
    vertex 105.8499 0.0000 45.1402
  endloop
endfacet
facet normal 0.000000 1.000000 -0.000000
  outer loop
    vertex 106.0000 12.0000 45.1500
    vertex 104.6947 12.0000 53.9144
    vertex 106.0000 12.0000 54.0000
  endloop
endfacet
facet normal 0.000000 1.000000 0.000000
  outer loop
    vertex 106.0000 12.0000 45.1500
    vertex 105.8499 12.0000 45.1402
    vertex 104.6947 12.0000 53.9144
  endloop
endfacet
facet normal -0.065403 0.000000 0.997859
  outer loop
    vertex 106.0000 0.0000 54.0000
    vertex 104.6947 12.0000 53.9144
    vertex 104.6947 0.0000 53.9144
  endloop
endfacet
facet normal -0.065403 0.000000 0.997859
  outer loop
    vertex 106.0000 0.0000 54.0000
    vertex 106.0000 12.0000 54.0000
    vertex 104.6947 12.0000 53.9144
  endloop
endfacet
facet normal 0.065403 0.000000 -0.997859
  outer loop
    vertex 106.0000 0.0000 45.1500
    vertex 105.8499 0.0000 45.1402
    vertex 105.8499 12.0000 45.1402
  endloop
endfacet
facet normal 0.065403 0.000000 -0.997859
  outer loop
    vertex 106.0000 0.0000 45.1500
    vertex 105.8499 12.0000 45.1402
    vertex 106.0000 12.0000 45.1500
  endloop
endfacet
facet normal 0.000000 -1.000000 0.000000
  outer loop
    vertex 105.8499 0.0000 45.1402
    vertex 104.6947 0.0000 53.9144
    vertex 103.4118 0.0000 53.6593
  endloop
endfacet
facet normal -0.000000 -1.000000 0.000000
  outer loop
    vertex 105.8499 0.0000 45.1402
    vertex 103.4118 0.0000 53.6593
    vertex 105.7024 0.0000 45.1108
  endloop
endfacet
facet normal 0.000000 1.000000 0.000000
  outer loop
    vertex 105.8499 12.0000 45.1402
    vertex 103.4118 12.0000 53.6593
    vertex 104.6947 12.0000 53.9144
  endloop
endfacet
facet normal 0.000000 1.000000 0.000000
  outer loop
    vertex 105.8499 12.0000 45.1402
    vertex 105.7024 12.0000 45.1108
    vertex 103.4118 12.0000 53.6593
  endloop
endfacet
facet normal -0.195090 0.000000 0.980785
  outer loop
    vertex 104.6947 0.0000 53.9144
    vertex 103.4118 12.0000 53.6593
    vertex 103.4118 0.0000 53.6593
  endloop
endfacet
facet normal -0.195090 0.000000 0.980785
  outer loop
    vertex 104.6947 0.0000 53.9144
    vertex 104.6947 12.0000 53.9144
    vertex 103.4118 12.0000 53.6593
  endloop
endfacet
facet normal 0.195090 0.000000 -0.980785
  outer loop
    vertex 105.8499 0.0000 45.1402
    vertex 105.7024 0.0000 45.1108
    vertex 105.7024 12.0000 45.1108
  endloop
endfacet
facet normal 0.195090 0.000000 -0.980785
  outer loop
    vertex 105.8499 0.0000 45.1402
    vertex 105.7024 12.0000 45.1108
    vertex 105.8499 12.0000 45.1402
  endloop
endfacet
facet normal 0.000000 -1.000000 0.000000
  outer loop
    vertex 105.7024 0.0000 45.1108
    vertex 103.4118 0.0000 53.6593
    vertex 102.1732 0.0000 53.2388
  endloop
endfacet
facet normal -0.000000 -1.000000 0.000000
  outer loop
    vertex 105.7024 0.0000 45.1108
    vertex 102.1732 0.0000 53.2388
    vertex 105.5599 0.0000 45.0625
  endloop
endfacet
facet normal 0.000000 1.000000 0.000000
  outer loop
    vertex 105.7024 12.0000 45.1108
    vertex 102.1732 12.0000 53.2388
    vertex 103.4118 12.0000 53.6593
  endloop
endfacet
facet normal 0.000000 1.000000 0.000000
  outer loop
    vertex 105.7024 12.0000 45.1108
    vertex 105.5599 12.0000 45.0625
    vertex 102.1732 12.0000 53.2388
  endloop
endfacet
facet normal -0.321439 0.000000 0.946930
  outer loop
    vertex 103.4118 0.0000 53.6593
    vertex 102.1732 12.0000 53.2388
    vertex 102.1732 0.0000 53.2388
  endloop
endfacet
facet normal -0.321439 0.000000 0.946930
  outer loop
    vertex 103.4118 0.0000 53.6593
    vertex 103.4118 12.0000 53.6593
    vertex 102.1732 12.0000 53.2388
  endloop
endfacet
facet normal 0.321439 0.000000 -0.946930
  outer loop
    vertex 105.7024 0.0000 45.1108
    vertex 105.5599 0.0000 45.0625
    vertex 105.5599 12.0000 45.0625
  endloop
endfacet
facet normal 0.321439 0.000000 -0.946930
  outer loop
    vertex 105.7024 0.0000 45.1108
    vertex 105.5599 12.0000 45.0625
    vertex 105.7024 12.0000 45.1108
  endloop
endfacet
facet normal 0.000000 -1.000000 0.000000
  outer loop
    vertex 105.5599 0.0000 45.0625
    vertex 102.1732 0.0000 53.2388
    vertex 101.0000 0.0000 52.6603
  endloop
endfacet
facet normal -0.000000 -1.000000 0.000000
  outer loop
    vertex 105.5599 0.0000 45.0625
    vertex 101.0000 0.0000 52.6603
    vertex 105.4250 0.0000 44.9959
  endloop
endfacet
facet normal 0.000000 1.000000 0.000000
  outer loop
    vertex 105.5599 12.0000 45.0625
    vertex 101.0000 12.0000 52.6603
    vertex 102.1732 12.0000 53.2388
  endloop
endfacet
facet normal 0.000000 1.000000 0.000000
  outer loop
    vertex 105.5599 12.0000 45.0625
    vertex 105.4250 12.0000 44.9959
    vertex 101.0000 12.0000 52.6603
  endloop
endfacet
facet normal -0.442289 0.000000 0.896873
  outer loop
    vertex 102.1732 0.0000 53.2388
    vertex 101.0000 12.0000 52.6603
    vertex 101.0000 0.0000 52.6603
  endloop
endfacet
facet normal -0.442289 0.000000 0.896873
  outer loop
    vertex 102.1732 0.0000 53.2388
    vertex 102.1732 12.0000 53.2388
    vertex 101.0000 12.0000 52.6603
  endloop
endfacet
facet normal 0.442289 0.000000 -0.896873
  outer loop
    vertex 105.5599 0.0000 45.0625
    vertex 105.4250 0.0000 44.9959
    vertex 105.4250 12.0000 44.9959
  endloop
endfacet
facet normal 0.442289 0.000000 -0.896873
  outer loop
    vertex 105.5599 0.0000 45.0625
    vertex 105.4250 12.0000 44.9959
    vertex 105.5599 12.0000 45.0625
  endloop
endfacet
facet normal 0.000000 -1.000000 0.000000
  outer loop
    vertex 105.4250 0.0000 44.9959
    vertex 101.0000 0.0000 52.6603
    vertex 99.9124 0.0000 51.9335
  endloop
endfacet
facet normal -0.000000 -1.000000 0.000000
  outer loop
    vertex 105.4250 0.0000 44.9959
    vertex 99.9124 0.0000 51.9335
    vertex 105.2999 0.0000 44.9124
  endloop
endfacet
facet normal 0.000000 1.000000 0.000000
  outer loop
    vertex 105.4250 12.0000 44.9959
    vertex 99.9124 12.0000 51.9335
    vertex 101.0000 12.0000 52.6603
  endloop
endfacet
facet normal 0.000000 1.000000 0.000000
  outer loop
    vertex 105.4250 12.0000 44.9959
    vertex 105.2999 12.0000 44.9124
    vertex 99.9124 12.0000 51.9335
  endloop
endfacet
facet normal -0.555570 0.000000 0.831470
  outer loop
    vertex 101.0000 0.0000 52.6603
    vertex 99.9124 12.0000 51.9335
    vertex 99.9124 0.0000 51.9335
  endloop
endfacet
facet normal -0.555570 0.000000 0.831470
  outer loop
    vertex 101.0000 0.0000 52.6603
    vertex 101.0000 12.0000 52.6603
    vertex 99.9124 12.0000 51.9335
  endloop
endfacet
facet normal 0.555570 0.000000 -0.831470
  outer loop
    vertex 105.4250 0.0000 44.9959
    vertex 105.2999 0.0000 44.9124
    vertex 105.2999 12.0000 44.9124
  endloop
endfacet
facet normal 0.555570 0.000000 -0.831470
  outer loop
    vertex 105.4250 0.0000 44.9959
    vertex 105.2999 12.0000 44.9124
    vertex 105.4250 12.0000 44.9959
  endloop
endfacet
facet normal 0.000000 -1.000000 0.000000
  outer loop
    vertex 105.2999 0.0000 44.9124
    vertex 99.9124 0.0000 51.9335
    vertex 98.9289 0.0000 51.0711
  endloop
endfacet
facet normal -0.000000 -1.000000 0.000000
  outer loop
    vertex 105.2999 0.0000 44.9124
    vertex 98.9289 0.0000 51.0711
    vertex 105.1868 0.0000 44.8132
  endloop
endfacet
facet normal 0.000000 1.000000 0.000000
  outer loop
    vertex 105.2999 12.0000 44.9124
    vertex 98.9289 12.0000 51.0711
    vertex 99.9124 12.0000 51.9335
  endloop
endfacet
facet normal 0.000000 1.000000 0.000000
  outer loop
    vertex 105.2999 12.0000 44.9124
    vertex 105.1868 12.0000 44.8132
    vertex 98.9289 12.0000 51.0711
  endloop
endfacet
facet normal -0.659346 0.000000 0.751840
  outer loop
    vertex 99.9124 0.0000 51.9335
    vertex 98.9289 12.0000 51.0711
    vertex 98.9289 0.0000 51.0711
  endloop
endfacet
facet normal -0.659346 0.000000 0.751840
  outer loop
    vertex 99.9124 0.0000 51.9335
    vertex 99.9124 12.0000 51.9335
    vertex 98.9289 12.0000 51.0711
  endloop
endfacet
facet normal 0.659346 0.000000 -0.751840
  outer loop
    vertex 105.2999 0.0000 44.9124
    vertex 105.1868 0.0000 44.8132
    vertex 105.1868 12.0000 44.8132
  endloop
endfacet
facet normal 0.659346 0.000000 -0.751840
  outer loop
    vertex 105.2999 0.0000 44.9124
    vertex 105.1868 12.0000 44.8132
    vertex 105.2999 12.0000 44.9124
  endloop
endfacet
facet normal 0.000000 -1.000000 0.000000
  outer loop
    vertex 105.1868 0.0000 44.8132
    vertex 98.9289 0.0000 51.0711
    vertex 98.0665 0.0000 50.0876
  endloop
endfacet
facet normal -0.000000 -1.000000 0.000000
  outer loop
    vertex 105.1868 0.0000 44.8132
    vertex 98.0665 0.0000 50.0876
    vertex 105.0876 0.0000 44.7001
  endloop
endfacet
facet normal 0.000000 1.000000 0.000000
  outer loop
    vertex 105.1868 12.0000 44.8132
    vertex 98.0665 12.0000 50.0876
    vertex 98.9289 12.0000 51.0711
  endloop
endfacet
facet normal 0.000000 1.000000 0.000000
  outer loop
    vertex 105.1868 12.0000 44.8132
    vertex 105.0876 12.0000 44.7001
    vertex 98.0665 12.0000 50.0876
  endloop
endfacet
facet normal -0.751840 0.000000 0.659346
  outer loop
    vertex 98.9289 0.0000 51.0711
    vertex 98.0665 12.0000 50.0876
    vertex 98.0665 0.0000 50.0876
  endloop
endfacet
facet normal -0.751840 0.000000 0.659346
  outer loop
    vertex 98.9289 0.0000 51.0711
    vertex 98.9289 12.0000 51.0711
    vertex 98.0665 12.0000 50.0876
  endloop
endfacet
facet normal 0.751840 0.000000 -0.659346
  outer loop
    vertex 105.1868 0.0000 44.8132
    vertex 105.0876 0.0000 44.7001
    vertex 105.0876 12.0000 44.7001
  endloop
endfacet
facet normal 0.751840 0.000000 -0.659346
  outer loop
    vertex 105.1868 0.0000 44.8132
    vertex 105.0876 12.0000 44.7001
    vertex 105.1868 12.0000 44.8132
  endloop
endfacet
facet normal 0.000000 -1.000000 0.000000
  outer loop
    vertex 105.0876 0.0000 44.7001
    vertex 98.0665 0.0000 50.0876
    vertex 97.3397 0.0000 49.0000
  endloop
endfacet
facet normal -0.000000 -1.000000 0.000000
  outer loop
    vertex 105.0876 0.0000 44.7001
    vertex 97.3397 0.0000 49.0000
    vertex 105.0041 0.0000 44.5750
  endloop
endfacet
facet normal 0.000000 1.000000 0.000000
  outer loop
    vertex 105.0876 12.0000 44.7001
    vertex 97.3397 12.0000 49.0000
    vertex 98.0665 12.0000 50.0876
  endloop
endfacet
facet normal 0.000000 1.000000 0.000000
  outer loop
    vertex 105.0876 12.0000 44.7001
    vertex 105.0041 12.0000 44.5750
    vertex 97.3397 12.0000 49.0000
  endloop
endfacet
facet normal -0.831470 0.000000 0.555570
  outer loop
    vertex 98.0665 0.0000 50.0876
    vertex 97.3397 12.0000 49.0000
    vertex 97.3397 0.0000 49.0000
  endloop
endfacet
facet normal -0.831470 0.000000 0.555570
  outer loop
    vertex 98.0665 0.0000 50.0876
    vertex 98.0665 12.0000 50.0876
    vertex 97.3397 12.0000 49.0000
  endloop
endfacet
facet normal 0.831470 0.000000 -0.555570
  outer loop
    vertex 105.0876 0.0000 44.7001
    vertex 105.0041 0.0000 44.5750
    vertex 105.0041 12.0000 44.5750
  endloop
endfacet
facet normal 0.831470 0.000000 -0.555570
  outer loop
    vertex 105.0876 0.0000 44.7001
    vertex 105.0041 12.0000 44.5750
    vertex 105.0876 12.0000 44.7001
  endloop
endfacet
facet normal 0.000000 -1.000000 0.000000
  outer loop
    vertex 105.0041 0.0000 44.5750
    vertex 97.3397 0.0000 49.0000
    vertex 96.7612 0.0000 47.8268
  endloop
endfacet
facet normal -0.000000 -1.000000 0.000000
  outer loop
    vertex 105.0041 0.0000 44.5750
    vertex 96.7612 0.0000 47.8268
    vertex 104.9375 0.0000 44.4401
  endloop
endfacet
facet normal 0.000000 1.000000 0.000000
  outer loop
    vertex 105.0041 12.0000 44.5750
    vertex 96.7612 12.0000 47.8268
    vertex 97.3397 12.0000 49.0000
  endloop
endfacet
facet normal 0.000000 1.000000 0.000000
  outer loop
    vertex 105.0041 12.0000 44.5750
    vertex 104.9375 12.0000 44.4401
    vertex 96.7612 12.0000 47.8268
  endloop
endfacet
facet normal -0.896873 0.000000 0.442289
  outer loop
    vertex 97.3397 0.0000 49.0000
    vertex 96.7612 12.0000 47.8268
    vertex 96.7612 0.0000 47.8268
  endloop
endfacet
facet normal -0.896873 0.000000 0.442289
  outer loop
    vertex 97.3397 0.0000 49.0000
    vertex 97.3397 12.0000 49.0000
    vertex 96.7612 12.0000 47.8268
  endloop
endfacet
facet normal 0.896873 0.000000 -0.442289
  outer loop
    vertex 105.0041 0.0000 44.5750
    vertex 104.9375 0.0000 44.4401
    vertex 104.9375 12.0000 44.4401
  endloop
endfacet
facet normal 0.896873 0.000000 -0.442289
  outer loop
    vertex 105.0041 0.0000 44.5750
    vertex 104.9375 12.0000 44.4401
    vertex 105.0041 12.0000 44.5750
  endloop
endfacet
facet normal 0.000000 -1.000000 0.000000
  outer loop
    vertex 104.9375 0.0000 44.4401
    vertex 96.7612 0.0000 47.8268
    vertex 96.3407 0.0000 46.5882
  endloop
endfacet
facet normal -0.000000 -1.000000 0.000000
  outer loop
    vertex 104.9375 0.0000 44.4401
    vertex 96.3407 0.0000 46.5882
    vertex 104.8892 0.0000 44.2976
  endloop
endfacet
facet normal 0.000000 1.000000 0.000000
  outer loop
    vertex 104.9375 12.0000 44.4401
    vertex 96.3407 12.0000 46.5882
    vertex 96.7612 12.0000 47.8268
  endloop
endfacet
facet normal 0.000000 1.000000 0.000000
  outer loop
    vertex 104.9375 12.0000 44.4401
    vertex 104.8892 12.0000 44.2976
    vertex 96.3407 12.0000 46.5882
  endloop
endfacet
facet normal -0.946930 0.000000 0.321439
  outer loop
    vertex 96.7612 0.0000 47.8268
    vertex 96.3407 12.0000 46.5882
    vertex 96.3407 0.0000 46.5882
  endloop
endfacet
facet normal -0.946930 0.000000 0.321439
  outer loop
    vertex 96.7612 0.0000 47.8268
    vertex 96.7612 12.0000 47.8268
    vertex 96.3407 12.0000 46.5882
  endloop
endfacet
facet normal 0.946930 0.000000 -0.321439
  outer loop
    vertex 104.9375 0.0000 44.4401
    vertex 104.8892 0.0000 44.2976
    vertex 104.8892 12.0000 44.2976
  endloop
endfacet
facet normal 0.946930 0.000000 -0.321439
  outer loop
    vertex 104.9375 0.0000 44.4401
    vertex 104.8892 12.0000 44.2976
    vertex 104.9375 12.0000 44.4401
  endloop
endfacet
facet normal 0.000000 -1.000000 0.000000
  outer loop
    vertex 104.8892 0.0000 44.2976
    vertex 96.3407 0.0000 46.5882
    vertex 96.0856 0.0000 45.3053
  endloop
endfacet
facet normal -0.000000 -1.000000 0.000000
  outer loop
    vertex 104.8892 0.0000 44.2976
    vertex 96.0856 0.0000 45.3053
    vertex 104.8598 0.0000 44.1501
  endloop
endfacet
facet normal 0.000000 1.000000 0.000000
  outer loop
    vertex 104.8892 12.0000 44.2976
    vertex 96.0856 12.0000 45.3053
    vertex 96.3407 12.0000 46.5882
  endloop
endfacet
facet normal 0.000000 1.000000 0.000000
  outer loop
    vertex 104.8892 12.0000 44.2976
    vertex 104.8598 12.0000 44.1501
    vertex 96.0856 12.0000 45.3053
  endloop
endfacet
facet normal -0.980785 0.000000 0.195090
  outer loop
    vertex 96.3407 0.0000 46.5882
    vertex 96.0856 12.0000 45.3053
    vertex 96.0856 0.0000 45.3053
  endloop
endfacet
facet normal -0.980785 0.000000 0.195090
  outer loop
    vertex 96.3407 0.0000 46.5882
    vertex 96.3407 12.0000 46.5882
    vertex 96.0856 12.0000 45.3053
  endloop
endfacet
facet normal 0.980785 0.000000 -0.195090
  outer loop
    vertex 104.8892 0.0000 44.2976
    vertex 104.8598 0.0000 44.1501
    vertex 104.8598 12.0000 44.1501
  endloop
endfacet
facet normal 0.980785 0.000000 -0.195090
  outer loop
    vertex 104.8892 0.0000 44.2976
    vertex 104.8598 12.0000 44.1501
    vertex 104.8892 12.0000 44.2976
  endloop
endfacet
facet normal -0.000000 -1.000000 0.000000
  outer loop
    vertex 104.8598 0.0000 44.1501
    vertex 96.0856 0.0000 45.3053
    vertex 96.0000 0.0000 44.0000
  endloop
endfacet
facet normal 0.000000 -1.000000 0.000000
  outer loop
    vertex 104.8598 0.0000 44.1501
    vertex 96.0000 0.0000 44.0000
    vertex 104.8500 0.0000 44.0000
  endloop
endfacet
facet normal 0.000000 1.000000 0.000000
  outer loop
    vertex 104.8598 12.0000 44.1501
    vertex 96.0000 12.0000 44.0000
    vertex 96.0856 12.0000 45.3053
  endloop
endfacet
facet normal 0.000000 1.000000 0.000000
  outer loop
    vertex 104.8598 12.0000 44.1501
    vertex 104.8500 12.0000 44.0000
    vertex 96.0000 12.0000 44.0000
  endloop
endfacet
facet normal -0.997859 0.000000 0.065403
  outer loop
    vertex 96.0856 0.0000 45.3053
    vertex 96.0000 12.0000 44.0000
    vertex 96.0000 0.0000 44.0000
  endloop
endfacet
facet normal -0.997859 0.000000 0.065403
  outer loop
    vertex 96.0856 0.0000 45.3053
    vertex 96.0856 12.0000 45.3053
    vertex 96.0000 12.0000 44.0000
  endloop
endfacet
facet normal 0.997859 0.000000 -0.065403
  outer loop
    vertex 104.8598 0.0000 44.1501
    vertex 104.8500 0.0000 44.0000
    vertex 104.8500 12.0000 44.0000
  endloop
endfacet
facet normal 0.997859 0.000000 -0.065403
  outer loop
    vertex 104.8598 0.0000 44.1501
    vertex 104.8500 12.0000 44.0000
    vertex 104.8598 12.0000 44.1501
  endloop
endfacet
facet normal -0.000000 -1.000000 0.000000
  outer loop
    vertex 104.8500 0.0000 44.0000
    vertex 96.0000 0.0000 44.0000
    vertex 96.0856 0.0000 42.6947
  endloop
endfacet
facet normal 0.000000 -1.000000 -0.000000
  outer loop
    vertex 104.8500 0.0000 44.0000
    vertex 96.0856 0.0000 42.6947
    vertex 104.8598 0.0000 43.8499
  endloop
endfacet
facet normal 0.000000 1.000000 0.000000
  outer loop
    vertex 104.8500 12.0000 44.0000
    vertex 96.0856 12.0000 42.6947
    vertex 96.0000 12.0000 44.0000
  endloop
endfacet
facet normal 0.000000 1.000000 0.000000
  outer loop
    vertex 104.8500 12.0000 44.0000
    vertex 104.8598 12.0000 43.8499
    vertex 96.0856 12.0000 42.6947
  endloop
endfacet
facet normal -0.997859 0.000000 -0.065403
  outer loop
    vertex 96.0000 0.0000 44.0000
    vertex 96.0856 12.0000 42.6947
    vertex 96.0856 0.0000 42.6947
  endloop
endfacet
facet normal -0.997859 0.000000 -0.065403
  outer loop
    vertex 96.0000 0.0000 44.0000
    vertex 96.0000 12.0000 44.0000
    vertex 96.0856 12.0000 42.6947
  endloop
endfacet
facet normal 0.997859 0.000000 0.065403
  outer loop
    vertex 104.8500 0.0000 44.0000
    vertex 104.8598 0.0000 43.8499
    vertex 104.8598 12.0000 43.8499
  endloop
endfacet
facet normal 0.997859 -0.000000 0.065403
  outer loop
    vertex 104.8500 0.0000 44.0000
    vertex 104.8598 12.0000 43.8499
    vertex 104.8500 12.0000 44.0000
  endloop
endfacet
facet normal 0.000000 -1.000000 0.000000
  outer loop
    vertex 104.8598 0.0000 43.8499
    vertex 96.0856 0.0000 42.6947
    vertex 96.3407 0.0000 41.4118
  endloop
endfacet
facet normal 0.000000 -1.000000 -0.000000
  outer loop
    vertex 104.8598 0.0000 43.8499
    vertex 96.3407 0.0000 41.4118
    vertex 104.8892 0.0000 43.7024
  endloop
endfacet
facet normal 0.000000 1.000000 0.000000
  outer loop
    vertex 104.8598 12.0000 43.8499
    vertex 96.3407 12.0000 41.4118
    vertex 96.0856 12.0000 42.6947
  endloop
endfacet
facet normal 0.000000 1.000000 0.000000
  outer loop
    vertex 104.8598 12.0000 43.8499
    vertex 104.8892 12.0000 43.7024
    vertex 96.3407 12.0000 41.4118
  endloop
endfacet
facet normal -0.980785 0.000000 -0.195090
  outer loop
    vertex 96.0856 0.0000 42.6947
    vertex 96.3407 12.0000 41.4118
    vertex 96.3407 0.0000 41.4118
  endloop
endfacet
facet normal -0.980785 0.000000 -0.195090
  outer loop
    vertex 96.0856 0.0000 42.6947
    vertex 96.0856 12.0000 42.6947
    vertex 96.3407 12.0000 41.4118
  endloop
endfacet
facet normal 0.980785 0.000000 0.195090
  outer loop
    vertex 104.8598 0.0000 43.8499
    vertex 104.8892 0.0000 43.7024
    vertex 104.8892 12.0000 43.7024
  endloop
endfacet
facet normal 0.980785 -0.000000 0.195090
  outer loop
    vertex 104.8598 0.0000 43.8499
    vertex 104.8892 12.0000 43.7024
    vertex 104.8598 12.0000 43.8499
  endloop
endfacet
facet normal 0.000000 -1.000000 0.000000
  outer loop
    vertex 104.8892 0.0000 43.7024
    vertex 96.3407 0.0000 41.4118
    vertex 96.7612 0.0000 40.1732
  endloop
endfacet
facet normal 0.000000 -1.000000 -0.000000
  outer loop
    vertex 104.8892 0.0000 43.7024
    vertex 96.7612 0.0000 40.1732
    vertex 104.9375 0.0000 43.5599
  endloop
endfacet
facet normal 0.000000 1.000000 0.000000
  outer loop
    vertex 104.8892 12.0000 43.7024
    vertex 96.7612 12.0000 40.1732
    vertex 96.3407 12.0000 41.4118
  endloop
endfacet
facet normal 0.000000 1.000000 0.000000
  outer loop
    vertex 104.8892 12.0000 43.7024
    vertex 104.9375 12.0000 43.5599
    vertex 96.7612 12.0000 40.1732
  endloop
endfacet
facet normal -0.946930 0.000000 -0.321439
  outer loop
    vertex 96.3407 0.0000 41.4118
    vertex 96.7612 12.0000 40.1732
    vertex 96.7612 0.0000 40.1732
  endloop
endfacet
facet normal -0.946930 0.000000 -0.321439
  outer loop
    vertex 96.3407 0.0000 41.4118
    vertex 96.3407 12.0000 41.4118
    vertex 96.7612 12.0000 40.1732
  endloop
endfacet
facet normal 0.946930 0.000000 0.321439
  outer loop
    vertex 104.8892 0.0000 43.7024
    vertex 104.9375 0.0000 43.5599
    vertex 104.9375 12.0000 43.5599
  endloop
endfacet
facet normal 0.946930 -0.000000 0.321439
  outer loop
    vertex 104.8892 0.0000 43.7024
    vertex 104.9375 12.0000 43.5599
    vertex 104.8892 12.0000 43.7024
  endloop
endfacet
facet normal 0.000000 -1.000000 0.000000
  outer loop
    vertex 104.9375 0.0000 43.5599
    vertex 96.7612 0.0000 40.1732
    vertex 97.3397 0.0000 39.0000
  endloop
endfacet
facet normal 0.000000 -1.000000 -0.000000
  outer loop
    vertex 104.9375 0.0000 43.5599
    vertex 97.3397 0.0000 39.0000
    vertex 105.0041 0.0000 43.4250
  endloop
endfacet
facet normal 0.000000 1.000000 0.000000
  outer loop
    vertex 104.9375 12.0000 43.5599
    vertex 97.3397 12.0000 39.0000
    vertex 96.7612 12.0000 40.1732
  endloop
endfacet
facet normal 0.000000 1.000000 0.000000
  outer loop
    vertex 104.9375 12.0000 43.5599
    vertex 105.0041 12.0000 43.4250
    vertex 97.3397 12.0000 39.0000
  endloop
endfacet
facet normal -0.896873 0.000000 -0.442289
  outer loop
    vertex 96.7612 0.0000 40.1732
    vertex 97.3397 12.0000 39.0000
    vertex 97.3397 0.0000 39.0000
  endloop
endfacet
facet normal -0.896873 0.000000 -0.442289
  outer loop
    vertex 96.7612 0.0000 40.1732
    vertex 96.7612 12.0000 40.1732
    vertex 97.3397 12.0000 39.0000
  endloop
endfacet
facet normal 0.896873 0.000000 0.442289
  outer loop
    vertex 104.9375 0.0000 43.5599
    vertex 105.0041 0.0000 43.4250
    vertex 105.0041 12.0000 43.4250
  endloop
endfacet
facet normal 0.896873 -0.000000 0.442289
  outer loop
    vertex 104.9375 0.0000 43.5599
    vertex 105.0041 12.0000 43.4250
    vertex 104.9375 12.0000 43.5599
  endloop
endfacet
facet normal 0.000000 -1.000000 0.000000
  outer loop
    vertex 105.0041 0.0000 43.4250
    vertex 97.3397 0.0000 39.0000
    vertex 98.0665 0.0000 37.9124
  endloop
endfacet
facet normal 0.000000 -1.000000 -0.000000
  outer loop
    vertex 105.0041 0.0000 43.4250
    vertex 98.0665 0.0000 37.9124
    vertex 105.0876 0.0000 43.2999
  endloop
endfacet
facet normal 0.000000 1.000000 0.000000
  outer loop
    vertex 105.0041 12.0000 43.4250
    vertex 98.0665 12.0000 37.9124
    vertex 97.3397 12.0000 39.0000
  endloop
endfacet
facet normal 0.000000 1.000000 0.000000
  outer loop
    vertex 105.0041 12.0000 43.4250
    vertex 105.0876 12.0000 43.2999
    vertex 98.0665 12.0000 37.9124
  endloop
endfacet
facet normal -0.831470 0.000000 -0.555570
  outer loop
    vertex 97.3397 0.0000 39.0000
    vertex 98.0665 12.0000 37.9124
    vertex 98.0665 0.0000 37.9124
  endloop
endfacet
facet normal -0.831470 0.000000 -0.555570
  outer loop
    vertex 97.3397 0.0000 39.0000
    vertex 97.3397 12.0000 39.0000
    vertex 98.0665 12.0000 37.9124
  endloop
endfacet
facet normal 0.831470 0.000000 0.555570
  outer loop
    vertex 105.0041 0.0000 43.4250
    vertex 105.0876 0.0000 43.2999
    vertex 105.0876 12.0000 43.2999
  endloop
endfacet
facet normal 0.831470 -0.000000 0.555570
  outer loop
    vertex 105.0041 0.0000 43.4250
    vertex 105.0876 12.0000 43.2999
    vertex 105.0041 12.0000 43.4250
  endloop
endfacet
facet normal 0.000000 -1.000000 0.000000
  outer loop
    vertex 105.0876 0.0000 43.2999
    vertex 98.0665 0.0000 37.9124
    vertex 98.9289 0.0000 36.9289
  endloop
endfacet
facet normal 0.000000 -1.000000 -0.000000
  outer loop
    vertex 105.0876 0.0000 43.2999
    vertex 98.9289 0.0000 36.9289
    vertex 105.1868 0.0000 43.1868
  endloop
endfacet
facet normal 0.000000 1.000000 0.000000
  outer loop
    vertex 105.0876 12.0000 43.2999
    vertex 98.9289 12.0000 36.9289
    vertex 98.0665 12.0000 37.9124
  endloop
endfacet
facet normal 0.000000 1.000000 0.000000
  outer loop
    vertex 105.0876 12.0000 43.2999
    vertex 105.1868 12.0000 43.1868
    vertex 98.9289 12.0000 36.9289
  endloop
endfacet
facet normal -0.751840 0.000000 -0.659346
  outer loop
    vertex 98.0665 0.0000 37.9124
    vertex 98.9289 12.0000 36.9289
    vertex 98.9289 0.0000 36.9289
  endloop
endfacet
facet normal -0.751840 0.000000 -0.659346
  outer loop
    vertex 98.0665 0.0000 37.9124
    vertex 98.0665 12.0000 37.9124
    vertex 98.9289 12.0000 36.9289
  endloop
endfacet
facet normal 0.751840 0.000000 0.659346
  outer loop
    vertex 105.0876 0.0000 43.2999
    vertex 105.1868 0.0000 43.1868
    vertex 105.1868 12.0000 43.1868
  endloop
endfacet
facet normal 0.751840 -0.000000 0.659346
  outer loop
    vertex 105.0876 0.0000 43.2999
    vertex 105.1868 12.0000 43.1868
    vertex 105.0876 12.0000 43.2999
  endloop
endfacet
facet normal 0.000000 -1.000000 0.000000
  outer loop
    vertex 105.1868 0.0000 43.1868
    vertex 98.9289 0.0000 36.9289
    vertex 99.9124 0.0000 36.0665
  endloop
endfacet
facet normal 0.000000 -1.000000 -0.000000
  outer loop
    vertex 105.1868 0.0000 43.1868
    vertex 99.9124 0.0000 36.0665
    vertex 105.2999 0.0000 43.0876
  endloop
endfacet
facet normal 0.000000 1.000000 0.000000
  outer loop
    vertex 105.1868 12.0000 43.1868
    vertex 99.9124 12.0000 36.0665
    vertex 98.9289 12.0000 36.9289
  endloop
endfacet
facet normal 0.000000 1.000000 0.000000
  outer loop
    vertex 105.1868 12.0000 43.1868
    vertex 105.2999 12.0000 43.0876
    vertex 99.9124 12.0000 36.0665
  endloop
endfacet
facet normal -0.659346 0.000000 -0.751840
  outer loop
    vertex 98.9289 0.0000 36.9289
    vertex 99.9124 12.0000 36.0665
    vertex 99.9124 0.0000 36.0665
  endloop
endfacet
facet normal -0.659346 0.000000 -0.751840
  outer loop
    vertex 98.9289 0.0000 36.9289
    vertex 98.9289 12.0000 36.9289
    vertex 99.9124 12.0000 36.0665
  endloop
endfacet
facet normal 0.659346 0.000000 0.751840
  outer loop
    vertex 105.1868 0.0000 43.1868
    vertex 105.2999 0.0000 43.0876
    vertex 105.2999 12.0000 43.0876
  endloop
endfacet
facet normal 0.659346 -0.000000 0.751840
  outer loop
    vertex 105.1868 0.0000 43.1868
    vertex 105.2999 12.0000 43.0876
    vertex 105.1868 12.0000 43.1868
  endloop
endfacet
facet normal 0.000000 -1.000000 0.000000
  outer loop
    vertex 105.2999 0.0000 43.0876
    vertex 99.9124 0.0000 36.0665
    vertex 101.0000 0.0000 35.3397
  endloop
endfacet
facet normal 0.000000 -1.000000 -0.000000
  outer loop
    vertex 105.2999 0.0000 43.0876
    vertex 101.0000 0.0000 35.3397
    vertex 105.4250 0.0000 43.0041
  endloop
endfacet
facet normal 0.000000 1.000000 0.000000
  outer loop
    vertex 105.2999 12.0000 43.0876
    vertex 101.0000 12.0000 35.3397
    vertex 99.9124 12.0000 36.0665
  endloop
endfacet
facet normal 0.000000 1.000000 0.000000
  outer loop
    vertex 105.2999 12.0000 43.0876
    vertex 105.4250 12.0000 43.0041
    vertex 101.0000 12.0000 35.3397
  endloop
endfacet
facet normal -0.555570 0.000000 -0.831470
  outer loop
    vertex 99.9124 0.0000 36.0665
    vertex 101.0000 12.0000 35.3397
    vertex 101.0000 0.0000 35.3397
  endloop
endfacet
facet normal -0.555570 0.000000 -0.831470
  outer loop
    vertex 99.9124 0.0000 36.0665
    vertex 99.9124 12.0000 36.0665
    vertex 101.0000 12.0000 35.3397
  endloop
endfacet
facet normal 0.555570 0.000000 0.831470
  outer loop
    vertex 105.2999 0.0000 43.0876
    vertex 105.4250 0.0000 43.0041
    vertex 105.4250 12.0000 43.0041
  endloop
endfacet
facet normal 0.555570 -0.000000 0.831470
  outer loop
    vertex 105.2999 0.0000 43.0876
    vertex 105.4250 12.0000 43.0041
    vertex 105.2999 12.0000 43.0876
  endloop
endfacet
facet normal 0.000000 -1.000000 0.000000
  outer loop
    vertex 105.4250 0.0000 43.0041
    vertex 101.0000 0.0000 35.3397
    vertex 102.1732 0.0000 34.7612
  endloop
endfacet
facet normal 0.000000 -1.000000 -0.000000
  outer loop
    vertex 105.4250 0.0000 43.0041
    vertex 102.1732 0.0000 34.7612
    vertex 105.5599 0.0000 42.9375
  endloop
endfacet
facet normal 0.000000 1.000000 0.000000
  outer loop
    vertex 105.4250 12.0000 43.0041
    vertex 102.1732 12.0000 34.7612
    vertex 101.0000 12.0000 35.3397
  endloop
endfacet
facet normal 0.000000 1.000000 0.000000
  outer loop
    vertex 105.4250 12.0000 43.0041
    vertex 105.5599 12.0000 42.9375
    vertex 102.1732 12.0000 34.7612
  endloop
endfacet
facet normal -0.442289 0.000000 -0.896873
  outer loop
    vertex 101.0000 0.0000 35.3397
    vertex 102.1732 12.0000 34.7612
    vertex 102.1732 0.0000 34.7612
  endloop
endfacet
facet normal -0.442289 0.000000 -0.896873
  outer loop
    vertex 101.0000 0.0000 35.3397
    vertex 101.0000 12.0000 35.3397
    vertex 102.1732 12.0000 34.7612
  endloop
endfacet
facet normal 0.442289 0.000000 0.896873
  outer loop
    vertex 105.4250 0.0000 43.0041
    vertex 105.5599 0.0000 42.9375
    vertex 105.5599 12.0000 42.9375
  endloop
endfacet
facet normal 0.442289 -0.000000 0.896873
  outer loop
    vertex 105.4250 0.0000 43.0041
    vertex 105.5599 12.0000 42.9375
    vertex 105.4250 12.0000 43.0041
  endloop
endfacet
facet normal 0.000000 -1.000000 0.000000
  outer loop
    vertex 105.5599 0.0000 42.9375
    vertex 102.1732 0.0000 34.7612
    vertex 103.4118 0.0000 34.3407
  endloop
endfacet
facet normal 0.000000 -1.000000 -0.000000
  outer loop
    vertex 105.5599 0.0000 42.9375
    vertex 103.4118 0.0000 34.3407
    vertex 105.7024 0.0000 42.8892
  endloop
endfacet
facet normal 0.000000 1.000000 0.000000
  outer loop
    vertex 105.5599 12.0000 42.9375
    vertex 103.4118 12.0000 34.3407
    vertex 102.1732 12.0000 34.7612
  endloop
endfacet
facet normal 0.000000 1.000000 0.000000
  outer loop
    vertex 105.5599 12.0000 42.9375
    vertex 105.7024 12.0000 42.8892
    vertex 103.4118 12.0000 34.3407
  endloop
endfacet
facet normal -0.321439 0.000000 -0.946930
  outer loop
    vertex 102.1732 0.0000 34.7612
    vertex 103.4118 12.0000 34.3407
    vertex 103.4118 0.0000 34.3407
  endloop
endfacet
facet normal -0.321439 0.000000 -0.946930
  outer loop
    vertex 102.1732 0.0000 34.7612
    vertex 102.1732 12.0000 34.7612
    vertex 103.4118 12.0000 34.3407
  endloop
endfacet
facet normal 0.321439 0.000000 0.946930
  outer loop
    vertex 105.5599 0.0000 42.9375
    vertex 105.7024 0.0000 42.8892
    vertex 105.7024 12.0000 42.8892
  endloop
endfacet
facet normal 0.321439 -0.000000 0.946930
  outer loop
    vertex 105.5599 0.0000 42.9375
    vertex 105.7024 12.0000 42.8892
    vertex 105.5599 12.0000 42.9375
  endloop
endfacet
facet normal 0.000000 -1.000000 0.000000
  outer loop
    vertex 105.7024 0.0000 42.8892
    vertex 103.4118 0.0000 34.3407
    vertex 104.6947 0.0000 34.0856
  endloop
endfacet
facet normal 0.000000 -1.000000 -0.000000
  outer loop
    vertex 105.7024 0.0000 42.8892
    vertex 104.6947 0.0000 34.0856
    vertex 105.8499 0.0000 42.8598
  endloop
endfacet
facet normal 0.000000 1.000000 0.000000
  outer loop
    vertex 105.7024 12.0000 42.8892
    vertex 104.6947 12.0000 34.0856
    vertex 103.4118 12.0000 34.3407
  endloop
endfacet
facet normal 0.000000 1.000000 0.000000
  outer loop
    vertex 105.7024 12.0000 42.8892
    vertex 105.8499 12.0000 42.8598
    vertex 104.6947 12.0000 34.0856
  endloop
endfacet
facet normal -0.195090 0.000000 -0.980785
  outer loop
    vertex 103.4118 0.0000 34.3407
    vertex 104.6947 12.0000 34.0856
    vertex 104.6947 0.0000 34.0856
  endloop
endfacet
facet normal -0.195090 0.000000 -0.980785
  outer loop
    vertex 103.4118 0.0000 34.3407
    vertex 103.4118 12.0000 34.3407
    vertex 104.6947 12.0000 34.0856
  endloop
endfacet
facet normal 0.195090 0.000000 0.980785
  outer loop
    vertex 105.7024 0.0000 42.8892
    vertex 105.8499 0.0000 42.8598
    vertex 105.8499 12.0000 42.8598
  endloop
endfacet
facet normal 0.195090 -0.000000 0.980785
  outer loop
    vertex 105.7024 0.0000 42.8892
    vertex 105.8499 12.0000 42.8598
    vertex 105.7024 12.0000 42.8892
  endloop
endfacet
facet normal 0.000000 -1.000000 -0.000000
  outer loop
    vertex 105.8499 0.0000 42.8598
    vertex 104.6947 0.0000 34.0856
    vertex 106.0000 0.0000 34.0000
  endloop
endfacet
facet normal 0.000000 -1.000000 0.000000
  outer loop
    vertex 105.8499 0.0000 42.8598
    vertex 106.0000 0.0000 34.0000
    vertex 106.0000 0.0000 42.8500
  endloop
endfacet
facet normal 0.000000 1.000000 0.000000
  outer loop
    vertex 105.8499 12.0000 42.8598
    vertex 106.0000 12.0000 34.0000
    vertex 104.6947 12.0000 34.0856
  endloop
endfacet
facet normal 0.000000 1.000000 0.000000
  outer loop
    vertex 105.8499 12.0000 42.8598
    vertex 106.0000 12.0000 42.8500
    vertex 106.0000 12.0000 34.0000
  endloop
endfacet
facet normal -0.065403 0.000000 -0.997859
  outer loop
    vertex 104.6947 0.0000 34.0856
    vertex 106.0000 12.0000 34.0000
    vertex 106.0000 0.0000 34.0000
  endloop
endfacet
facet normal -0.065403 0.000000 -0.997859
  outer loop
    vertex 104.6947 0.0000 34.0856
    vertex 104.6947 12.0000 34.0856
    vertex 106.0000 12.0000 34.0000
  endloop
endfacet
facet normal 0.065403 0.000000 0.997859
  outer loop
    vertex 105.8499 0.0000 42.8598
    vertex 106.0000 0.0000 42.8500
    vertex 106.0000 12.0000 42.8500
  endloop
endfacet
facet normal 0.065403 -0.000000 0.997859
  outer loop
    vertex 105.8499 0.0000 42.8598
    vertex 106.0000 12.0000 42.8500
    vertex 105.8499 12.0000 42.8598
  endloop
endfacet
facet normal 0.000000 -1.000000 0.000000
  outer loop
    vertex 106.0000 0.0000 42.8500
    vertex 106.0000 0.0000 34.0000
    vertex 107.3053 0.0000 34.0856
  endloop
endfacet
facet normal 0.000000 -1.000000 0.000000
  outer loop
    vertex 106.0000 0.0000 42.8500
    vertex 107.3053 0.0000 34.0856
    vertex 106.1501 0.0000 42.8598
  endloop
endfacet
facet normal 0.000000 1.000000 0.000000
  outer loop
    vertex 106.0000 12.0000 42.8500
    vertex 107.3053 12.0000 34.0856
    vertex 106.0000 12.0000 34.0000
  endloop
endfacet
facet normal -0.000000 1.000000 0.000000
  outer loop
    vertex 106.0000 12.0000 42.8500
    vertex 106.1501 12.0000 42.8598
    vertex 107.3053 12.0000 34.0856
  endloop
endfacet
facet normal 0.065403 0.000000 -0.997859
  outer loop
    vertex 106.0000 0.0000 34.0000
    vertex 107.3053 12.0000 34.0856
    vertex 107.3053 0.0000 34.0856
  endloop
endfacet
facet normal 0.065403 0.000000 -0.997859
  outer loop
    vertex 106.0000 0.0000 34.0000
    vertex 106.0000 12.0000 34.0000
    vertex 107.3053 12.0000 34.0856
  endloop
endfacet
facet normal -0.065403 0.000000 0.997859
  outer loop
    vertex 106.0000 0.0000 42.8500
    vertex 106.1501 0.0000 42.8598
    vertex 106.1501 12.0000 42.8598
  endloop
endfacet
facet normal -0.065403 0.000000 0.997859
  outer loop
    vertex 106.0000 0.0000 42.8500
    vertex 106.1501 12.0000 42.8598
    vertex 106.0000 12.0000 42.8500
  endloop
endfacet
facet normal 0.000000 -1.000000 0.000000
  outer loop
    vertex 106.1501 0.0000 42.8598
    vertex 107.3053 0.0000 34.0856
    vertex 108.5882 0.0000 34.3407
  endloop
endfacet
facet normal 0.000000 -1.000000 0.000000
  outer loop
    vertex 106.1501 0.0000 42.8598
    vertex 108.5882 0.0000 34.3407
    vertex 106.2976 0.0000 42.8892
  endloop
endfacet
facet normal 0.000000 1.000000 0.000000
  outer loop
    vertex 106.1501 12.0000 42.8598
    vertex 108.5882 12.0000 34.3407
    vertex 107.3053 12.0000 34.0856
  endloop
endfacet
facet normal -0.000000 1.000000 0.000000
  outer loop
    vertex 106.1501 12.0000 42.8598
    vertex 106.2976 12.0000 42.8892
    vertex 108.5882 12.0000 34.3407
  endloop
endfacet
facet normal 0.195090 0.000000 -0.980785
  outer loop
    vertex 107.3053 0.0000 34.0856
    vertex 108.5882 12.0000 34.3407
    vertex 108.5882 0.0000 34.3407
  endloop
endfacet
facet normal 0.195090 0.000000 -0.980785
  outer loop
    vertex 107.3053 0.0000 34.0856
    vertex 107.3053 12.0000 34.0856
    vertex 108.5882 12.0000 34.3407
  endloop
endfacet
facet normal -0.195090 0.000000 0.980785
  outer loop
    vertex 106.1501 0.0000 42.8598
    vertex 106.2976 0.0000 42.8892
    vertex 106.2976 12.0000 42.8892
  endloop
endfacet
facet normal -0.195090 0.000000 0.980785
  outer loop
    vertex 106.1501 0.0000 42.8598
    vertex 106.2976 12.0000 42.8892
    vertex 106.1501 12.0000 42.8598
  endloop
endfacet
facet normal 0.000000 -1.000000 0.000000
  outer loop
    vertex 106.2976 0.0000 42.8892
    vertex 108.5882 0.0000 34.3407
    vertex 109.8268 0.0000 34.7612
  endloop
endfacet
facet normal 0.000000 -1.000000 0.000000
  outer loop
    vertex 106.2976 0.0000 42.8892
    vertex 109.8268 0.0000 34.7612
    vertex 106.4401 0.0000 42.9375
  endloop
endfacet
facet normal 0.000000 1.000000 0.000000
  outer loop
    vertex 106.2976 12.0000 42.8892
    vertex 109.8268 12.0000 34.7612
    vertex 108.5882 12.0000 34.3407
  endloop
endfacet
facet normal -0.000000 1.000000 0.000000
  outer loop
    vertex 106.2976 12.0000 42.8892
    vertex 106.4401 12.0000 42.9375
    vertex 109.8268 12.0000 34.7612
  endloop
endfacet
facet normal 0.321439 0.000000 -0.946930
  outer loop
    vertex 108.5882 0.0000 34.3407
    vertex 109.8268 12.0000 34.7612
    vertex 109.8268 0.0000 34.7612
  endloop
endfacet
facet normal 0.321439 0.000000 -0.946930
  outer loop
    vertex 108.5882 0.0000 34.3407
    vertex 108.5882 12.0000 34.3407
    vertex 109.8268 12.0000 34.7612
  endloop
endfacet
facet normal -0.321439 0.000000 0.946930
  outer loop
    vertex 106.2976 0.0000 42.8892
    vertex 106.4401 0.0000 42.9375
    vertex 106.4401 12.0000 42.9375
  endloop
endfacet
facet normal -0.321439 0.000000 0.946930
  outer loop
    vertex 106.2976 0.0000 42.8892
    vertex 106.4401 12.0000 42.9375
    vertex 106.2976 12.0000 42.8892
  endloop
endfacet
facet normal 0.000000 -1.000000 0.000000
  outer loop
    vertex 106.4401 0.0000 42.9375
    vertex 109.8268 0.0000 34.7612
    vertex 111.0000 0.0000 35.3397
  endloop
endfacet
facet normal 0.000000 -1.000000 0.000000
  outer loop
    vertex 106.4401 0.0000 42.9375
    vertex 111.0000 0.0000 35.3397
    vertex 106.5750 0.0000 43.0041
  endloop
endfacet
facet normal 0.000000 1.000000 0.000000
  outer loop
    vertex 106.4401 12.0000 42.9375
    vertex 111.0000 12.0000 35.3397
    vertex 109.8268 12.0000 34.7612
  endloop
endfacet
facet normal -0.000000 1.000000 0.000000
  outer loop
    vertex 106.4401 12.0000 42.9375
    vertex 106.5750 12.0000 43.0041
    vertex 111.0000 12.0000 35.3397
  endloop
endfacet
facet normal 0.442289 0.000000 -0.896873
  outer loop
    vertex 109.8268 0.0000 34.7612
    vertex 111.0000 12.0000 35.3397
    vertex 111.0000 0.0000 35.3397
  endloop
endfacet
facet normal 0.442289 0.000000 -0.896873
  outer loop
    vertex 109.8268 0.0000 34.7612
    vertex 109.8268 12.0000 34.7612
    vertex 111.0000 12.0000 35.3397
  endloop
endfacet
facet normal -0.442289 0.000000 0.896873
  outer loop
    vertex 106.4401 0.0000 42.9375
    vertex 106.5750 0.0000 43.0041
    vertex 106.5750 12.0000 43.0041
  endloop
endfacet
facet normal -0.442289 0.000000 0.896873
  outer loop
    vertex 106.4401 0.0000 42.9375
    vertex 106.5750 12.0000 43.0041
    vertex 106.4401 12.0000 42.9375
  endloop
endfacet
facet normal 0.000000 -1.000000 0.000000
  outer loop
    vertex 106.5750 0.0000 43.0041
    vertex 111.0000 0.0000 35.3397
    vertex 112.0876 0.0000 36.0665
  endloop
endfacet
facet normal 0.000000 -1.000000 0.000000
  outer loop
    vertex 106.5750 0.0000 43.0041
    vertex 112.0876 0.0000 36.0665
    vertex 106.7001 0.0000 43.0876
  endloop
endfacet
facet normal 0.000000 1.000000 0.000000
  outer loop
    vertex 106.5750 12.0000 43.0041
    vertex 112.0876 12.0000 36.0665
    vertex 111.0000 12.0000 35.3397
  endloop
endfacet
facet normal -0.000000 1.000000 0.000000
  outer loop
    vertex 106.5750 12.0000 43.0041
    vertex 106.7001 12.0000 43.0876
    vertex 112.0876 12.0000 36.0665
  endloop
endfacet
facet normal 0.555570 0.000000 -0.831470
  outer loop
    vertex 111.0000 0.0000 35.3397
    vertex 112.0876 12.0000 36.0665
    vertex 112.0876 0.0000 36.0665
  endloop
endfacet
facet normal 0.555570 0.000000 -0.831470
  outer loop
    vertex 111.0000 0.0000 35.3397
    vertex 111.0000 12.0000 35.3397
    vertex 112.0876 12.0000 36.0665
  endloop
endfacet
facet normal -0.555570 0.000000 0.831470
  outer loop
    vertex 106.5750 0.0000 43.0041
    vertex 106.7001 0.0000 43.0876
    vertex 106.7001 12.0000 43.0876
  endloop
endfacet
facet normal -0.555570 0.000000 0.831470
  outer loop
    vertex 106.5750 0.0000 43.0041
    vertex 106.7001 12.0000 43.0876
    vertex 106.5750 12.0000 43.0041
  endloop
endfacet
facet normal 0.000000 -1.000000 0.000000
  outer loop
    vertex 106.7001 0.0000 43.0876
    vertex 112.0876 0.0000 36.0665
    vertex 113.0711 0.0000 36.9289
  endloop
endfacet
facet normal 0.000000 -1.000000 0.000000
  outer loop
    vertex 106.7001 0.0000 43.0876
    vertex 113.0711 0.0000 36.9289
    vertex 106.8132 0.0000 43.1868
  endloop
endfacet
facet normal 0.000000 1.000000 0.000000
  outer loop
    vertex 106.7001 12.0000 43.0876
    vertex 113.0711 12.0000 36.9289
    vertex 112.0876 12.0000 36.0665
  endloop
endfacet
facet normal -0.000000 1.000000 0.000000
  outer loop
    vertex 106.7001 12.0000 43.0876
    vertex 106.8132 12.0000 43.1868
    vertex 113.0711 12.0000 36.9289
  endloop
endfacet
facet normal 0.659346 0.000000 -0.751840
  outer loop
    vertex 112.0876 0.0000 36.0665
    vertex 113.0711 12.0000 36.9289
    vertex 113.0711 0.0000 36.9289
  endloop
endfacet
facet normal 0.659346 0.000000 -0.751840
  outer loop
    vertex 112.0876 0.0000 36.0665
    vertex 112.0876 12.0000 36.0665
    vertex 113.0711 12.0000 36.9289
  endloop
endfacet
facet normal -0.659346 0.000000 0.751840
  outer loop
    vertex 106.7001 0.0000 43.0876
    vertex 106.8132 0.0000 43.1868
    vertex 106.8132 12.0000 43.1868
  endloop
endfacet
facet normal -0.659346 0.000000 0.751840
  outer loop
    vertex 106.7001 0.0000 43.0876
    vertex 106.8132 12.0000 43.1868
    vertex 106.7001 12.0000 43.0876
  endloop
endfacet
facet normal 0.000000 -1.000000 0.000000
  outer loop
    vertex 106.8132 0.0000 43.1868
    vertex 113.0711 0.0000 36.9289
    vertex 113.9335 0.0000 37.9124
  endloop
endfacet
facet normal 0.000000 -1.000000 0.000000
  outer loop
    vertex 106.8132 0.0000 43.1868
    vertex 113.9335 0.0000 37.9124
    vertex 106.9124 0.0000 43.2999
  endloop
endfacet
facet normal 0.000000 1.000000 0.000000
  outer loop
    vertex 106.8132 12.0000 43.1868
    vertex 113.9335 12.0000 37.9124
    vertex 113.0711 12.0000 36.9289
  endloop
endfacet
facet normal -0.000000 1.000000 0.000000
  outer loop
    vertex 106.8132 12.0000 43.1868
    vertex 106.9124 12.0000 43.2999
    vertex 113.9335 12.0000 37.9124
  endloop
endfacet
facet normal 0.751840 0.000000 -0.659346
  outer loop
    vertex 113.0711 0.0000 36.9289
    vertex 113.9335 12.0000 37.9124
    vertex 113.9335 0.0000 37.9124
  endloop
endfacet
facet normal 0.751840 0.000000 -0.659346
  outer loop
    vertex 113.0711 0.0000 36.9289
    vertex 113.0711 12.0000 36.9289
    vertex 113.9335 12.0000 37.9124
  endloop
endfacet
facet normal -0.751840 0.000000 0.659346
  outer loop
    vertex 106.8132 0.0000 43.1868
    vertex 106.9124 0.0000 43.2999
    vertex 106.9124 12.0000 43.2999
  endloop
endfacet
facet normal -0.751840 0.000000 0.659346
  outer loop
    vertex 106.8132 0.0000 43.1868
    vertex 106.9124 12.0000 43.2999
    vertex 106.8132 12.0000 43.1868
  endloop
endfacet
facet normal 0.000000 -1.000000 0.000000
  outer loop
    vertex 106.9124 0.0000 43.2999
    vertex 113.9335 0.0000 37.9124
    vertex 114.6603 0.0000 39.0000
  endloop
endfacet
facet normal 0.000000 -1.000000 0.000000
  outer loop
    vertex 106.9124 0.0000 43.2999
    vertex 114.6603 0.0000 39.0000
    vertex 106.9959 0.0000 43.4250
  endloop
endfacet
facet normal 0.000000 1.000000 0.000000
  outer loop
    vertex 106.9124 12.0000 43.2999
    vertex 114.6603 12.0000 39.0000
    vertex 113.9335 12.0000 37.9124
  endloop
endfacet
facet normal -0.000000 1.000000 0.000000
  outer loop
    vertex 106.9124 12.0000 43.2999
    vertex 106.9959 12.0000 43.4250
    vertex 114.6603 12.0000 39.0000
  endloop
endfacet
facet normal 0.831470 0.000000 -0.555570
  outer loop
    vertex 113.9335 0.0000 37.9124
    vertex 114.6603 12.0000 39.0000
    vertex 114.6603 0.0000 39.0000
  endloop
endfacet
facet normal 0.831470 0.000000 -0.555570
  outer loop
    vertex 113.9335 0.0000 37.9124
    vertex 113.9335 12.0000 37.9124
    vertex 114.6603 12.0000 39.0000
  endloop
endfacet
facet normal -0.831470 0.000000 0.555570
  outer loop
    vertex 106.9124 0.0000 43.2999
    vertex 106.9959 0.0000 43.4250
    vertex 106.9959 12.0000 43.4250
  endloop
endfacet
facet normal -0.831470 0.000000 0.555570
  outer loop
    vertex 106.9124 0.0000 43.2999
    vertex 106.9959 12.0000 43.4250
    vertex 106.9124 12.0000 43.2999
  endloop
endfacet
facet normal 0.000000 -1.000000 0.000000
  outer loop
    vertex 106.9959 0.0000 43.4250
    vertex 114.6603 0.0000 39.0000
    vertex 115.2388 0.0000 40.1732
  endloop
endfacet
facet normal 0.000000 -1.000000 0.000000
  outer loop
    vertex 106.9959 0.0000 43.4250
    vertex 115.2388 0.0000 40.1732
    vertex 107.0625 0.0000 43.5599
  endloop
endfacet
facet normal 0.000000 1.000000 0.000000
  outer loop
    vertex 106.9959 12.0000 43.4250
    vertex 115.2388 12.0000 40.1732
    vertex 114.6603 12.0000 39.0000
  endloop
endfacet
facet normal -0.000000 1.000000 0.000000
  outer loop
    vertex 106.9959 12.0000 43.4250
    vertex 107.0625 12.0000 43.5599
    vertex 115.2388 12.0000 40.1732
  endloop
endfacet
facet normal 0.896873 0.000000 -0.442289
  outer loop
    vertex 114.6603 0.0000 39.0000
    vertex 115.2388 12.0000 40.1732
    vertex 115.2388 0.0000 40.1732
  endloop
endfacet
facet normal 0.896873 0.000000 -0.442289
  outer loop
    vertex 114.6603 0.0000 39.0000
    vertex 114.6603 12.0000 39.0000
    vertex 115.2388 12.0000 40.1732
  endloop
endfacet
facet normal -0.896873 0.000000 0.442289
  outer loop
    vertex 106.9959 0.0000 43.4250
    vertex 107.0625 0.0000 43.5599
    vertex 107.0625 12.0000 43.5599
  endloop
endfacet
facet normal -0.896873 0.000000 0.442289
  outer loop
    vertex 106.9959 0.0000 43.4250
    vertex 107.0625 12.0000 43.5599
    vertex 106.9959 12.0000 43.4250
  endloop
endfacet
facet normal 0.000000 -1.000000 0.000000
  outer loop
    vertex 107.0625 0.0000 43.5599
    vertex 115.2388 0.0000 40.1732
    vertex 115.6593 0.0000 41.4118
  endloop
endfacet
facet normal 0.000000 -1.000000 0.000000
  outer loop
    vertex 107.0625 0.0000 43.5599
    vertex 115.6593 0.0000 41.4118
    vertex 107.1108 0.0000 43.7024
  endloop
endfacet
facet normal 0.000000 1.000000 0.000000
  outer loop
    vertex 107.0625 12.0000 43.5599
    vertex 115.6593 12.0000 41.4118
    vertex 115.2388 12.0000 40.1732
  endloop
endfacet
facet normal -0.000000 1.000000 0.000000
  outer loop
    vertex 107.0625 12.0000 43.5599
    vertex 107.1108 12.0000 43.7024
    vertex 115.6593 12.0000 41.4118
  endloop
endfacet
facet normal 0.946930 0.000000 -0.321439
  outer loop
    vertex 115.2388 0.0000 40.1732
    vertex 115.6593 12.0000 41.4118
    vertex 115.6593 0.0000 41.4118
  endloop
endfacet
facet normal 0.946930 0.000000 -0.321439
  outer loop
    vertex 115.2388 0.0000 40.1732
    vertex 115.2388 12.0000 40.1732
    vertex 115.6593 12.0000 41.4118
  endloop
endfacet
facet normal -0.946930 0.000000 0.321439
  outer loop
    vertex 107.0625 0.0000 43.5599
    vertex 107.1108 0.0000 43.7024
    vertex 107.1108 12.0000 43.7024
  endloop
endfacet
facet normal -0.946930 0.000000 0.321439
  outer loop
    vertex 107.0625 0.0000 43.5599
    vertex 107.1108 12.0000 43.7024
    vertex 107.0625 12.0000 43.5599
  endloop
endfacet
facet normal 0.000000 -1.000000 0.000000
  outer loop
    vertex 107.1108 0.0000 43.7024
    vertex 115.6593 0.0000 41.4118
    vertex 115.9144 0.0000 42.6947
  endloop
endfacet
facet normal 0.000000 -1.000000 0.000000
  outer loop
    vertex 107.1108 0.0000 43.7024
    vertex 115.9144 0.0000 42.6947
    vertex 107.1402 0.0000 43.8499
  endloop
endfacet
facet normal 0.000000 1.000000 0.000000
  outer loop
    vertex 107.1108 12.0000 43.7024
    vertex 115.9144 12.0000 42.6947
    vertex 115.6593 12.0000 41.4118
  endloop
endfacet
facet normal -0.000000 1.000000 0.000000
  outer loop
    vertex 107.1108 12.0000 43.7024
    vertex 107.1402 12.0000 43.8499
    vertex 115.9144 12.0000 42.6947
  endloop
endfacet
facet normal 0.980785 0.000000 -0.195090
  outer loop
    vertex 115.6593 0.0000 41.4118
    vertex 115.9144 12.0000 42.6947
    vertex 115.9144 0.0000 42.6947
  endloop
endfacet
facet normal 0.980785 0.000000 -0.195090
  outer loop
    vertex 115.6593 0.0000 41.4118
    vertex 115.6593 12.0000 41.4118
    vertex 115.9144 12.0000 42.6947
  endloop
endfacet
facet normal -0.980785 0.000000 0.195090
  outer loop
    vertex 107.1108 0.0000 43.7024
    vertex 107.1402 0.0000 43.8499
    vertex 107.1402 12.0000 43.8499
  endloop
endfacet
facet normal -0.980785 0.000000 0.195090
  outer loop
    vertex 107.1108 0.0000 43.7024
    vertex 107.1402 12.0000 43.8499
    vertex 107.1108 12.0000 43.7024
  endloop
endfacet
facet normal 0.000000 -1.000000 0.000000
  outer loop
    vertex 107.1402 0.0000 43.8499
    vertex 115.9144 0.0000 42.6947
    vertex 116.0000 0.0000 44.0000
  endloop
endfacet
facet normal 0.000000 -1.000000 0.000000
  outer loop
    vertex 107.1402 0.0000 43.8499
    vertex 116.0000 0.0000 44.0000
    vertex 107.1500 0.0000 44.0000
  endloop
endfacet
facet normal -0.000000 1.000000 0.000000
  outer loop
    vertex 107.1402 12.0000 43.8499
    vertex 116.0000 12.0000 44.0000
    vertex 115.9144 12.0000 42.6947
  endloop
endfacet
facet normal 0.000000 1.000000 0.000000
  outer loop
    vertex 107.1402 12.0000 43.8499
    vertex 107.1500 12.0000 44.0000
    vertex 116.0000 12.0000 44.0000
  endloop
endfacet
facet normal 0.997859 0.000000 -0.065403
  outer loop
    vertex 115.9144 0.0000 42.6947
    vertex 116.0000 12.0000 44.0000
    vertex 116.0000 0.0000 44.0000
  endloop
endfacet
facet normal 0.997859 0.000000 -0.065403
  outer loop
    vertex 115.9144 0.0000 42.6947
    vertex 115.9144 12.0000 42.6947
    vertex 116.0000 12.0000 44.0000
  endloop
endfacet
facet normal -0.997859 0.000000 0.065403
  outer loop
    vertex 107.1402 0.0000 43.8499
    vertex 107.1500 0.0000 44.0000
    vertex 107.1500 12.0000 44.0000
  endloop
endfacet
facet normal -0.997859 0.000000 0.065403
  outer loop
    vertex 107.1402 0.0000 43.8499
    vertex 107.1500 12.0000 44.0000
    vertex 107.1402 12.0000 43.8499
  endloop
endfacet
facet normal 0.000000 -1.000000 0.000000
  outer loop
    vertex 131.2000 0.0000 44.0000
    vertex 140.0000 0.0000 44.0000
    vertex 139.9144 0.0000 45.3053
  endloop
endfacet
facet normal 0.000000 -1.000000 0.000000
  outer loop
    vertex 131.2000 0.0000 44.0000
    vertex 139.9144 0.0000 45.3053
    vertex 131.1897 0.0000 44.1566
  endloop
endfacet
facet normal 0.000000 1.000000 0.000000
  outer loop
    vertex 131.2000 13.0000 44.0000
    vertex 139.9144 13.0000 45.3053
    vertex 140.0000 13.0000 44.0000
  endloop
endfacet
facet normal 0.000000 1.000000 -0.000000
  outer loop
    vertex 131.2000 13.0000 44.0000
    vertex 131.1897 13.0000 44.1566
    vertex 139.9144 13.0000 45.3053
  endloop
endfacet
facet normal 0.997859 0.000000 0.065403
  outer loop
    vertex 140.0000 0.0000 44.0000
    vertex 139.9144 13.0000 45.3053
    vertex 139.9144 0.0000 45.3053
  endloop
endfacet
facet normal 0.997859 -0.000000 0.065403
  outer loop
    vertex 140.0000 0.0000 44.0000
    vertex 140.0000 13.0000 44.0000
    vertex 139.9144 13.0000 45.3053
  endloop
endfacet
facet normal -0.997859 0.000000 -0.065403
  outer loop
    vertex 131.2000 0.0000 44.0000
    vertex 131.1897 0.0000 44.1566
    vertex 131.1897 13.0000 44.1566
  endloop
endfacet
facet normal -0.997859 0.000000 -0.065403
  outer loop
    vertex 131.2000 0.0000 44.0000
    vertex 131.1897 13.0000 44.1566
    vertex 131.2000 13.0000 44.0000
  endloop
endfacet
facet normal 0.000000 -1.000000 0.000000
  outer loop
    vertex 131.1897 0.0000 44.1566
    vertex 139.9144 0.0000 45.3053
    vertex 139.6593 0.0000 46.5882
  endloop
endfacet
facet normal 0.000000 -1.000000 0.000000
  outer loop
    vertex 131.1897 0.0000 44.1566
    vertex 139.6593 0.0000 46.5882
    vertex 131.1591 0.0000 44.3106
  endloop
endfacet
facet normal 0.000000 1.000000 0.000000
  outer loop
    vertex 131.1897 13.0000 44.1566
    vertex 139.6593 13.0000 46.5882
    vertex 139.9144 13.0000 45.3053
  endloop
endfacet
facet normal 0.000000 1.000000 -0.000000
  outer loop
    vertex 131.1897 13.0000 44.1566
    vertex 131.1591 13.0000 44.3106
    vertex 139.6593 13.0000 46.5882
  endloop
endfacet
facet normal 0.980785 0.000000 0.195090
  outer loop
    vertex 139.9144 0.0000 45.3053
    vertex 139.6593 13.0000 46.5882
    vertex 139.6593 0.0000 46.5882
  endloop
endfacet
facet normal 0.980785 -0.000000 0.195090
  outer loop
    vertex 139.9144 0.0000 45.3053
    vertex 139.9144 13.0000 45.3053
    vertex 139.6593 13.0000 46.5882
  endloop
endfacet
facet normal -0.980785 0.000000 -0.195090
  outer loop
    vertex 131.1897 0.0000 44.1566
    vertex 131.1591 0.0000 44.3106
    vertex 131.1591 13.0000 44.3106
  endloop
endfacet
facet normal -0.980785 0.000000 -0.195090
  outer loop
    vertex 131.1897 0.0000 44.1566
    vertex 131.1591 13.0000 44.3106
    vertex 131.1897 13.0000 44.1566
  endloop
endfacet
facet normal 0.000000 -1.000000 0.000000
  outer loop
    vertex 131.1591 0.0000 44.3106
    vertex 139.6593 0.0000 46.5882
    vertex 139.2388 0.0000 47.8268
  endloop
endfacet
facet normal 0.000000 -1.000000 0.000000
  outer loop
    vertex 131.1591 0.0000 44.3106
    vertex 139.2388 0.0000 47.8268
    vertex 131.1087 0.0000 44.4592
  endloop
endfacet
facet normal 0.000000 1.000000 0.000000
  outer loop
    vertex 131.1591 13.0000 44.3106
    vertex 139.2388 13.0000 47.8268
    vertex 139.6593 13.0000 46.5882
  endloop
endfacet
facet normal 0.000000 1.000000 -0.000000
  outer loop
    vertex 131.1591 13.0000 44.3106
    vertex 131.1087 13.0000 44.4592
    vertex 139.2388 13.0000 47.8268
  endloop
endfacet
facet normal 0.946930 0.000000 0.321439
  outer loop
    vertex 139.6593 0.0000 46.5882
    vertex 139.2388 13.0000 47.8268
    vertex 139.2388 0.0000 47.8268
  endloop
endfacet
facet normal 0.946930 -0.000000 0.321439
  outer loop
    vertex 139.6593 0.0000 46.5882
    vertex 139.6593 13.0000 46.5882
    vertex 139.2388 13.0000 47.8268
  endloop
endfacet
facet normal -0.946930 0.000000 -0.321439
  outer loop
    vertex 131.1591 0.0000 44.3106
    vertex 131.1087 0.0000 44.4592
    vertex 131.1087 13.0000 44.4592
  endloop
endfacet
facet normal -0.946930 0.000000 -0.321439
  outer loop
    vertex 131.1591 0.0000 44.3106
    vertex 131.1087 13.0000 44.4592
    vertex 131.1591 13.0000 44.3106
  endloop
endfacet
facet normal 0.000000 -1.000000 0.000000
  outer loop
    vertex 131.1087 0.0000 44.4592
    vertex 139.2388 0.0000 47.8268
    vertex 138.6603 0.0000 49.0000
  endloop
endfacet
facet normal 0.000000 -1.000000 0.000000
  outer loop
    vertex 131.1087 0.0000 44.4592
    vertex 138.6603 0.0000 49.0000
    vertex 131.0392 0.0000 44.6000
  endloop
endfacet
facet normal 0.000000 1.000000 0.000000
  outer loop
    vertex 131.1087 13.0000 44.4592
    vertex 138.6603 13.0000 49.0000
    vertex 139.2388 13.0000 47.8268
  endloop
endfacet
facet normal 0.000000 1.000000 -0.000000
  outer loop
    vertex 131.1087 13.0000 44.4592
    vertex 131.0392 13.0000 44.6000
    vertex 138.6603 13.0000 49.0000
  endloop
endfacet
facet normal 0.896873 0.000000 0.442289
  outer loop
    vertex 139.2388 0.0000 47.8268
    vertex 138.6603 13.0000 49.0000
    vertex 138.6603 0.0000 49.0000
  endloop
endfacet
facet normal 0.896873 -0.000000 0.442289
  outer loop
    vertex 139.2388 0.0000 47.8268
    vertex 139.2388 13.0000 47.8268
    vertex 138.6603 13.0000 49.0000
  endloop
endfacet
facet normal -0.896873 0.000000 -0.442289
  outer loop
    vertex 131.1087 0.0000 44.4592
    vertex 131.0392 0.0000 44.6000
    vertex 131.0392 13.0000 44.6000
  endloop
endfacet
facet normal -0.896873 0.000000 -0.442289
  outer loop
    vertex 131.1087 0.0000 44.4592
    vertex 131.0392 13.0000 44.6000
    vertex 131.1087 13.0000 44.4592
  endloop
endfacet
facet normal 0.000000 -1.000000 0.000000
  outer loop
    vertex 131.0392 0.0000 44.6000
    vertex 138.6603 0.0000 49.0000
    vertex 137.9335 0.0000 50.0876
  endloop
endfacet
facet normal 0.000000 -1.000000 0.000000
  outer loop
    vertex 131.0392 0.0000 44.6000
    vertex 137.9335 0.0000 50.0876
    vertex 130.9520 0.0000 44.7305
  endloop
endfacet
facet normal 0.000000 1.000000 0.000000
  outer loop
    vertex 131.0392 13.0000 44.6000
    vertex 137.9335 13.0000 50.0876
    vertex 138.6603 13.0000 49.0000
  endloop
endfacet
facet normal 0.000000 1.000000 -0.000000
  outer loop
    vertex 131.0392 13.0000 44.6000
    vertex 130.9520 13.0000 44.7305
    vertex 137.9335 13.0000 50.0876
  endloop
endfacet
facet normal 0.831470 0.000000 0.555570
  outer loop
    vertex 138.6603 0.0000 49.0000
    vertex 137.9335 13.0000 50.0876
    vertex 137.9335 0.0000 50.0876
  endloop
endfacet
facet normal 0.831470 -0.000000 0.555570
  outer loop
    vertex 138.6603 0.0000 49.0000
    vertex 138.6603 13.0000 49.0000
    vertex 137.9335 13.0000 50.0876
  endloop
endfacet
facet normal -0.831470 0.000000 -0.555570
  outer loop
    vertex 131.0392 0.0000 44.6000
    vertex 130.9520 0.0000 44.7305
    vertex 130.9520 13.0000 44.7305
  endloop
endfacet
facet normal -0.831470 0.000000 -0.555570
  outer loop
    vertex 131.0392 0.0000 44.6000
    vertex 130.9520 13.0000 44.7305
    vertex 131.0392 13.0000 44.6000
  endloop
endfacet
facet normal 0.000000 -1.000000 0.000000
  outer loop
    vertex 130.9520 0.0000 44.7305
    vertex 137.9335 0.0000 50.0876
    vertex 137.0711 0.0000 51.0711
  endloop
endfacet
facet normal 0.000000 -1.000000 0.000000
  outer loop
    vertex 130.9520 0.0000 44.7305
    vertex 137.0711 0.0000 51.0711
    vertex 130.8485 0.0000 44.8485
  endloop
endfacet
facet normal 0.000000 1.000000 0.000000
  outer loop
    vertex 130.9520 13.0000 44.7305
    vertex 137.0711 13.0000 51.0711
    vertex 137.9335 13.0000 50.0876
  endloop
endfacet
facet normal 0.000000 1.000000 -0.000000
  outer loop
    vertex 130.9520 13.0000 44.7305
    vertex 130.8485 13.0000 44.8485
    vertex 137.0711 13.0000 51.0711
  endloop
endfacet
facet normal 0.751840 0.000000 0.659346
  outer loop
    vertex 137.9335 0.0000 50.0876
    vertex 137.0711 13.0000 51.0711
    vertex 137.0711 0.0000 51.0711
  endloop
endfacet
facet normal 0.751840 -0.000000 0.659346
  outer loop
    vertex 137.9335 0.0000 50.0876
    vertex 137.9335 13.0000 50.0876
    vertex 137.0711 13.0000 51.0711
  endloop
endfacet
facet normal -0.751840 0.000000 -0.659346
  outer loop
    vertex 130.9520 0.0000 44.7305
    vertex 130.8485 0.0000 44.8485
    vertex 130.8485 13.0000 44.8485
  endloop
endfacet
facet normal -0.751840 0.000000 -0.659346
  outer loop
    vertex 130.9520 0.0000 44.7305
    vertex 130.8485 13.0000 44.8485
    vertex 130.9520 13.0000 44.7305
  endloop
endfacet
facet normal 0.000000 -1.000000 0.000000
  outer loop
    vertex 130.8485 0.0000 44.8485
    vertex 137.0711 0.0000 51.0711
    vertex 136.0876 0.0000 51.9335
  endloop
endfacet
facet normal 0.000000 -1.000000 0.000000
  outer loop
    vertex 130.8485 0.0000 44.8485
    vertex 136.0876 0.0000 51.9335
    vertex 130.7305 0.0000 44.9520
  endloop
endfacet
facet normal 0.000000 1.000000 0.000000
  outer loop
    vertex 130.8485 13.0000 44.8485
    vertex 136.0876 13.0000 51.9335
    vertex 137.0711 13.0000 51.0711
  endloop
endfacet
facet normal 0.000000 1.000000 -0.000000
  outer loop
    vertex 130.8485 13.0000 44.8485
    vertex 130.7305 13.0000 44.9520
    vertex 136.0876 13.0000 51.9335
  endloop
endfacet
facet normal 0.659346 0.000000 0.751840
  outer loop
    vertex 137.0711 0.0000 51.0711
    vertex 136.0876 13.0000 51.9335
    vertex 136.0876 0.0000 51.9335
  endloop
endfacet
facet normal 0.659346 -0.000000 0.751840
  outer loop
    vertex 137.0711 0.0000 51.0711
    vertex 137.0711 13.0000 51.0711
    vertex 136.0876 13.0000 51.9335
  endloop
endfacet
facet normal -0.659346 0.000000 -0.751840
  outer loop
    vertex 130.8485 0.0000 44.8485
    vertex 130.7305 0.0000 44.9520
    vertex 130.7305 13.0000 44.9520
  endloop
endfacet
facet normal -0.659346 0.000000 -0.751840
  outer loop
    vertex 130.8485 0.0000 44.8485
    vertex 130.7305 13.0000 44.9520
    vertex 130.8485 13.0000 44.8485
  endloop
endfacet
facet normal 0.000000 -1.000000 0.000000
  outer loop
    vertex 130.7305 0.0000 44.9520
    vertex 136.0876 0.0000 51.9335
    vertex 135.0000 0.0000 52.6603
  endloop
endfacet
facet normal 0.000000 -1.000000 0.000000
  outer loop
    vertex 130.7305 0.0000 44.9520
    vertex 135.0000 0.0000 52.6603
    vertex 130.6000 0.0000 45.0392
  endloop
endfacet
facet normal 0.000000 1.000000 0.000000
  outer loop
    vertex 130.7305 13.0000 44.9520
    vertex 135.0000 13.0000 52.6603
    vertex 136.0876 13.0000 51.9335
  endloop
endfacet
facet normal 0.000000 1.000000 -0.000000
  outer loop
    vertex 130.7305 13.0000 44.9520
    vertex 130.6000 13.0000 45.0392
    vertex 135.0000 13.0000 52.6603
  endloop
endfacet
facet normal 0.555570 0.000000 0.831470
  outer loop
    vertex 136.0876 0.0000 51.9335
    vertex 135.0000 13.0000 52.6603
    vertex 135.0000 0.0000 52.6603
  endloop
endfacet
facet normal 0.555570 -0.000000 0.831470
  outer loop
    vertex 136.0876 0.0000 51.9335
    vertex 136.0876 13.0000 51.9335
    vertex 135.0000 13.0000 52.6603
  endloop
endfacet
facet normal -0.555570 0.000000 -0.831470
  outer loop
    vertex 130.7305 0.0000 44.9520
    vertex 130.6000 0.0000 45.0392
    vertex 130.6000 13.0000 45.0392
  endloop
endfacet
facet normal -0.555570 0.000000 -0.831470
  outer loop
    vertex 130.7305 0.0000 44.9520
    vertex 130.6000 13.0000 45.0392
    vertex 130.7305 13.0000 44.9520
  endloop
endfacet
facet normal 0.000000 -1.000000 0.000000
  outer loop
    vertex 130.6000 0.0000 45.0392
    vertex 135.0000 0.0000 52.6603
    vertex 133.8268 0.0000 53.2388
  endloop
endfacet
facet normal 0.000000 -1.000000 0.000000
  outer loop
    vertex 130.6000 0.0000 45.0392
    vertex 133.8268 0.0000 53.2388
    vertex 130.4592 0.0000 45.1087
  endloop
endfacet
facet normal 0.000000 1.000000 0.000000
  outer loop
    vertex 130.6000 13.0000 45.0392
    vertex 133.8268 13.0000 53.2388
    vertex 135.0000 13.0000 52.6603
  endloop
endfacet
facet normal 0.000000 1.000000 -0.000000
  outer loop
    vertex 130.6000 13.0000 45.0392
    vertex 130.4592 13.0000 45.1087
    vertex 133.8268 13.0000 53.2388
  endloop
endfacet
facet normal 0.442289 0.000000 0.896873
  outer loop
    vertex 135.0000 0.0000 52.6603
    vertex 133.8268 13.0000 53.2388
    vertex 133.8268 0.0000 53.2388
  endloop
endfacet
facet normal 0.442289 -0.000000 0.896873
  outer loop
    vertex 135.0000 0.0000 52.6603
    vertex 135.0000 13.0000 52.6603
    vertex 133.8268 13.0000 53.2388
  endloop
endfacet
facet normal -0.442289 0.000000 -0.896873
  outer loop
    vertex 130.6000 0.0000 45.0392
    vertex 130.4592 0.0000 45.1087
    vertex 130.4592 13.0000 45.1087
  endloop
endfacet
facet normal -0.442289 0.000000 -0.896873
  outer loop
    vertex 130.6000 0.0000 45.0392
    vertex 130.4592 13.0000 45.1087
    vertex 130.6000 13.0000 45.0392
  endloop
endfacet
facet normal 0.000000 -1.000000 0.000000
  outer loop
    vertex 130.4592 0.0000 45.1087
    vertex 133.8268 0.0000 53.2388
    vertex 132.5882 0.0000 53.6593
  endloop
endfacet
facet normal 0.000000 -1.000000 0.000000
  outer loop
    vertex 130.4592 0.0000 45.1087
    vertex 132.5882 0.0000 53.6593
    vertex 130.3106 0.0000 45.1591
  endloop
endfacet
facet normal 0.000000 1.000000 0.000000
  outer loop
    vertex 130.4592 13.0000 45.1087
    vertex 132.5882 13.0000 53.6593
    vertex 133.8268 13.0000 53.2388
  endloop
endfacet
facet normal 0.000000 1.000000 -0.000000
  outer loop
    vertex 130.4592 13.0000 45.1087
    vertex 130.3106 13.0000 45.1591
    vertex 132.5882 13.0000 53.6593
  endloop
endfacet
facet normal 0.321439 0.000000 0.946930
  outer loop
    vertex 133.8268 0.0000 53.2388
    vertex 132.5882 13.0000 53.6593
    vertex 132.5882 0.0000 53.6593
  endloop
endfacet
facet normal 0.321439 -0.000000 0.946930
  outer loop
    vertex 133.8268 0.0000 53.2388
    vertex 133.8268 13.0000 53.2388
    vertex 132.5882 13.0000 53.6593
  endloop
endfacet
facet normal -0.321439 0.000000 -0.946930
  outer loop
    vertex 130.4592 0.0000 45.1087
    vertex 130.3106 0.0000 45.1591
    vertex 130.3106 13.0000 45.1591
  endloop
endfacet
facet normal -0.321439 0.000000 -0.946930
  outer loop
    vertex 130.4592 0.0000 45.1087
    vertex 130.3106 13.0000 45.1591
    vertex 130.4592 13.0000 45.1087
  endloop
endfacet
facet normal 0.000000 -1.000000 0.000000
  outer loop
    vertex 130.3106 0.0000 45.1591
    vertex 132.5882 0.0000 53.6593
    vertex 131.3053 0.0000 53.9144
  endloop
endfacet
facet normal 0.000000 -1.000000 0.000000
  outer loop
    vertex 130.3106 0.0000 45.1591
    vertex 131.3053 0.0000 53.9144
    vertex 130.1566 0.0000 45.1897
  endloop
endfacet
facet normal 0.000000 1.000000 0.000000
  outer loop
    vertex 130.3106 13.0000 45.1591
    vertex 131.3053 13.0000 53.9144
    vertex 132.5882 13.0000 53.6593
  endloop
endfacet
facet normal 0.000000 1.000000 -0.000000
  outer loop
    vertex 130.3106 13.0000 45.1591
    vertex 130.1566 13.0000 45.1897
    vertex 131.3053 13.0000 53.9144
  endloop
endfacet
facet normal 0.195090 0.000000 0.980785
  outer loop
    vertex 132.5882 0.0000 53.6593
    vertex 131.3053 13.0000 53.9144
    vertex 131.3053 0.0000 53.9144
  endloop
endfacet
facet normal 0.195090 -0.000000 0.980785
  outer loop
    vertex 132.5882 0.0000 53.6593
    vertex 132.5882 13.0000 53.6593
    vertex 131.3053 13.0000 53.9144
  endloop
endfacet
facet normal -0.195090 0.000000 -0.980785
  outer loop
    vertex 130.3106 0.0000 45.1591
    vertex 130.1566 0.0000 45.1897
    vertex 130.1566 13.0000 45.1897
  endloop
endfacet
facet normal -0.195090 0.000000 -0.980785
  outer loop
    vertex 130.3106 0.0000 45.1591
    vertex 130.1566 13.0000 45.1897
    vertex 130.3106 13.0000 45.1591
  endloop
endfacet
facet normal 0.000000 -1.000000 0.000000
  outer loop
    vertex 130.1566 0.0000 45.1897
    vertex 131.3053 0.0000 53.9144
    vertex 130.0000 0.0000 54.0000
  endloop
endfacet
facet normal 0.000000 -1.000000 0.000000
  outer loop
    vertex 130.1566 0.0000 45.1897
    vertex 130.0000 0.0000 54.0000
    vertex 130.0000 0.0000 45.2000
  endloop
endfacet
facet normal 0.000000 1.000000 -0.000000
  outer loop
    vertex 130.1566 13.0000 45.1897
    vertex 130.0000 13.0000 54.0000
    vertex 131.3053 13.0000 53.9144
  endloop
endfacet
facet normal 0.000000 1.000000 0.000000
  outer loop
    vertex 130.1566 13.0000 45.1897
    vertex 130.0000 13.0000 45.2000
    vertex 130.0000 13.0000 54.0000
  endloop
endfacet
facet normal 0.065403 0.000000 0.997859
  outer loop
    vertex 131.3053 0.0000 53.9144
    vertex 130.0000 13.0000 54.0000
    vertex 130.0000 0.0000 54.0000
  endloop
endfacet
facet normal 0.065403 -0.000000 0.997859
  outer loop
    vertex 131.3053 0.0000 53.9144
    vertex 131.3053 13.0000 53.9144
    vertex 130.0000 13.0000 54.0000
  endloop
endfacet
facet normal -0.065403 0.000000 -0.997859
  outer loop
    vertex 130.1566 0.0000 45.1897
    vertex 130.0000 0.0000 45.2000
    vertex 130.0000 13.0000 45.2000
  endloop
endfacet
facet normal -0.065403 0.000000 -0.997859
  outer loop
    vertex 130.1566 0.0000 45.1897
    vertex 130.0000 13.0000 45.2000
    vertex 130.1566 13.0000 45.1897
  endloop
endfacet
facet normal 0.000000 -1.000000 0.000000
  outer loop
    vertex 130.0000 0.0000 45.2000
    vertex 130.0000 0.0000 54.0000
    vertex 128.6947 0.0000 53.9144
  endloop
endfacet
facet normal -0.000000 -1.000000 0.000000
  outer loop
    vertex 130.0000 0.0000 45.2000
    vertex 128.6947 0.0000 53.9144
    vertex 129.8434 0.0000 45.1897
  endloop
endfacet
facet normal 0.000000 1.000000 -0.000000
  outer loop
    vertex 130.0000 13.0000 45.2000
    vertex 128.6947 13.0000 53.9144
    vertex 130.0000 13.0000 54.0000
  endloop
endfacet
facet normal 0.000000 1.000000 0.000000
  outer loop
    vertex 130.0000 13.0000 45.2000
    vertex 129.8434 13.0000 45.1897
    vertex 128.6947 13.0000 53.9144
  endloop
endfacet
facet normal -0.065403 0.000000 0.997859
  outer loop
    vertex 130.0000 0.0000 54.0000
    vertex 128.6947 13.0000 53.9144
    vertex 128.6947 0.0000 53.9144
  endloop
endfacet
facet normal -0.065403 0.000000 0.997859
  outer loop
    vertex 130.0000 0.0000 54.0000
    vertex 130.0000 13.0000 54.0000
    vertex 128.6947 13.0000 53.9144
  endloop
endfacet
facet normal 0.065403 0.000000 -0.997859
  outer loop
    vertex 130.0000 0.0000 45.2000
    vertex 129.8434 0.0000 45.1897
    vertex 129.8434 13.0000 45.1897
  endloop
endfacet
facet normal 0.065403 0.000000 -0.997859
  outer loop
    vertex 130.0000 0.0000 45.2000
    vertex 129.8434 13.0000 45.1897
    vertex 130.0000 13.0000 45.2000
  endloop
endfacet
facet normal 0.000000 -1.000000 0.000000
  outer loop
    vertex 129.8434 0.0000 45.1897
    vertex 128.6947 0.0000 53.9144
    vertex 127.4118 0.0000 53.6593
  endloop
endfacet
facet normal -0.000000 -1.000000 0.000000
  outer loop
    vertex 129.8434 0.0000 45.1897
    vertex 127.4118 0.0000 53.6593
    vertex 129.6894 0.0000 45.1591
  endloop
endfacet
facet normal 0.000000 1.000000 0.000000
  outer loop
    vertex 129.8434 13.0000 45.1897
    vertex 127.4118 13.0000 53.6593
    vertex 128.6947 13.0000 53.9144
  endloop
endfacet
facet normal 0.000000 1.000000 0.000000
  outer loop
    vertex 129.8434 13.0000 45.1897
    vertex 129.6894 13.0000 45.1591
    vertex 127.4118 13.0000 53.6593
  endloop
endfacet
facet normal -0.195090 0.000000 0.980785
  outer loop
    vertex 128.6947 0.0000 53.9144
    vertex 127.4118 13.0000 53.6593
    vertex 127.4118 0.0000 53.6593
  endloop
endfacet
facet normal -0.195090 0.000000 0.980785
  outer loop
    vertex 128.6947 0.0000 53.9144
    vertex 128.6947 13.0000 53.9144
    vertex 127.4118 13.0000 53.6593
  endloop
endfacet
facet normal 0.195090 0.000000 -0.980785
  outer loop
    vertex 129.8434 0.0000 45.1897
    vertex 129.6894 0.0000 45.1591
    vertex 129.6894 13.0000 45.1591
  endloop
endfacet
facet normal 0.195090 0.000000 -0.980785
  outer loop
    vertex 129.8434 0.0000 45.1897
    vertex 129.6894 13.0000 45.1591
    vertex 129.8434 13.0000 45.1897
  endloop
endfacet
facet normal 0.000000 -1.000000 0.000000
  outer loop
    vertex 129.6894 0.0000 45.1591
    vertex 127.4118 0.0000 53.6593
    vertex 126.1732 0.0000 53.2388
  endloop
endfacet
facet normal -0.000000 -1.000000 0.000000
  outer loop
    vertex 129.6894 0.0000 45.1591
    vertex 126.1732 0.0000 53.2388
    vertex 129.5408 0.0000 45.1087
  endloop
endfacet
facet normal 0.000000 1.000000 0.000000
  outer loop
    vertex 129.6894 13.0000 45.1591
    vertex 126.1732 13.0000 53.2388
    vertex 127.4118 13.0000 53.6593
  endloop
endfacet
facet normal 0.000000 1.000000 0.000000
  outer loop
    vertex 129.6894 13.0000 45.1591
    vertex 129.5408 13.0000 45.1087
    vertex 126.1732 13.0000 53.2388
  endloop
endfacet
facet normal -0.321439 0.000000 0.946930
  outer loop
    vertex 127.4118 0.0000 53.6593
    vertex 126.1732 13.0000 53.2388
    vertex 126.1732 0.0000 53.2388
  endloop
endfacet
facet normal -0.321439 0.000000 0.946930
  outer loop
    vertex 127.4118 0.0000 53.6593
    vertex 127.4118 13.0000 53.6593
    vertex 126.1732 13.0000 53.2388
  endloop
endfacet
facet normal 0.321439 0.000000 -0.946930
  outer loop
    vertex 129.6894 0.0000 45.1591
    vertex 129.5408 0.0000 45.1087
    vertex 129.5408 13.0000 45.1087
  endloop
endfacet
facet normal 0.321439 0.000000 -0.946930
  outer loop
    vertex 129.6894 0.0000 45.1591
    vertex 129.5408 13.0000 45.1087
    vertex 129.6894 13.0000 45.1591
  endloop
endfacet
facet normal 0.000000 -1.000000 0.000000
  outer loop
    vertex 129.5408 0.0000 45.1087
    vertex 126.1732 0.0000 53.2388
    vertex 125.0000 0.0000 52.6603
  endloop
endfacet
facet normal -0.000000 -1.000000 0.000000
  outer loop
    vertex 129.5408 0.0000 45.1087
    vertex 125.0000 0.0000 52.6603
    vertex 129.4000 0.0000 45.0392
  endloop
endfacet
facet normal 0.000000 1.000000 0.000000
  outer loop
    vertex 129.5408 13.0000 45.1087
    vertex 125.0000 13.0000 52.6603
    vertex 126.1732 13.0000 53.2388
  endloop
endfacet
facet normal 0.000000 1.000000 0.000000
  outer loop
    vertex 129.5408 13.0000 45.1087
    vertex 129.4000 13.0000 45.0392
    vertex 125.0000 13.0000 52.6603
  endloop
endfacet
facet normal -0.442289 0.000000 0.896873
  outer loop
    vertex 126.1732 0.0000 53.2388
    vertex 125.0000 13.0000 52.6603
    vertex 125.0000 0.0000 52.6603
  endloop
endfacet
facet normal -0.442289 0.000000 0.896873
  outer loop
    vertex 126.1732 0.0000 53.2388
    vertex 126.1732 13.0000 53.2388
    vertex 125.0000 13.0000 52.6603
  endloop
endfacet
facet normal 0.442289 0.000000 -0.896873
  outer loop
    vertex 129.5408 0.0000 45.1087
    vertex 129.4000 0.0000 45.0392
    vertex 129.4000 13.0000 45.0392
  endloop
endfacet
facet normal 0.442289 0.000000 -0.896873
  outer loop
    vertex 129.5408 0.0000 45.1087
    vertex 129.4000 13.0000 45.0392
    vertex 129.5408 13.0000 45.1087
  endloop
endfacet
facet normal 0.000000 -1.000000 0.000000
  outer loop
    vertex 129.4000 0.0000 45.0392
    vertex 125.0000 0.0000 52.6603
    vertex 123.9124 0.0000 51.9335
  endloop
endfacet
facet normal -0.000000 -1.000000 0.000000
  outer loop
    vertex 129.4000 0.0000 45.0392
    vertex 123.9124 0.0000 51.9335
    vertex 129.2695 0.0000 44.9520
  endloop
endfacet
facet normal 0.000000 1.000000 0.000000
  outer loop
    vertex 129.4000 13.0000 45.0392
    vertex 123.9124 13.0000 51.9335
    vertex 125.0000 13.0000 52.6603
  endloop
endfacet
facet normal 0.000000 1.000000 0.000000
  outer loop
    vertex 129.4000 13.0000 45.0392
    vertex 129.2695 13.0000 44.9520
    vertex 123.9124 13.0000 51.9335
  endloop
endfacet
facet normal -0.555570 0.000000 0.831470
  outer loop
    vertex 125.0000 0.0000 52.6603
    vertex 123.9124 13.0000 51.9335
    vertex 123.9124 0.0000 51.9335
  endloop
endfacet
facet normal -0.555570 0.000000 0.831470
  outer loop
    vertex 125.0000 0.0000 52.6603
    vertex 125.0000 13.0000 52.6603
    vertex 123.9124 13.0000 51.9335
  endloop
endfacet
facet normal 0.555570 0.000000 -0.831470
  outer loop
    vertex 129.4000 0.0000 45.0392
    vertex 129.2695 0.0000 44.9520
    vertex 129.2695 13.0000 44.9520
  endloop
endfacet
facet normal 0.555570 0.000000 -0.831470
  outer loop
    vertex 129.4000 0.0000 45.0392
    vertex 129.2695 13.0000 44.9520
    vertex 129.4000 13.0000 45.0392
  endloop
endfacet
facet normal 0.000000 -1.000000 0.000000
  outer loop
    vertex 129.2695 0.0000 44.9520
    vertex 123.9124 0.0000 51.9335
    vertex 122.9289 0.0000 51.0711
  endloop
endfacet
facet normal -0.000000 -1.000000 0.000000
  outer loop
    vertex 129.2695 0.0000 44.9520
    vertex 122.9289 0.0000 51.0711
    vertex 129.1515 0.0000 44.8485
  endloop
endfacet
facet normal 0.000000 1.000000 0.000000
  outer loop
    vertex 129.2695 13.0000 44.9520
    vertex 122.9289 13.0000 51.0711
    vertex 123.9124 13.0000 51.9335
  endloop
endfacet
facet normal 0.000000 1.000000 0.000000
  outer loop
    vertex 129.2695 13.0000 44.9520
    vertex 129.1515 13.0000 44.8485
    vertex 122.9289 13.0000 51.0711
  endloop
endfacet
facet normal -0.659346 0.000000 0.751840
  outer loop
    vertex 123.9124 0.0000 51.9335
    vertex 122.9289 13.0000 51.0711
    vertex 122.9289 0.0000 51.0711
  endloop
endfacet
facet normal -0.659346 0.000000 0.751840
  outer loop
    vertex 123.9124 0.0000 51.9335
    vertex 123.9124 13.0000 51.9335
    vertex 122.9289 13.0000 51.0711
  endloop
endfacet
facet normal 0.659346 0.000000 -0.751840
  outer loop
    vertex 129.2695 0.0000 44.9520
    vertex 129.1515 0.0000 44.8485
    vertex 129.1515 13.0000 44.8485
  endloop
endfacet
facet normal 0.659346 0.000000 -0.751840
  outer loop
    vertex 129.2695 0.0000 44.9520
    vertex 129.1515 13.0000 44.8485
    vertex 129.2695 13.0000 44.9520
  endloop
endfacet
facet normal 0.000000 -1.000000 0.000000
  outer loop
    vertex 129.1515 0.0000 44.8485
    vertex 122.9289 0.0000 51.0711
    vertex 122.0665 0.0000 50.0876
  endloop
endfacet
facet normal -0.000000 -1.000000 0.000000
  outer loop
    vertex 129.1515 0.0000 44.8485
    vertex 122.0665 0.0000 50.0876
    vertex 129.0480 0.0000 44.7305
  endloop
endfacet
facet normal 0.000000 1.000000 0.000000
  outer loop
    vertex 129.1515 13.0000 44.8485
    vertex 122.0665 13.0000 50.0876
    vertex 122.9289 13.0000 51.0711
  endloop
endfacet
facet normal 0.000000 1.000000 0.000000
  outer loop
    vertex 129.1515 13.0000 44.8485
    vertex 129.0480 13.0000 44.7305
    vertex 122.0665 13.0000 50.0876
  endloop
endfacet
facet normal -0.751840 0.000000 0.659346
  outer loop
    vertex 122.9289 0.0000 51.0711
    vertex 122.0665 13.0000 50.0876
    vertex 122.0665 0.0000 50.0876
  endloop
endfacet
facet normal -0.751840 0.000000 0.659346
  outer loop
    vertex 122.9289 0.0000 51.0711
    vertex 122.9289 13.0000 51.0711
    vertex 122.0665 13.0000 50.0876
  endloop
endfacet
facet normal 0.751840 0.000000 -0.659346
  outer loop
    vertex 129.1515 0.0000 44.8485
    vertex 129.0480 0.0000 44.7305
    vertex 129.0480 13.0000 44.7305
  endloop
endfacet
facet normal 0.751840 0.000000 -0.659346
  outer loop
    vertex 129.1515 0.0000 44.8485
    vertex 129.0480 13.0000 44.7305
    vertex 129.1515 13.0000 44.8485
  endloop
endfacet
facet normal 0.000000 -1.000000 0.000000
  outer loop
    vertex 129.0480 0.0000 44.7305
    vertex 122.0665 0.0000 50.0876
    vertex 121.3397 0.0000 49.0000
  endloop
endfacet
facet normal -0.000000 -1.000000 0.000000
  outer loop
    vertex 129.0480 0.0000 44.7305
    vertex 121.3397 0.0000 49.0000
    vertex 128.9608 0.0000 44.6000
  endloop
endfacet
facet normal 0.000000 1.000000 0.000000
  outer loop
    vertex 129.0480 13.0000 44.7305
    vertex 121.3397 13.0000 49.0000
    vertex 122.0665 13.0000 50.0876
  endloop
endfacet
facet normal 0.000000 1.000000 0.000000
  outer loop
    vertex 129.0480 13.0000 44.7305
    vertex 128.9608 13.0000 44.6000
    vertex 121.3397 13.0000 49.0000
  endloop
endfacet
facet normal -0.831470 0.000000 0.555570
  outer loop
    vertex 122.0665 0.0000 50.0876
    vertex 121.3397 13.0000 49.0000
    vertex 121.3397 0.0000 49.0000
  endloop
endfacet
facet normal -0.831470 0.000000 0.555570
  outer loop
    vertex 122.0665 0.0000 50.0876
    vertex 122.0665 13.0000 50.0876
    vertex 121.3397 13.0000 49.0000
  endloop
endfacet
facet normal 0.831470 0.000000 -0.555570
  outer loop
    vertex 129.0480 0.0000 44.7305
    vertex 128.9608 0.0000 44.6000
    vertex 128.9608 13.0000 44.6000
  endloop
endfacet
facet normal 0.831470 0.000000 -0.555570
  outer loop
    vertex 129.0480 0.0000 44.7305
    vertex 128.9608 13.0000 44.6000
    vertex 129.0480 13.0000 44.7305
  endloop
endfacet
facet normal 0.000000 -1.000000 0.000000
  outer loop
    vertex 128.9608 0.0000 44.6000
    vertex 121.3397 0.0000 49.0000
    vertex 120.7612 0.0000 47.8268
  endloop
endfacet
facet normal -0.000000 -1.000000 0.000000
  outer loop
    vertex 128.9608 0.0000 44.6000
    vertex 120.7612 0.0000 47.8268
    vertex 128.8913 0.0000 44.4592
  endloop
endfacet
facet normal 0.000000 1.000000 0.000000
  outer loop
    vertex 128.9608 13.0000 44.6000
    vertex 120.7612 13.0000 47.8268
    vertex 121.3397 13.0000 49.0000
  endloop
endfacet
facet normal 0.000000 1.000000 0.000000
  outer loop
    vertex 128.9608 13.0000 44.6000
    vertex 128.8913 13.0000 44.4592
    vertex 120.7612 13.0000 47.8268
  endloop
endfacet
facet normal -0.896873 0.000000 0.442289
  outer loop
    vertex 121.3397 0.0000 49.0000
    vertex 120.7612 13.0000 47.8268
    vertex 120.7612 0.0000 47.8268
  endloop
endfacet
facet normal -0.896873 0.000000 0.442289
  outer loop
    vertex 121.3397 0.0000 49.0000
    vertex 121.3397 13.0000 49.0000
    vertex 120.7612 13.0000 47.8268
  endloop
endfacet
facet normal 0.896873 0.000000 -0.442289
  outer loop
    vertex 128.9608 0.0000 44.6000
    vertex 128.8913 0.0000 44.4592
    vertex 128.8913 13.0000 44.4592
  endloop
endfacet
facet normal 0.896873 0.000000 -0.442289
  outer loop
    vertex 128.9608 0.0000 44.6000
    vertex 128.8913 13.0000 44.4592
    vertex 128.9608 13.0000 44.6000
  endloop
endfacet
facet normal 0.000000 -1.000000 0.000000
  outer loop
    vertex 128.8913 0.0000 44.4592
    vertex 120.7612 0.0000 47.8268
    vertex 120.3407 0.0000 46.5882
  endloop
endfacet
facet normal -0.000000 -1.000000 0.000000
  outer loop
    vertex 128.8913 0.0000 44.4592
    vertex 120.3407 0.0000 46.5882
    vertex 128.8409 0.0000 44.3106
  endloop
endfacet
facet normal 0.000000 1.000000 0.000000
  outer loop
    vertex 128.8913 13.0000 44.4592
    vertex 120.3407 13.0000 46.5882
    vertex 120.7612 13.0000 47.8268
  endloop
endfacet
facet normal 0.000000 1.000000 0.000000
  outer loop
    vertex 128.8913 13.0000 44.4592
    vertex 128.8409 13.0000 44.3106
    vertex 120.3407 13.0000 46.5882
  endloop
endfacet
facet normal -0.946930 0.000000 0.321439
  outer loop
    vertex 120.7612 0.0000 47.8268
    vertex 120.3407 13.0000 46.5882
    vertex 120.3407 0.0000 46.5882
  endloop
endfacet
facet normal -0.946930 0.000000 0.321439
  outer loop
    vertex 120.7612 0.0000 47.8268
    vertex 120.7612 13.0000 47.8268
    vertex 120.3407 13.0000 46.5882
  endloop
endfacet
facet normal 0.946930 0.000000 -0.321439
  outer loop
    vertex 128.8913 0.0000 44.4592
    vertex 128.8409 0.0000 44.3106
    vertex 128.8409 13.0000 44.3106
  endloop
endfacet
facet normal 0.946930 0.000000 -0.321439
  outer loop
    vertex 128.8913 0.0000 44.4592
    vertex 128.8409 13.0000 44.3106
    vertex 128.8913 13.0000 44.4592
  endloop
endfacet
facet normal 0.000000 -1.000000 0.000000
  outer loop
    vertex 128.8409 0.0000 44.3106
    vertex 120.3407 0.0000 46.5882
    vertex 120.0856 0.0000 45.3053
  endloop
endfacet
facet normal -0.000000 -1.000000 0.000000
  outer loop
    vertex 128.8409 0.0000 44.3106
    vertex 120.0856 0.0000 45.3053
    vertex 128.8103 0.0000 44.1566
  endloop
endfacet
facet normal 0.000000 1.000000 0.000000
  outer loop
    vertex 128.8409 13.0000 44.3106
    vertex 120.0856 13.0000 45.3053
    vertex 120.3407 13.0000 46.5882
  endloop
endfacet
facet normal 0.000000 1.000000 0.000000
  outer loop
    vertex 128.8409 13.0000 44.3106
    vertex 128.8103 13.0000 44.1566
    vertex 120.0856 13.0000 45.3053
  endloop
endfacet
facet normal -0.980785 0.000000 0.195090
  outer loop
    vertex 120.3407 0.0000 46.5882
    vertex 120.0856 13.0000 45.3053
    vertex 120.0856 0.0000 45.3053
  endloop
endfacet
facet normal -0.980785 0.000000 0.195090
  outer loop
    vertex 120.3407 0.0000 46.5882
    vertex 120.3407 13.0000 46.5882
    vertex 120.0856 13.0000 45.3053
  endloop
endfacet
facet normal 0.980785 0.000000 -0.195090
  outer loop
    vertex 128.8409 0.0000 44.3106
    vertex 128.8103 0.0000 44.1566
    vertex 128.8103 13.0000 44.1566
  endloop
endfacet
facet normal 0.980785 0.000000 -0.195090
  outer loop
    vertex 128.8409 0.0000 44.3106
    vertex 128.8103 13.0000 44.1566
    vertex 128.8409 13.0000 44.3106
  endloop
endfacet
facet normal -0.000000 -1.000000 0.000000
  outer loop
    vertex 128.8103 0.0000 44.1566
    vertex 120.0856 0.0000 45.3053
    vertex 120.0000 0.0000 44.0000
  endloop
endfacet
facet normal 0.000000 -1.000000 0.000000
  outer loop
    vertex 128.8103 0.0000 44.1566
    vertex 120.0000 0.0000 44.0000
    vertex 128.8000 0.0000 44.0000
  endloop
endfacet
facet normal 0.000000 1.000000 0.000000
  outer loop
    vertex 128.8103 13.0000 44.1566
    vertex 120.0000 13.0000 44.0000
    vertex 120.0856 13.0000 45.3053
  endloop
endfacet
facet normal 0.000000 1.000000 0.000000
  outer loop
    vertex 128.8103 13.0000 44.1566
    vertex 128.8000 13.0000 44.0000
    vertex 120.0000 13.0000 44.0000
  endloop
endfacet
facet normal -0.997859 0.000000 0.065403
  outer loop
    vertex 120.0856 0.0000 45.3053
    vertex 120.0000 13.0000 44.0000
    vertex 120.0000 0.0000 44.0000
  endloop
endfacet
facet normal -0.997859 0.000000 0.065403
  outer loop
    vertex 120.0856 0.0000 45.3053
    vertex 120.0856 13.0000 45.3053
    vertex 120.0000 13.0000 44.0000
  endloop
endfacet
facet normal 0.997859 0.000000 -0.065403
  outer loop
    vertex 128.8103 0.0000 44.1566
    vertex 128.8000 0.0000 44.0000
    vertex 128.8000 13.0000 44.0000
  endloop
endfacet
facet normal 0.997859 0.000000 -0.065403
  outer loop
    vertex 128.8103 0.0000 44.1566
    vertex 128.8000 13.0000 44.0000
    vertex 128.8103 13.0000 44.1566
  endloop
endfacet
facet normal -0.000000 -1.000000 0.000000
  outer loop
    vertex 128.8000 0.0000 44.0000
    vertex 120.0000 0.0000 44.0000
    vertex 120.0856 0.0000 42.6947
  endloop
endfacet
facet normal 0.000000 -1.000000 -0.000000
  outer loop
    vertex 128.8000 0.0000 44.0000
    vertex 120.0856 0.0000 42.6947
    vertex 128.8103 0.0000 43.8434
  endloop
endfacet
facet normal 0.000000 1.000000 0.000000
  outer loop
    vertex 128.8000 13.0000 44.0000
    vertex 120.0856 13.0000 42.6947
    vertex 120.0000 13.0000 44.0000
  endloop
endfacet
facet normal 0.000000 1.000000 0.000000
  outer loop
    vertex 128.8000 13.0000 44.0000
    vertex 128.8103 13.0000 43.8434
    vertex 120.0856 13.0000 42.6947
  endloop
endfacet
facet normal -0.997859 0.000000 -0.065403
  outer loop
    vertex 120.0000 0.0000 44.0000
    vertex 120.0856 13.0000 42.6947
    vertex 120.0856 0.0000 42.6947
  endloop
endfacet
facet normal -0.997859 0.000000 -0.065403
  outer loop
    vertex 120.0000 0.0000 44.0000
    vertex 120.0000 13.0000 44.0000
    vertex 120.0856 13.0000 42.6947
  endloop
endfacet
facet normal 0.997859 0.000000 0.065403
  outer loop
    vertex 128.8000 0.0000 44.0000
    vertex 128.8103 0.0000 43.8434
    vertex 128.8103 13.0000 43.8434
  endloop
endfacet
facet normal 0.997859 -0.000000 0.065403
  outer loop
    vertex 128.8000 0.0000 44.0000
    vertex 128.8103 13.0000 43.8434
    vertex 128.8000 13.0000 44.0000
  endloop
endfacet
facet normal 0.000000 -1.000000 0.000000
  outer loop
    vertex 128.8103 0.0000 43.8434
    vertex 120.0856 0.0000 42.6947
    vertex 120.3407 0.0000 41.4118
  endloop
endfacet
facet normal 0.000000 -1.000000 -0.000000
  outer loop
    vertex 128.8103 0.0000 43.8434
    vertex 120.3407 0.0000 41.4118
    vertex 128.8409 0.0000 43.6894
  endloop
endfacet
facet normal 0.000000 1.000000 0.000000
  outer loop
    vertex 128.8103 13.0000 43.8434
    vertex 120.3407 13.0000 41.4118
    vertex 120.0856 13.0000 42.6947
  endloop
endfacet
facet normal 0.000000 1.000000 0.000000
  outer loop
    vertex 128.8103 13.0000 43.8434
    vertex 128.8409 13.0000 43.6894
    vertex 120.3407 13.0000 41.4118
  endloop
endfacet
facet normal -0.980785 0.000000 -0.195090
  outer loop
    vertex 120.0856 0.0000 42.6947
    vertex 120.3407 13.0000 41.4118
    vertex 120.3407 0.0000 41.4118
  endloop
endfacet
facet normal -0.980785 0.000000 -0.195090
  outer loop
    vertex 120.0856 0.0000 42.6947
    vertex 120.0856 13.0000 42.6947
    vertex 120.3407 13.0000 41.4118
  endloop
endfacet
facet normal 0.980785 0.000000 0.195090
  outer loop
    vertex 128.8103 0.0000 43.8434
    vertex 128.8409 0.0000 43.6894
    vertex 128.8409 13.0000 43.6894
  endloop
endfacet
facet normal 0.980785 -0.000000 0.195090
  outer loop
    vertex 128.8103 0.0000 43.8434
    vertex 128.8409 13.0000 43.6894
    vertex 128.8103 13.0000 43.8434
  endloop
endfacet
facet normal 0.000000 -1.000000 0.000000
  outer loop
    vertex 128.8409 0.0000 43.6894
    vertex 120.3407 0.0000 41.4118
    vertex 120.7612 0.0000 40.1732
  endloop
endfacet
facet normal 0.000000 -1.000000 -0.000000
  outer loop
    vertex 128.8409 0.0000 43.6894
    vertex 120.7612 0.0000 40.1732
    vertex 128.8913 0.0000 43.5408
  endloop
endfacet
facet normal 0.000000 1.000000 0.000000
  outer loop
    vertex 128.8409 13.0000 43.6894
    vertex 120.7612 13.0000 40.1732
    vertex 120.3407 13.0000 41.4118
  endloop
endfacet
facet normal 0.000000 1.000000 0.000000
  outer loop
    vertex 128.8409 13.0000 43.6894
    vertex 128.8913 13.0000 43.5408
    vertex 120.7612 13.0000 40.1732
  endloop
endfacet
facet normal -0.946930 0.000000 -0.321439
  outer loop
    vertex 120.3407 0.0000 41.4118
    vertex 120.7612 13.0000 40.1732
    vertex 120.7612 0.0000 40.1732
  endloop
endfacet
facet normal -0.946930 0.000000 -0.321439
  outer loop
    vertex 120.3407 0.0000 41.4118
    vertex 120.3407 13.0000 41.4118
    vertex 120.7612 13.0000 40.1732
  endloop
endfacet
facet normal 0.946930 0.000000 0.321439
  outer loop
    vertex 128.8409 0.0000 43.6894
    vertex 128.8913 0.0000 43.5408
    vertex 128.8913 13.0000 43.5408
  endloop
endfacet
facet normal 0.946930 -0.000000 0.321439
  outer loop
    vertex 128.8409 0.0000 43.6894
    vertex 128.8913 13.0000 43.5408
    vertex 128.8409 13.0000 43.6894
  endloop
endfacet
facet normal 0.000000 -1.000000 0.000000
  outer loop
    vertex 128.8913 0.0000 43.5408
    vertex 120.7612 0.0000 40.1732
    vertex 121.3397 0.0000 39.0000
  endloop
endfacet
facet normal 0.000000 -1.000000 -0.000000
  outer loop
    vertex 128.8913 0.0000 43.5408
    vertex 121.3397 0.0000 39.0000
    vertex 128.9608 0.0000 43.4000
  endloop
endfacet
facet normal 0.000000 1.000000 0.000000
  outer loop
    vertex 128.8913 13.0000 43.5408
    vertex 121.3397 13.0000 39.0000
    vertex 120.7612 13.0000 40.1732
  endloop
endfacet
facet normal 0.000000 1.000000 0.000000
  outer loop
    vertex 128.8913 13.0000 43.5408
    vertex 128.9608 13.0000 43.4000
    vertex 121.3397 13.0000 39.0000
  endloop
endfacet
facet normal -0.896873 0.000000 -0.442289
  outer loop
    vertex 120.7612 0.0000 40.1732
    vertex 121.3397 13.0000 39.0000
    vertex 121.3397 0.0000 39.0000
  endloop
endfacet
facet normal -0.896873 0.000000 -0.442289
  outer loop
    vertex 120.7612 0.0000 40.1732
    vertex 120.7612 13.0000 40.1732
    vertex 121.3397 13.0000 39.0000
  endloop
endfacet
facet normal 0.896873 0.000000 0.442289
  outer loop
    vertex 128.8913 0.0000 43.5408
    vertex 128.9608 0.0000 43.4000
    vertex 128.9608 13.0000 43.4000
  endloop
endfacet
facet normal 0.896873 -0.000000 0.442289
  outer loop
    vertex 128.8913 0.0000 43.5408
    vertex 128.9608 13.0000 43.4000
    vertex 128.8913 13.0000 43.5408
  endloop
endfacet
facet normal 0.000000 -1.000000 0.000000
  outer loop
    vertex 128.9608 0.0000 43.4000
    vertex 121.3397 0.0000 39.0000
    vertex 122.0665 0.0000 37.9124
  endloop
endfacet
facet normal 0.000000 -1.000000 -0.000000
  outer loop
    vertex 128.9608 0.0000 43.4000
    vertex 122.0665 0.0000 37.9124
    vertex 129.0480 0.0000 43.2695
  endloop
endfacet
facet normal 0.000000 1.000000 0.000000
  outer loop
    vertex 128.9608 13.0000 43.4000
    vertex 122.0665 13.0000 37.9124
    vertex 121.3397 13.0000 39.0000
  endloop
endfacet
facet normal 0.000000 1.000000 0.000000
  outer loop
    vertex 128.9608 13.0000 43.4000
    vertex 129.0480 13.0000 43.2695
    vertex 122.0665 13.0000 37.9124
  endloop
endfacet
facet normal -0.831470 0.000000 -0.555570
  outer loop
    vertex 121.3397 0.0000 39.0000
    vertex 122.0665 13.0000 37.9124
    vertex 122.0665 0.0000 37.9124
  endloop
endfacet
facet normal -0.831470 0.000000 -0.555570
  outer loop
    vertex 121.3397 0.0000 39.0000
    vertex 121.3397 13.0000 39.0000
    vertex 122.0665 13.0000 37.9124
  endloop
endfacet
facet normal 0.831470 0.000000 0.555570
  outer loop
    vertex 128.9608 0.0000 43.4000
    vertex 129.0480 0.0000 43.2695
    vertex 129.0480 13.0000 43.2695
  endloop
endfacet
facet normal 0.831470 -0.000000 0.555570
  outer loop
    vertex 128.9608 0.0000 43.4000
    vertex 129.0480 13.0000 43.2695
    vertex 128.9608 13.0000 43.4000
  endloop
endfacet
facet normal 0.000000 -1.000000 0.000000
  outer loop
    vertex 129.0480 0.0000 43.2695
    vertex 122.0665 0.0000 37.9124
    vertex 122.9289 0.0000 36.9289
  endloop
endfacet
facet normal 0.000000 -1.000000 -0.000000
  outer loop
    vertex 129.0480 0.0000 43.2695
    vertex 122.9289 0.0000 36.9289
    vertex 129.1515 0.0000 43.1515
  endloop
endfacet
facet normal 0.000000 1.000000 0.000000
  outer loop
    vertex 129.0480 13.0000 43.2695
    vertex 122.9289 13.0000 36.9289
    vertex 122.0665 13.0000 37.9124
  endloop
endfacet
facet normal 0.000000 1.000000 0.000000
  outer loop
    vertex 129.0480 13.0000 43.2695
    vertex 129.1515 13.0000 43.1515
    vertex 122.9289 13.0000 36.9289
  endloop
endfacet
facet normal -0.751840 0.000000 -0.659346
  outer loop
    vertex 122.0665 0.0000 37.9124
    vertex 122.9289 13.0000 36.9289
    vertex 122.9289 0.0000 36.9289
  endloop
endfacet
facet normal -0.751840 0.000000 -0.659346
  outer loop
    vertex 122.0665 0.0000 37.9124
    vertex 122.0665 13.0000 37.9124
    vertex 122.9289 13.0000 36.9289
  endloop
endfacet
facet normal 0.751840 0.000000 0.659346
  outer loop
    vertex 129.0480 0.0000 43.2695
    vertex 129.1515 0.0000 43.1515
    vertex 129.1515 13.0000 43.1515
  endloop
endfacet
facet normal 0.751840 -0.000000 0.659346
  outer loop
    vertex 129.0480 0.0000 43.2695
    vertex 129.1515 13.0000 43.1515
    vertex 129.0480 13.0000 43.2695
  endloop
endfacet
facet normal 0.000000 -1.000000 0.000000
  outer loop
    vertex 129.1515 0.0000 43.1515
    vertex 122.9289 0.0000 36.9289
    vertex 123.9124 0.0000 36.0665
  endloop
endfacet
facet normal 0.000000 -1.000000 -0.000000
  outer loop
    vertex 129.1515 0.0000 43.1515
    vertex 123.9124 0.0000 36.0665
    vertex 129.2695 0.0000 43.0480
  endloop
endfacet
facet normal 0.000000 1.000000 0.000000
  outer loop
    vertex 129.1515 13.0000 43.1515
    vertex 123.9124 13.0000 36.0665
    vertex 122.9289 13.0000 36.9289
  endloop
endfacet
facet normal 0.000000 1.000000 0.000000
  outer loop
    vertex 129.1515 13.0000 43.1515
    vertex 129.2695 13.0000 43.0480
    vertex 123.9124 13.0000 36.0665
  endloop
endfacet
facet normal -0.659346 0.000000 -0.751840
  outer loop
    vertex 122.9289 0.0000 36.9289
    vertex 123.9124 13.0000 36.0665
    vertex 123.9124 0.0000 36.0665
  endloop
endfacet
facet normal -0.659346 0.000000 -0.751840
  outer loop
    vertex 122.9289 0.0000 36.9289
    vertex 122.9289 13.0000 36.9289
    vertex 123.9124 13.0000 36.0665
  endloop
endfacet
facet normal 0.659346 0.000000 0.751840
  outer loop
    vertex 129.1515 0.0000 43.1515
    vertex 129.2695 0.0000 43.0480
    vertex 129.2695 13.0000 43.0480
  endloop
endfacet
facet normal 0.659346 -0.000000 0.751840
  outer loop
    vertex 129.1515 0.0000 43.1515
    vertex 129.2695 13.0000 43.0480
    vertex 129.1515 13.0000 43.1515
  endloop
endfacet
facet normal 0.000000 -1.000000 0.000000
  outer loop
    vertex 129.2695 0.0000 43.0480
    vertex 123.9124 0.0000 36.0665
    vertex 125.0000 0.0000 35.3397
  endloop
endfacet
facet normal 0.000000 -1.000000 -0.000000
  outer loop
    vertex 129.2695 0.0000 43.0480
    vertex 125.0000 0.0000 35.3397
    vertex 129.4000 0.0000 42.9608
  endloop
endfacet
facet normal 0.000000 1.000000 0.000000
  outer loop
    vertex 129.2695 13.0000 43.0480
    vertex 125.0000 13.0000 35.3397
    vertex 123.9124 13.0000 36.0665
  endloop
endfacet
facet normal 0.000000 1.000000 0.000000
  outer loop
    vertex 129.2695 13.0000 43.0480
    vertex 129.4000 13.0000 42.9608
    vertex 125.0000 13.0000 35.3397
  endloop
endfacet
facet normal -0.555570 0.000000 -0.831470
  outer loop
    vertex 123.9124 0.0000 36.0665
    vertex 125.0000 13.0000 35.3397
    vertex 125.0000 0.0000 35.3397
  endloop
endfacet
facet normal -0.555570 0.000000 -0.831470
  outer loop
    vertex 123.9124 0.0000 36.0665
    vertex 123.9124 13.0000 36.0665
    vertex 125.0000 13.0000 35.3397
  endloop
endfacet
facet normal 0.555570 0.000000 0.831470
  outer loop
    vertex 129.2695 0.0000 43.0480
    vertex 129.4000 0.0000 42.9608
    vertex 129.4000 13.0000 42.9608
  endloop
endfacet
facet normal 0.555570 -0.000000 0.831470
  outer loop
    vertex 129.2695 0.0000 43.0480
    vertex 129.4000 13.0000 42.9608
    vertex 129.2695 13.0000 43.0480
  endloop
endfacet
facet normal 0.000000 -1.000000 0.000000
  outer loop
    vertex 129.4000 0.0000 42.9608
    vertex 125.0000 0.0000 35.3397
    vertex 126.1732 0.0000 34.7612
  endloop
endfacet
facet normal 0.000000 -1.000000 -0.000000
  outer loop
    vertex 129.4000 0.0000 42.9608
    vertex 126.1732 0.0000 34.7612
    vertex 129.5408 0.0000 42.8913
  endloop
endfacet
facet normal 0.000000 1.000000 0.000000
  outer loop
    vertex 129.4000 13.0000 42.9608
    vertex 126.1732 13.0000 34.7612
    vertex 125.0000 13.0000 35.3397
  endloop
endfacet
facet normal 0.000000 1.000000 0.000000
  outer loop
    vertex 129.4000 13.0000 42.9608
    vertex 129.5408 13.0000 42.8913
    vertex 126.1732 13.0000 34.7612
  endloop
endfacet
facet normal -0.442289 0.000000 -0.896873
  outer loop
    vertex 125.0000 0.0000 35.3397
    vertex 126.1732 13.0000 34.7612
    vertex 126.1732 0.0000 34.7612
  endloop
endfacet
facet normal -0.442289 0.000000 -0.896873
  outer loop
    vertex 125.0000 0.0000 35.3397
    vertex 125.0000 13.0000 35.3397
    vertex 126.1732 13.0000 34.7612
  endloop
endfacet
facet normal 0.442289 0.000000 0.896873
  outer loop
    vertex 129.4000 0.0000 42.9608
    vertex 129.5408 0.0000 42.8913
    vertex 129.5408 13.0000 42.8913
  endloop
endfacet
facet normal 0.442289 -0.000000 0.896873
  outer loop
    vertex 129.4000 0.0000 42.9608
    vertex 129.5408 13.0000 42.8913
    vertex 129.4000 13.0000 42.9608
  endloop
endfacet
facet normal 0.000000 -1.000000 0.000000
  outer loop
    vertex 129.5408 0.0000 42.8913
    vertex 126.1732 0.0000 34.7612
    vertex 127.4118 0.0000 34.3407
  endloop
endfacet
facet normal 0.000000 -1.000000 -0.000000
  outer loop
    vertex 129.5408 0.0000 42.8913
    vertex 127.4118 0.0000 34.3407
    vertex 129.6894 0.0000 42.8409
  endloop
endfacet
facet normal 0.000000 1.000000 0.000000
  outer loop
    vertex 129.5408 13.0000 42.8913
    vertex 127.4118 13.0000 34.3407
    vertex 126.1732 13.0000 34.7612
  endloop
endfacet
facet normal 0.000000 1.000000 0.000000
  outer loop
    vertex 129.5408 13.0000 42.8913
    vertex 129.6894 13.0000 42.8409
    vertex 127.4118 13.0000 34.3407
  endloop
endfacet
facet normal -0.321439 0.000000 -0.946930
  outer loop
    vertex 126.1732 0.0000 34.7612
    vertex 127.4118 13.0000 34.3407
    vertex 127.4118 0.0000 34.3407
  endloop
endfacet
facet normal -0.321439 0.000000 -0.946930
  outer loop
    vertex 126.1732 0.0000 34.7612
    vertex 126.1732 13.0000 34.7612
    vertex 127.4118 13.0000 34.3407
  endloop
endfacet
facet normal 0.321439 0.000000 0.946930
  outer loop
    vertex 129.5408 0.0000 42.8913
    vertex 129.6894 0.0000 42.8409
    vertex 129.6894 13.0000 42.8409
  endloop
endfacet
facet normal 0.321439 -0.000000 0.946930
  outer loop
    vertex 129.5408 0.0000 42.8913
    vertex 129.6894 13.0000 42.8409
    vertex 129.5408 13.0000 42.8913
  endloop
endfacet
facet normal 0.000000 -1.000000 0.000000
  outer loop
    vertex 129.6894 0.0000 42.8409
    vertex 127.4118 0.0000 34.3407
    vertex 128.6947 0.0000 34.0856
  endloop
endfacet
facet normal 0.000000 -1.000000 -0.000000
  outer loop
    vertex 129.6894 0.0000 42.8409
    vertex 128.6947 0.0000 34.0856
    vertex 129.8434 0.0000 42.8103
  endloop
endfacet
facet normal 0.000000 1.000000 0.000000
  outer loop
    vertex 129.6894 13.0000 42.8409
    vertex 128.6947 13.0000 34.0856
    vertex 127.4118 13.0000 34.3407
  endloop
endfacet
facet normal 0.000000 1.000000 0.000000
  outer loop
    vertex 129.6894 13.0000 42.8409
    vertex 129.8434 13.0000 42.8103
    vertex 128.6947 13.0000 34.0856
  endloop
endfacet
facet normal -0.195090 0.000000 -0.980785
  outer loop
    vertex 127.4118 0.0000 34.3407
    vertex 128.6947 13.0000 34.0856
    vertex 128.6947 0.0000 34.0856
  endloop
endfacet
facet normal -0.195090 0.000000 -0.980785
  outer loop
    vertex 127.4118 0.0000 34.3407
    vertex 127.4118 13.0000 34.3407
    vertex 128.6947 13.0000 34.0856
  endloop
endfacet
facet normal 0.195090 0.000000 0.980785
  outer loop
    vertex 129.6894 0.0000 42.8409
    vertex 129.8434 0.0000 42.8103
    vertex 129.8434 13.0000 42.8103
  endloop
endfacet
facet normal 0.195090 -0.000000 0.980785
  outer loop
    vertex 129.6894 0.0000 42.8409
    vertex 129.8434 13.0000 42.8103
    vertex 129.6894 13.0000 42.8409
  endloop
endfacet
facet normal 0.000000 -1.000000 -0.000000
  outer loop
    vertex 129.8434 0.0000 42.8103
    vertex 128.6947 0.0000 34.0856
    vertex 130.0000 0.0000 34.0000
  endloop
endfacet
facet normal 0.000000 -1.000000 0.000000
  outer loop
    vertex 129.8434 0.0000 42.8103
    vertex 130.0000 0.0000 34.0000
    vertex 130.0000 0.0000 42.8000
  endloop
endfacet
facet normal 0.000000 1.000000 0.000000
  outer loop
    vertex 129.8434 13.0000 42.8103
    vertex 130.0000 13.0000 34.0000
    vertex 128.6947 13.0000 34.0856
  endloop
endfacet
facet normal 0.000000 1.000000 0.000000
  outer loop
    vertex 129.8434 13.0000 42.8103
    vertex 130.0000 13.0000 42.8000
    vertex 130.0000 13.0000 34.0000
  endloop
endfacet
facet normal -0.065403 0.000000 -0.997859
  outer loop
    vertex 128.6947 0.0000 34.0856
    vertex 130.0000 13.0000 34.0000
    vertex 130.0000 0.0000 34.0000
  endloop
endfacet
facet normal -0.065403 0.000000 -0.997859
  outer loop
    vertex 128.6947 0.0000 34.0856
    vertex 128.6947 13.0000 34.0856
    vertex 130.0000 13.0000 34.0000
  endloop
endfacet
facet normal 0.065403 0.000000 0.997859
  outer loop
    vertex 129.8434 0.0000 42.8103
    vertex 130.0000 0.0000 42.8000
    vertex 130.0000 13.0000 42.8000
  endloop
endfacet
facet normal 0.065403 -0.000000 0.997859
  outer loop
    vertex 129.8434 0.0000 42.8103
    vertex 130.0000 13.0000 42.8000
    vertex 129.8434 13.0000 42.8103
  endloop
endfacet
facet normal 0.000000 -1.000000 0.000000
  outer loop
    vertex 130.0000 0.0000 42.8000
    vertex 130.0000 0.0000 34.0000
    vertex 131.3053 0.0000 34.0856
  endloop
endfacet
facet normal 0.000000 -1.000000 0.000000
  outer loop
    vertex 130.0000 0.0000 42.8000
    vertex 131.3053 0.0000 34.0856
    vertex 130.1566 0.0000 42.8103
  endloop
endfacet
facet normal 0.000000 1.000000 0.000000
  outer loop
    vertex 130.0000 13.0000 42.8000
    vertex 131.3053 13.0000 34.0856
    vertex 130.0000 13.0000 34.0000
  endloop
endfacet
facet normal -0.000000 1.000000 0.000000
  outer loop
    vertex 130.0000 13.0000 42.8000
    vertex 130.1566 13.0000 42.8103
    vertex 131.3053 13.0000 34.0856
  endloop
endfacet
facet normal 0.065403 0.000000 -0.997859
  outer loop
    vertex 130.0000 0.0000 34.0000
    vertex 131.3053 13.0000 34.0856
    vertex 131.3053 0.0000 34.0856
  endloop
endfacet
facet normal 0.065403 0.000000 -0.997859
  outer loop
    vertex 130.0000 0.0000 34.0000
    vertex 130.0000 13.0000 34.0000
    vertex 131.3053 13.0000 34.0856
  endloop
endfacet
facet normal -0.065403 0.000000 0.997859
  outer loop
    vertex 130.0000 0.0000 42.8000
    vertex 130.1566 0.0000 42.8103
    vertex 130.1566 13.0000 42.8103
  endloop
endfacet
facet normal -0.065403 0.000000 0.997859
  outer loop
    vertex 130.0000 0.0000 42.8000
    vertex 130.1566 13.0000 42.8103
    vertex 130.0000 13.0000 42.8000
  endloop
endfacet
facet normal 0.000000 -1.000000 0.000000
  outer loop
    vertex 130.1566 0.0000 42.8103
    vertex 131.3053 0.0000 34.0856
    vertex 132.5882 0.0000 34.3407
  endloop
endfacet
facet normal 0.000000 -1.000000 0.000000
  outer loop
    vertex 130.1566 0.0000 42.8103
    vertex 132.5882 0.0000 34.3407
    vertex 130.3106 0.0000 42.8409
  endloop
endfacet
facet normal 0.000000 1.000000 0.000000
  outer loop
    vertex 130.1566 13.0000 42.8103
    vertex 132.5882 13.0000 34.3407
    vertex 131.3053 13.0000 34.0856
  endloop
endfacet
facet normal -0.000000 1.000000 0.000000
  outer loop
    vertex 130.1566 13.0000 42.8103
    vertex 130.3106 13.0000 42.8409
    vertex 132.5882 13.0000 34.3407
  endloop
endfacet
facet normal 0.195090 0.000000 -0.980785
  outer loop
    vertex 131.3053 0.0000 34.0856
    vertex 132.5882 13.0000 34.3407
    vertex 132.5882 0.0000 34.3407
  endloop
endfacet
facet normal 0.195090 0.000000 -0.980785
  outer loop
    vertex 131.3053 0.0000 34.0856
    vertex 131.3053 13.0000 34.0856
    vertex 132.5882 13.0000 34.3407
  endloop
endfacet
facet normal -0.195090 0.000000 0.980785
  outer loop
    vertex 130.1566 0.0000 42.8103
    vertex 130.3106 0.0000 42.8409
    vertex 130.3106 13.0000 42.8409
  endloop
endfacet
facet normal -0.195090 0.000000 0.980785
  outer loop
    vertex 130.1566 0.0000 42.8103
    vertex 130.3106 13.0000 42.8409
    vertex 130.1566 13.0000 42.8103
  endloop
endfacet
facet normal 0.000000 -1.000000 0.000000
  outer loop
    vertex 130.3106 0.0000 42.8409
    vertex 132.5882 0.0000 34.3407
    vertex 133.8268 0.0000 34.7612
  endloop
endfacet
facet normal 0.000000 -1.000000 0.000000
  outer loop
    vertex 130.3106 0.0000 42.8409
    vertex 133.8268 0.0000 34.7612
    vertex 130.4592 0.0000 42.8913
  endloop
endfacet
facet normal 0.000000 1.000000 0.000000
  outer loop
    vertex 130.3106 13.0000 42.8409
    vertex 133.8268 13.0000 34.7612
    vertex 132.5882 13.0000 34.3407
  endloop
endfacet
facet normal -0.000000 1.000000 0.000000
  outer loop
    vertex 130.3106 13.0000 42.8409
    vertex 130.4592 13.0000 42.8913
    vertex 133.8268 13.0000 34.7612
  endloop
endfacet
facet normal 0.321439 0.000000 -0.946930
  outer loop
    vertex 132.5882 0.0000 34.3407
    vertex 133.8268 13.0000 34.7612
    vertex 133.8268 0.0000 34.7612
  endloop
endfacet
facet normal 0.321439 0.000000 -0.946930
  outer loop
    vertex 132.5882 0.0000 34.3407
    vertex 132.5882 13.0000 34.3407
    vertex 133.8268 13.0000 34.7612
  endloop
endfacet
facet normal -0.321439 0.000000 0.946930
  outer loop
    vertex 130.3106 0.0000 42.8409
    vertex 130.4592 0.0000 42.8913
    vertex 130.4592 13.0000 42.8913
  endloop
endfacet
facet normal -0.321439 0.000000 0.946930
  outer loop
    vertex 130.3106 0.0000 42.8409
    vertex 130.4592 13.0000 42.8913
    vertex 130.3106 13.0000 42.8409
  endloop
endfacet
facet normal 0.000000 -1.000000 0.000000
  outer loop
    vertex 130.4592 0.0000 42.8913
    vertex 133.8268 0.0000 34.7612
    vertex 135.0000 0.0000 35.3397
  endloop
endfacet
facet normal 0.000000 -1.000000 0.000000
  outer loop
    vertex 130.4592 0.0000 42.8913
    vertex 135.0000 0.0000 35.3397
    vertex 130.6000 0.0000 42.9608
  endloop
endfacet
facet normal 0.000000 1.000000 0.000000
  outer loop
    vertex 130.4592 13.0000 42.8913
    vertex 135.0000 13.0000 35.3397
    vertex 133.8268 13.0000 34.7612
  endloop
endfacet
facet normal -0.000000 1.000000 0.000000
  outer loop
    vertex 130.4592 13.0000 42.8913
    vertex 130.6000 13.0000 42.9608
    vertex 135.0000 13.0000 35.3397
  endloop
endfacet
facet normal 0.442289 0.000000 -0.896873
  outer loop
    vertex 133.8268 0.0000 34.7612
    vertex 135.0000 13.0000 35.3397
    vertex 135.0000 0.0000 35.3397
  endloop
endfacet
facet normal 0.442289 0.000000 -0.896873
  outer loop
    vertex 133.8268 0.0000 34.7612
    vertex 133.8268 13.0000 34.7612
    vertex 135.0000 13.0000 35.3397
  endloop
endfacet
facet normal -0.442289 0.000000 0.896873
  outer loop
    vertex 130.4592 0.0000 42.8913
    vertex 130.6000 0.0000 42.9608
    vertex 130.6000 13.0000 42.9608
  endloop
endfacet
facet normal -0.442289 0.000000 0.896873
  outer loop
    vertex 130.4592 0.0000 42.8913
    vertex 130.6000 13.0000 42.9608
    vertex 130.4592 13.0000 42.8913
  endloop
endfacet
facet normal 0.000000 -1.000000 0.000000
  outer loop
    vertex 130.6000 0.0000 42.9608
    vertex 135.0000 0.0000 35.3397
    vertex 136.0876 0.0000 36.0665
  endloop
endfacet
facet normal 0.000000 -1.000000 0.000000
  outer loop
    vertex 130.6000 0.0000 42.9608
    vertex 136.0876 0.0000 36.0665
    vertex 130.7305 0.0000 43.0480
  endloop
endfacet
facet normal 0.000000 1.000000 0.000000
  outer loop
    vertex 130.6000 13.0000 42.9608
    vertex 136.0876 13.0000 36.0665
    vertex 135.0000 13.0000 35.3397
  endloop
endfacet
facet normal -0.000000 1.000000 0.000000
  outer loop
    vertex 130.6000 13.0000 42.9608
    vertex 130.7305 13.0000 43.0480
    vertex 136.0876 13.0000 36.0665
  endloop
endfacet
facet normal 0.555570 0.000000 -0.831470
  outer loop
    vertex 135.0000 0.0000 35.3397
    vertex 136.0876 13.0000 36.0665
    vertex 136.0876 0.0000 36.0665
  endloop
endfacet
facet normal 0.555570 0.000000 -0.831470
  outer loop
    vertex 135.0000 0.0000 35.3397
    vertex 135.0000 13.0000 35.3397
    vertex 136.0876 13.0000 36.0665
  endloop
endfacet
facet normal -0.555570 0.000000 0.831470
  outer loop
    vertex 130.6000 0.0000 42.9608
    vertex 130.7305 0.0000 43.0480
    vertex 130.7305 13.0000 43.0480
  endloop
endfacet
facet normal -0.555570 0.000000 0.831470
  outer loop
    vertex 130.6000 0.0000 42.9608
    vertex 130.7305 13.0000 43.0480
    vertex 130.6000 13.0000 42.9608
  endloop
endfacet
facet normal 0.000000 -1.000000 0.000000
  outer loop
    vertex 130.7305 0.0000 43.0480
    vertex 136.0876 0.0000 36.0665
    vertex 137.0711 0.0000 36.9289
  endloop
endfacet
facet normal 0.000000 -1.000000 0.000000
  outer loop
    vertex 130.7305 0.0000 43.0480
    vertex 137.0711 0.0000 36.9289
    vertex 130.8485 0.0000 43.1515
  endloop
endfacet
facet normal 0.000000 1.000000 0.000000
  outer loop
    vertex 130.7305 13.0000 43.0480
    vertex 137.0711 13.0000 36.9289
    vertex 136.0876 13.0000 36.0665
  endloop
endfacet
facet normal -0.000000 1.000000 0.000000
  outer loop
    vertex 130.7305 13.0000 43.0480
    vertex 130.8485 13.0000 43.1515
    vertex 137.0711 13.0000 36.9289
  endloop
endfacet
facet normal 0.659346 0.000000 -0.751840
  outer loop
    vertex 136.0876 0.0000 36.0665
    vertex 137.0711 13.0000 36.9289
    vertex 137.0711 0.0000 36.9289
  endloop
endfacet
facet normal 0.659346 0.000000 -0.751840
  outer loop
    vertex 136.0876 0.0000 36.0665
    vertex 136.0876 13.0000 36.0665
    vertex 137.0711 13.0000 36.9289
  endloop
endfacet
facet normal -0.659346 0.000000 0.751840
  outer loop
    vertex 130.7305 0.0000 43.0480
    vertex 130.8485 0.0000 43.1515
    vertex 130.8485 13.0000 43.1515
  endloop
endfacet
facet normal -0.659346 0.000000 0.751840
  outer loop
    vertex 130.7305 0.0000 43.0480
    vertex 130.8485 13.0000 43.1515
    vertex 130.7305 13.0000 43.0480
  endloop
endfacet
facet normal 0.000000 -1.000000 0.000000
  outer loop
    vertex 130.8485 0.0000 43.1515
    vertex 137.0711 0.0000 36.9289
    vertex 137.9335 0.0000 37.9124
  endloop
endfacet
facet normal 0.000000 -1.000000 0.000000
  outer loop
    vertex 130.8485 0.0000 43.1515
    vertex 137.9335 0.0000 37.9124
    vertex 130.9520 0.0000 43.2695
  endloop
endfacet
facet normal 0.000000 1.000000 0.000000
  outer loop
    vertex 130.8485 13.0000 43.1515
    vertex 137.9335 13.0000 37.9124
    vertex 137.0711 13.0000 36.9289
  endloop
endfacet
facet normal -0.000000 1.000000 0.000000
  outer loop
    vertex 130.8485 13.0000 43.1515
    vertex 130.9520 13.0000 43.2695
    vertex 137.9335 13.0000 37.9124
  endloop
endfacet
facet normal 0.751840 0.000000 -0.659346
  outer loop
    vertex 137.0711 0.0000 36.9289
    vertex 137.9335 13.0000 37.9124
    vertex 137.9335 0.0000 37.9124
  endloop
endfacet
facet normal 0.751840 0.000000 -0.659346
  outer loop
    vertex 137.0711 0.0000 36.9289
    vertex 137.0711 13.0000 36.9289
    vertex 137.9335 13.0000 37.9124
  endloop
endfacet
facet normal -0.751840 0.000000 0.659346
  outer loop
    vertex 130.8485 0.0000 43.1515
    vertex 130.9520 0.0000 43.2695
    vertex 130.9520 13.0000 43.2695
  endloop
endfacet
facet normal -0.751840 0.000000 0.659346
  outer loop
    vertex 130.8485 0.0000 43.1515
    vertex 130.9520 13.0000 43.2695
    vertex 130.8485 13.0000 43.1515
  endloop
endfacet
facet normal 0.000000 -1.000000 0.000000
  outer loop
    vertex 130.9520 0.0000 43.2695
    vertex 137.9335 0.0000 37.9124
    vertex 138.6603 0.0000 39.0000
  endloop
endfacet
facet normal 0.000000 -1.000000 0.000000
  outer loop
    vertex 130.9520 0.0000 43.2695
    vertex 138.6603 0.0000 39.0000
    vertex 131.0392 0.0000 43.4000
  endloop
endfacet
facet normal 0.000000 1.000000 0.000000
  outer loop
    vertex 130.9520 13.0000 43.2695
    vertex 138.6603 13.0000 39.0000
    vertex 137.9335 13.0000 37.9124
  endloop
endfacet
facet normal -0.000000 1.000000 0.000000
  outer loop
    vertex 130.9520 13.0000 43.2695
    vertex 131.0392 13.0000 43.4000
    vertex 138.6603 13.0000 39.0000
  endloop
endfacet
facet normal 0.831470 0.000000 -0.555570
  outer loop
    vertex 137.9335 0.0000 37.9124
    vertex 138.6603 13.0000 39.0000
    vertex 138.6603 0.0000 39.0000
  endloop
endfacet
facet normal 0.831470 0.000000 -0.555570
  outer loop
    vertex 137.9335 0.0000 37.9124
    vertex 137.9335 13.0000 37.9124
    vertex 138.6603 13.0000 39.0000
  endloop
endfacet
facet normal -0.831470 0.000000 0.555570
  outer loop
    vertex 130.9520 0.0000 43.2695
    vertex 131.0392 0.0000 43.4000
    vertex 131.0392 13.0000 43.4000
  endloop
endfacet
facet normal -0.831470 0.000000 0.555570
  outer loop
    vertex 130.9520 0.0000 43.2695
    vertex 131.0392 13.0000 43.4000
    vertex 130.9520 13.0000 43.2695
  endloop
endfacet
facet normal 0.000000 -1.000000 0.000000
  outer loop
    vertex 131.0392 0.0000 43.4000
    vertex 138.6603 0.0000 39.0000
    vertex 139.2388 0.0000 40.1732
  endloop
endfacet
facet normal 0.000000 -1.000000 0.000000
  outer loop
    vertex 131.0392 0.0000 43.4000
    vertex 139.2388 0.0000 40.1732
    vertex 131.1087 0.0000 43.5408
  endloop
endfacet
facet normal 0.000000 1.000000 0.000000
  outer loop
    vertex 131.0392 13.0000 43.4000
    vertex 139.2388 13.0000 40.1732
    vertex 138.6603 13.0000 39.0000
  endloop
endfacet
facet normal -0.000000 1.000000 0.000000
  outer loop
    vertex 131.0392 13.0000 43.4000
    vertex 131.1087 13.0000 43.5408
    vertex 139.2388 13.0000 40.1732
  endloop
endfacet
facet normal 0.896873 0.000000 -0.442289
  outer loop
    vertex 138.6603 0.0000 39.0000
    vertex 139.2388 13.0000 40.1732
    vertex 139.2388 0.0000 40.1732
  endloop
endfacet
facet normal 0.896873 0.000000 -0.442289
  outer loop
    vertex 138.6603 0.0000 39.0000
    vertex 138.6603 13.0000 39.0000
    vertex 139.2388 13.0000 40.1732
  endloop
endfacet
facet normal -0.896873 0.000000 0.442289
  outer loop
    vertex 131.0392 0.0000 43.4000
    vertex 131.1087 0.0000 43.5408
    vertex 131.1087 13.0000 43.5408
  endloop
endfacet
facet normal -0.896873 0.000000 0.442289
  outer loop
    vertex 131.0392 0.0000 43.4000
    vertex 131.1087 13.0000 43.5408
    vertex 131.0392 13.0000 43.4000
  endloop
endfacet
facet normal 0.000000 -1.000000 0.000000
  outer loop
    vertex 131.1087 0.0000 43.5408
    vertex 139.2388 0.0000 40.1732
    vertex 139.6593 0.0000 41.4118
  endloop
endfacet
facet normal 0.000000 -1.000000 0.000000
  outer loop
    vertex 131.1087 0.0000 43.5408
    vertex 139.6593 0.0000 41.4118
    vertex 131.1591 0.0000 43.6894
  endloop
endfacet
facet normal 0.000000 1.000000 0.000000
  outer loop
    vertex 131.1087 13.0000 43.5408
    vertex 139.6593 13.0000 41.4118
    vertex 139.2388 13.0000 40.1732
  endloop
endfacet
facet normal -0.000000 1.000000 0.000000
  outer loop
    vertex 131.1087 13.0000 43.5408
    vertex 131.1591 13.0000 43.6894
    vertex 139.6593 13.0000 41.4118
  endloop
endfacet
facet normal 0.946930 0.000000 -0.321439
  outer loop
    vertex 139.2388 0.0000 40.1732
    vertex 139.6593 13.0000 41.4118
    vertex 139.6593 0.0000 41.4118
  endloop
endfacet
facet normal 0.946930 0.000000 -0.321439
  outer loop
    vertex 139.2388 0.0000 40.1732
    vertex 139.2388 13.0000 40.1732
    vertex 139.6593 13.0000 41.4118
  endloop
endfacet
facet normal -0.946930 0.000000 0.321439
  outer loop
    vertex 131.1087 0.0000 43.5408
    vertex 131.1591 0.0000 43.6894
    vertex 131.1591 13.0000 43.6894
  endloop
endfacet
facet normal -0.946930 0.000000 0.321439
  outer loop
    vertex 131.1087 0.0000 43.5408
    vertex 131.1591 13.0000 43.6894
    vertex 131.1087 13.0000 43.5408
  endloop
endfacet
facet normal 0.000000 -1.000000 0.000000
  outer loop
    vertex 131.1591 0.0000 43.6894
    vertex 139.6593 0.0000 41.4118
    vertex 139.9144 0.0000 42.6947
  endloop
endfacet
facet normal 0.000000 -1.000000 0.000000
  outer loop
    vertex 131.1591 0.0000 43.6894
    vertex 139.9144 0.0000 42.6947
    vertex 131.1897 0.0000 43.8434
  endloop
endfacet
facet normal 0.000000 1.000000 0.000000
  outer loop
    vertex 131.1591 13.0000 43.6894
    vertex 139.9144 13.0000 42.6947
    vertex 139.6593 13.0000 41.4118
  endloop
endfacet
facet normal -0.000000 1.000000 0.000000
  outer loop
    vertex 131.1591 13.0000 43.6894
    vertex 131.1897 13.0000 43.8434
    vertex 139.9144 13.0000 42.6947
  endloop
endfacet
facet normal 0.980785 0.000000 -0.195090
  outer loop
    vertex 139.6593 0.0000 41.4118
    vertex 139.9144 13.0000 42.6947
    vertex 139.9144 0.0000 42.6947
  endloop
endfacet
facet normal 0.980785 0.000000 -0.195090
  outer loop
    vertex 139.6593 0.0000 41.4118
    vertex 139.6593 13.0000 41.4118
    vertex 139.9144 13.0000 42.6947
  endloop
endfacet
facet normal -0.980785 0.000000 0.195090
  outer loop
    vertex 131.1591 0.0000 43.6894
    vertex 131.1897 0.0000 43.8434
    vertex 131.1897 13.0000 43.8434
  endloop
endfacet
facet normal -0.980785 0.000000 0.195090
  outer loop
    vertex 131.1591 0.0000 43.6894
    vertex 131.1897 13.0000 43.8434
    vertex 131.1591 13.0000 43.6894
  endloop
endfacet
facet normal 0.000000 -1.000000 0.000000
  outer loop
    vertex 131.1897 0.0000 43.8434
    vertex 139.9144 0.0000 42.6947
    vertex 140.0000 0.0000 44.0000
  endloop
endfacet
facet normal 0.000000 -1.000000 0.000000
  outer loop
    vertex 131.1897 0.0000 43.8434
    vertex 140.0000 0.0000 44.0000
    vertex 131.2000 0.0000 44.0000
  endloop
endfacet
facet normal -0.000000 1.000000 0.000000
  outer loop
    vertex 131.1897 13.0000 43.8434
    vertex 140.0000 13.0000 44.0000
    vertex 139.9144 13.0000 42.6947
  endloop
endfacet
facet normal 0.000000 1.000000 0.000000
  outer loop
    vertex 131.1897 13.0000 43.8434
    vertex 131.2000 13.0000 44.0000
    vertex 140.0000 13.0000 44.0000
  endloop
endfacet
facet normal 0.997859 0.000000 -0.065403
  outer loop
    vertex 139.9144 0.0000 42.6947
    vertex 140.0000 13.0000 44.0000
    vertex 140.0000 0.0000 44.0000
  endloop
endfacet
facet normal 0.997859 0.000000 -0.065403
  outer loop
    vertex 139.9144 0.0000 42.6947
    vertex 139.9144 13.0000 42.6947
    vertex 140.0000 13.0000 44.0000
  endloop
endfacet
facet normal -0.997859 0.000000 0.065403
  outer loop
    vertex 131.1897 0.0000 43.8434
    vertex 131.2000 0.0000 44.0000
    vertex 131.2000 13.0000 44.0000
  endloop
endfacet
facet normal -0.997859 0.000000 0.065403
  outer loop
    vertex 131.1897 0.0000 43.8434
    vertex 131.2000 13.0000 44.0000
    vertex 131.1897 13.0000 43.8434
  endloop
endfacet
facet normal 0.000000 -1.000000 0.000000
  outer loop
    vertex 155.2500 0.0000 44.0000
    vertex 164.0000 0.0000 44.0000
    vertex 163.9144 0.0000 45.3053
  endloop
endfacet
facet normal 0.000000 -1.000000 0.000000
  outer loop
    vertex 155.2500 0.0000 44.0000
    vertex 163.9144 0.0000 45.3053
    vertex 155.2393 0.0000 44.1632
  endloop
endfacet
facet normal 0.000000 1.000000 0.000000
  outer loop
    vertex 155.2500 14.0000 44.0000
    vertex 163.9144 14.0000 45.3053
    vertex 164.0000 14.0000 44.0000
  endloop
endfacet
facet normal 0.000000 1.000000 -0.000000
  outer loop
    vertex 155.2500 14.0000 44.0000
    vertex 155.2393 14.0000 44.1632
    vertex 163.9144 14.0000 45.3053
  endloop
endfacet
facet normal 0.997859 0.000000 0.065403
  outer loop
    vertex 164.0000 0.0000 44.0000
    vertex 163.9144 14.0000 45.3053
    vertex 163.9144 0.0000 45.3053
  endloop
endfacet
facet normal 0.997859 -0.000000 0.065403
  outer loop
    vertex 164.0000 0.0000 44.0000
    vertex 164.0000 14.0000 44.0000
    vertex 163.9144 14.0000 45.3053
  endloop
endfacet
facet normal -0.997859 0.000000 -0.065403
  outer loop
    vertex 155.2500 0.0000 44.0000
    vertex 155.2393 0.0000 44.1632
    vertex 155.2393 14.0000 44.1632
  endloop
endfacet
facet normal -0.997859 0.000000 -0.065403
  outer loop
    vertex 155.2500 0.0000 44.0000
    vertex 155.2393 14.0000 44.1632
    vertex 155.2500 14.0000 44.0000
  endloop
endfacet
facet normal 0.000000 -1.000000 0.000000
  outer loop
    vertex 155.2393 0.0000 44.1632
    vertex 163.9144 0.0000 45.3053
    vertex 163.6593 0.0000 46.5882
  endloop
endfacet
facet normal 0.000000 -1.000000 0.000000
  outer loop
    vertex 155.2393 0.0000 44.1632
    vertex 163.6593 0.0000 46.5882
    vertex 155.2074 0.0000 44.3235
  endloop
endfacet
facet normal 0.000000 1.000000 0.000000
  outer loop
    vertex 155.2393 14.0000 44.1632
    vertex 163.6593 14.0000 46.5882
    vertex 163.9144 14.0000 45.3053
  endloop
endfacet
facet normal 0.000000 1.000000 -0.000000
  outer loop
    vertex 155.2393 14.0000 44.1632
    vertex 155.2074 14.0000 44.3235
    vertex 163.6593 14.0000 46.5882
  endloop
endfacet
facet normal 0.980785 0.000000 0.195090
  outer loop
    vertex 163.9144 0.0000 45.3053
    vertex 163.6593 14.0000 46.5882
    vertex 163.6593 0.0000 46.5882
  endloop
endfacet
facet normal 0.980785 -0.000000 0.195090
  outer loop
    vertex 163.9144 0.0000 45.3053
    vertex 163.9144 14.0000 45.3053
    vertex 163.6593 14.0000 46.5882
  endloop
endfacet
facet normal -0.980785 0.000000 -0.195090
  outer loop
    vertex 155.2393 0.0000 44.1632
    vertex 155.2074 0.0000 44.3235
    vertex 155.2074 14.0000 44.3235
  endloop
endfacet
facet normal -0.980785 0.000000 -0.195090
  outer loop
    vertex 155.2393 0.0000 44.1632
    vertex 155.2074 14.0000 44.3235
    vertex 155.2393 14.0000 44.1632
  endloop
endfacet
facet normal 0.000000 -1.000000 0.000000
  outer loop
    vertex 155.2074 0.0000 44.3235
    vertex 163.6593 0.0000 46.5882
    vertex 163.2388 0.0000 47.8268
  endloop
endfacet
facet normal 0.000000 -1.000000 0.000000
  outer loop
    vertex 155.2074 0.0000 44.3235
    vertex 163.2388 0.0000 47.8268
    vertex 155.1548 0.0000 44.4784
  endloop
endfacet
facet normal 0.000000 1.000000 0.000000
  outer loop
    vertex 155.2074 14.0000 44.3235
    vertex 163.2388 14.0000 47.8268
    vertex 163.6593 14.0000 46.5882
  endloop
endfacet
facet normal 0.000000 1.000000 -0.000000
  outer loop
    vertex 155.2074 14.0000 44.3235
    vertex 155.1548 14.0000 44.4784
    vertex 163.2388 14.0000 47.8268
  endloop
endfacet
facet normal 0.946930 0.000000 0.321439
  outer loop
    vertex 163.6593 0.0000 46.5882
    vertex 163.2388 14.0000 47.8268
    vertex 163.2388 0.0000 47.8268
  endloop
endfacet
facet normal 0.946930 -0.000000 0.321439
  outer loop
    vertex 163.6593 0.0000 46.5882
    vertex 163.6593 14.0000 46.5882
    vertex 163.2388 14.0000 47.8268
  endloop
endfacet
facet normal -0.946930 0.000000 -0.321439
  outer loop
    vertex 155.2074 0.0000 44.3235
    vertex 155.1548 0.0000 44.4784
    vertex 155.1548 14.0000 44.4784
  endloop
endfacet
facet normal -0.946930 0.000000 -0.321439
  outer loop
    vertex 155.2074 0.0000 44.3235
    vertex 155.1548 14.0000 44.4784
    vertex 155.2074 14.0000 44.3235
  endloop
endfacet
facet normal 0.000000 -1.000000 0.000000
  outer loop
    vertex 155.1548 0.0000 44.4784
    vertex 163.2388 0.0000 47.8268
    vertex 162.6603 0.0000 49.0000
  endloop
endfacet
facet normal 0.000000 -1.000000 0.000000
  outer loop
    vertex 155.1548 0.0000 44.4784
    vertex 162.6603 0.0000 49.0000
    vertex 155.0825 0.0000 44.6250
  endloop
endfacet
facet normal 0.000000 1.000000 0.000000
  outer loop
    vertex 155.1548 14.0000 44.4784
    vertex 162.6603 14.0000 49.0000
    vertex 163.2388 14.0000 47.8268
  endloop
endfacet
facet normal 0.000000 1.000000 -0.000000
  outer loop
    vertex 155.1548 14.0000 44.4784
    vertex 155.0825 14.0000 44.6250
    vertex 162.6603 14.0000 49.0000
  endloop
endfacet
facet normal 0.896873 0.000000 0.442289
  outer loop
    vertex 163.2388 0.0000 47.8268
    vertex 162.6603 14.0000 49.0000
    vertex 162.6603 0.0000 49.0000
  endloop
endfacet
facet normal 0.896873 -0.000000 0.442289
  outer loop
    vertex 163.2388 0.0000 47.8268
    vertex 163.2388 14.0000 47.8268
    vertex 162.6603 14.0000 49.0000
  endloop
endfacet
facet normal -0.896873 0.000000 -0.442289
  outer loop
    vertex 155.1548 0.0000 44.4784
    vertex 155.0825 0.0000 44.6250
    vertex 155.0825 14.0000 44.6250
  endloop
endfacet
facet normal -0.896873 0.000000 -0.442289
  outer loop
    vertex 155.1548 0.0000 44.4784
    vertex 155.0825 14.0000 44.6250
    vertex 155.1548 14.0000 44.4784
  endloop
endfacet
facet normal 0.000000 -1.000000 0.000000
  outer loop
    vertex 155.0825 0.0000 44.6250
    vertex 162.6603 0.0000 49.0000
    vertex 161.9335 0.0000 50.0876
  endloop
endfacet
facet normal 0.000000 -1.000000 0.000000
  outer loop
    vertex 155.0825 0.0000 44.6250
    vertex 161.9335 0.0000 50.0876
    vertex 154.9917 0.0000 44.7610
  endloop
endfacet
facet normal 0.000000 1.000000 0.000000
  outer loop
    vertex 155.0825 14.0000 44.6250
    vertex 161.9335 14.0000 50.0876
    vertex 162.6603 14.0000 49.0000
  endloop
endfacet
facet normal 0.000000 1.000000 -0.000000
  outer loop
    vertex 155.0825 14.0000 44.6250
    vertex 154.9917 14.0000 44.7610
    vertex 161.9335 14.0000 50.0876
  endloop
endfacet
facet normal 0.831470 0.000000 0.555570
  outer loop
    vertex 162.6603 0.0000 49.0000
    vertex 161.9335 14.0000 50.0876
    vertex 161.9335 0.0000 50.0876
  endloop
endfacet
facet normal 0.831470 -0.000000 0.555570
  outer loop
    vertex 162.6603 0.0000 49.0000
    vertex 162.6603 14.0000 49.0000
    vertex 161.9335 14.0000 50.0876
  endloop
endfacet
facet normal -0.831470 0.000000 -0.555570
  outer loop
    vertex 155.0825 0.0000 44.6250
    vertex 154.9917 0.0000 44.7610
    vertex 154.9917 14.0000 44.7610
  endloop
endfacet
facet normal -0.831470 0.000000 -0.555570
  outer loop
    vertex 155.0825 0.0000 44.6250
    vertex 154.9917 14.0000 44.7610
    vertex 155.0825 14.0000 44.6250
  endloop
endfacet
facet normal 0.000000 -1.000000 0.000000
  outer loop
    vertex 154.9917 0.0000 44.7610
    vertex 161.9335 0.0000 50.0876
    vertex 161.0711 0.0000 51.0711
  endloop
endfacet
facet normal 0.000000 -1.000000 0.000000
  outer loop
    vertex 154.9917 0.0000 44.7610
    vertex 161.0711 0.0000 51.0711
    vertex 154.8839 0.0000 44.8839
  endloop
endfacet
facet normal 0.000000 1.000000 0.000000
  outer loop
    vertex 154.9917 14.0000 44.7610
    vertex 161.0711 14.0000 51.0711
    vertex 161.9335 14.0000 50.0876
  endloop
endfacet
facet normal 0.000000 1.000000 -0.000000
  outer loop
    vertex 154.9917 14.0000 44.7610
    vertex 154.8839 14.0000 44.8839
    vertex 161.0711 14.0000 51.0711
  endloop
endfacet
facet normal 0.751840 0.000000 0.659346
  outer loop
    vertex 161.9335 0.0000 50.0876
    vertex 161.0711 14.0000 51.0711
    vertex 161.0711 0.0000 51.0711
  endloop
endfacet
facet normal 0.751840 -0.000000 0.659346
  outer loop
    vertex 161.9335 0.0000 50.0876
    vertex 161.9335 14.0000 50.0876
    vertex 161.0711 14.0000 51.0711
  endloop
endfacet
facet normal -0.751840 0.000000 -0.659346
  outer loop
    vertex 154.9917 0.0000 44.7610
    vertex 154.8839 0.0000 44.8839
    vertex 154.8839 14.0000 44.8839
  endloop
endfacet
facet normal -0.751840 0.000000 -0.659346
  outer loop
    vertex 154.9917 0.0000 44.7610
    vertex 154.8839 14.0000 44.8839
    vertex 154.9917 14.0000 44.7610
  endloop
endfacet
facet normal 0.000000 -1.000000 0.000000
  outer loop
    vertex 154.8839 0.0000 44.8839
    vertex 161.0711 0.0000 51.0711
    vertex 160.0876 0.0000 51.9335
  endloop
endfacet
facet normal 0.000000 -1.000000 0.000000
  outer loop
    vertex 154.8839 0.0000 44.8839
    vertex 160.0876 0.0000 51.9335
    vertex 154.7610 0.0000 44.9917
  endloop
endfacet
facet normal 0.000000 1.000000 0.000000
  outer loop
    vertex 154.8839 14.0000 44.8839
    vertex 160.0876 14.0000 51.9335
    vertex 161.0711 14.0000 51.0711
  endloop
endfacet
facet normal 0.000000 1.000000 -0.000000
  outer loop
    vertex 154.8839 14.0000 44.8839
    vertex 154.7610 14.0000 44.9917
    vertex 160.0876 14.0000 51.9335
  endloop
endfacet
facet normal 0.659346 0.000000 0.751840
  outer loop
    vertex 161.0711 0.0000 51.0711
    vertex 160.0876 14.0000 51.9335
    vertex 160.0876 0.0000 51.9335
  endloop
endfacet
facet normal 0.659346 -0.000000 0.751840
  outer loop
    vertex 161.0711 0.0000 51.0711
    vertex 161.0711 14.0000 51.0711
    vertex 160.0876 14.0000 51.9335
  endloop
endfacet
facet normal -0.659346 0.000000 -0.751840
  outer loop
    vertex 154.8839 0.0000 44.8839
    vertex 154.7610 0.0000 44.9917
    vertex 154.7610 14.0000 44.9917
  endloop
endfacet
facet normal -0.659346 0.000000 -0.751840
  outer loop
    vertex 154.8839 0.0000 44.8839
    vertex 154.7610 14.0000 44.9917
    vertex 154.8839 14.0000 44.8839
  endloop
endfacet
facet normal 0.000000 -1.000000 0.000000
  outer loop
    vertex 154.7610 0.0000 44.9917
    vertex 160.0876 0.0000 51.9335
    vertex 159.0000 0.0000 52.6603
  endloop
endfacet
facet normal 0.000000 -1.000000 0.000000
  outer loop
    vertex 154.7610 0.0000 44.9917
    vertex 159.0000 0.0000 52.6603
    vertex 154.6250 0.0000 45.0825
  endloop
endfacet
facet normal 0.000000 1.000000 0.000000
  outer loop
    vertex 154.7610 14.0000 44.9917
    vertex 159.0000 14.0000 52.6603
    vertex 160.0876 14.0000 51.9335
  endloop
endfacet
facet normal 0.000000 1.000000 -0.000000
  outer loop
    vertex 154.7610 14.0000 44.9917
    vertex 154.6250 14.0000 45.0825
    vertex 159.0000 14.0000 52.6603
  endloop
endfacet
facet normal 0.555570 0.000000 0.831470
  outer loop
    vertex 160.0876 0.0000 51.9335
    vertex 159.0000 14.0000 52.6603
    vertex 159.0000 0.0000 52.6603
  endloop
endfacet
facet normal 0.555570 -0.000000 0.831470
  outer loop
    vertex 160.0876 0.0000 51.9335
    vertex 160.0876 14.0000 51.9335
    vertex 159.0000 14.0000 52.6603
  endloop
endfacet
facet normal -0.555570 0.000000 -0.831470
  outer loop
    vertex 154.7610 0.0000 44.9917
    vertex 154.6250 0.0000 45.0825
    vertex 154.6250 14.0000 45.0825
  endloop
endfacet
facet normal -0.555570 0.000000 -0.831470
  outer loop
    vertex 154.7610 0.0000 44.9917
    vertex 154.6250 14.0000 45.0825
    vertex 154.7610 14.0000 44.9917
  endloop
endfacet
facet normal 0.000000 -1.000000 0.000000
  outer loop
    vertex 154.6250 0.0000 45.0825
    vertex 159.0000 0.0000 52.6603
    vertex 157.8268 0.0000 53.2388
  endloop
endfacet
facet normal 0.000000 -1.000000 0.000000
  outer loop
    vertex 154.6250 0.0000 45.0825
    vertex 157.8268 0.0000 53.2388
    vertex 154.4784 0.0000 45.1548
  endloop
endfacet
facet normal 0.000000 1.000000 0.000000
  outer loop
    vertex 154.6250 14.0000 45.0825
    vertex 157.8268 14.0000 53.2388
    vertex 159.0000 14.0000 52.6603
  endloop
endfacet
facet normal 0.000000 1.000000 -0.000000
  outer loop
    vertex 154.6250 14.0000 45.0825
    vertex 154.4784 14.0000 45.1548
    vertex 157.8268 14.0000 53.2388
  endloop
endfacet
facet normal 0.442289 0.000000 0.896873
  outer loop
    vertex 159.0000 0.0000 52.6603
    vertex 157.8268 14.0000 53.2388
    vertex 157.8268 0.0000 53.2388
  endloop
endfacet
facet normal 0.442289 -0.000000 0.896873
  outer loop
    vertex 159.0000 0.0000 52.6603
    vertex 159.0000 14.0000 52.6603
    vertex 157.8268 14.0000 53.2388
  endloop
endfacet
facet normal -0.442289 0.000000 -0.896873
  outer loop
    vertex 154.6250 0.0000 45.0825
    vertex 154.4784 0.0000 45.1548
    vertex 154.4784 14.0000 45.1548
  endloop
endfacet
facet normal -0.442289 0.000000 -0.896873
  outer loop
    vertex 154.6250 0.0000 45.0825
    vertex 154.4784 14.0000 45.1548
    vertex 154.6250 14.0000 45.0825
  endloop
endfacet
facet normal 0.000000 -1.000000 0.000000
  outer loop
    vertex 154.4784 0.0000 45.1548
    vertex 157.8268 0.0000 53.2388
    vertex 156.5882 0.0000 53.6593
  endloop
endfacet
facet normal 0.000000 -1.000000 0.000000
  outer loop
    vertex 154.4784 0.0000 45.1548
    vertex 156.5882 0.0000 53.6593
    vertex 154.3235 0.0000 45.2074
  endloop
endfacet
facet normal 0.000000 1.000000 0.000000
  outer loop
    vertex 154.4784 14.0000 45.1548
    vertex 156.5882 14.0000 53.6593
    vertex 157.8268 14.0000 53.2388
  endloop
endfacet
facet normal 0.000000 1.000000 -0.000000
  outer loop
    vertex 154.4784 14.0000 45.1548
    vertex 154.3235 14.0000 45.2074
    vertex 156.5882 14.0000 53.6593
  endloop
endfacet
facet normal 0.321439 0.000000 0.946930
  outer loop
    vertex 157.8268 0.0000 53.2388
    vertex 156.5882 14.0000 53.6593
    vertex 156.5882 0.0000 53.6593
  endloop
endfacet
facet normal 0.321439 -0.000000 0.946930
  outer loop
    vertex 157.8268 0.0000 53.2388
    vertex 157.8268 14.0000 53.2388
    vertex 156.5882 14.0000 53.6593
  endloop
endfacet
facet normal -0.321439 0.000000 -0.946930
  outer loop
    vertex 154.4784 0.0000 45.1548
    vertex 154.3235 0.0000 45.2074
    vertex 154.3235 14.0000 45.2074
  endloop
endfacet
facet normal -0.321439 0.000000 -0.946930
  outer loop
    vertex 154.4784 0.0000 45.1548
    vertex 154.3235 14.0000 45.2074
    vertex 154.4784 14.0000 45.1548
  endloop
endfacet
facet normal 0.000000 -1.000000 0.000000
  outer loop
    vertex 154.3235 0.0000 45.2074
    vertex 156.5882 0.0000 53.6593
    vertex 155.3053 0.0000 53.9144
  endloop
endfacet
facet normal 0.000000 -1.000000 0.000000
  outer loop
    vertex 154.3235 0.0000 45.2074
    vertex 155.3053 0.0000 53.9144
    vertex 154.1632 0.0000 45.2393
  endloop
endfacet
facet normal 0.000000 1.000000 0.000000
  outer loop
    vertex 154.3235 14.0000 45.2074
    vertex 155.3053 14.0000 53.9144
    vertex 156.5882 14.0000 53.6593
  endloop
endfacet
facet normal 0.000000 1.000000 -0.000000
  outer loop
    vertex 154.3235 14.0000 45.2074
    vertex 154.1632 14.0000 45.2393
    vertex 155.3053 14.0000 53.9144
  endloop
endfacet
facet normal 0.195090 0.000000 0.980785
  outer loop
    vertex 156.5882 0.0000 53.6593
    vertex 155.3053 14.0000 53.9144
    vertex 155.3053 0.0000 53.9144
  endloop
endfacet
facet normal 0.195090 -0.000000 0.980785
  outer loop
    vertex 156.5882 0.0000 53.6593
    vertex 156.5882 14.0000 53.6593
    vertex 155.3053 14.0000 53.9144
  endloop
endfacet
facet normal -0.195090 0.000000 -0.980785
  outer loop
    vertex 154.3235 0.0000 45.2074
    vertex 154.1632 0.0000 45.2393
    vertex 154.1632 14.0000 45.2393
  endloop
endfacet
facet normal -0.195090 0.000000 -0.980785
  outer loop
    vertex 154.3235 0.0000 45.2074
    vertex 154.1632 14.0000 45.2393
    vertex 154.3235 14.0000 45.2074
  endloop
endfacet
facet normal 0.000000 -1.000000 0.000000
  outer loop
    vertex 154.1632 0.0000 45.2393
    vertex 155.3053 0.0000 53.9144
    vertex 154.0000 0.0000 54.0000
  endloop
endfacet
facet normal 0.000000 -1.000000 0.000000
  outer loop
    vertex 154.1632 0.0000 45.2393
    vertex 154.0000 0.0000 54.0000
    vertex 154.0000 0.0000 45.2500
  endloop
endfacet
facet normal 0.000000 1.000000 -0.000000
  outer loop
    vertex 154.1632 14.0000 45.2393
    vertex 154.0000 14.0000 54.0000
    vertex 155.3053 14.0000 53.9144
  endloop
endfacet
facet normal 0.000000 1.000000 0.000000
  outer loop
    vertex 154.1632 14.0000 45.2393
    vertex 154.0000 14.0000 45.2500
    vertex 154.0000 14.0000 54.0000
  endloop
endfacet
facet normal 0.065403 0.000000 0.997859
  outer loop
    vertex 155.3053 0.0000 53.9144
    vertex 154.0000 14.0000 54.0000
    vertex 154.0000 0.0000 54.0000
  endloop
endfacet
facet normal 0.065403 -0.000000 0.997859
  outer loop
    vertex 155.3053 0.0000 53.9144
    vertex 155.3053 14.0000 53.9144
    vertex 154.0000 14.0000 54.0000
  endloop
endfacet
facet normal -0.065403 0.000000 -0.997859
  outer loop
    vertex 154.1632 0.0000 45.2393
    vertex 154.0000 0.0000 45.2500
    vertex 154.0000 14.0000 45.2500
  endloop
endfacet
facet normal -0.065403 0.000000 -0.997859
  outer loop
    vertex 154.1632 0.0000 45.2393
    vertex 154.0000 14.0000 45.2500
    vertex 154.1632 14.0000 45.2393
  endloop
endfacet
facet normal 0.000000 -1.000000 0.000000
  outer loop
    vertex 154.0000 0.0000 45.2500
    vertex 154.0000 0.0000 54.0000
    vertex 152.6947 0.0000 53.9144
  endloop
endfacet
facet normal -0.000000 -1.000000 0.000000
  outer loop
    vertex 154.0000 0.0000 45.2500
    vertex 152.6947 0.0000 53.9144
    vertex 153.8368 0.0000 45.2393
  endloop
endfacet
facet normal 0.000000 1.000000 -0.000000
  outer loop
    vertex 154.0000 14.0000 45.2500
    vertex 152.6947 14.0000 53.9144
    vertex 154.0000 14.0000 54.0000
  endloop
endfacet
facet normal 0.000000 1.000000 0.000000
  outer loop
    vertex 154.0000 14.0000 45.2500
    vertex 153.8368 14.0000 45.2393
    vertex 152.6947 14.0000 53.9144
  endloop
endfacet
facet normal -0.065403 0.000000 0.997859
  outer loop
    vertex 154.0000 0.0000 54.0000
    vertex 152.6947 14.0000 53.9144
    vertex 152.6947 0.0000 53.9144
  endloop
endfacet
facet normal -0.065403 0.000000 0.997859
  outer loop
    vertex 154.0000 0.0000 54.0000
    vertex 154.0000 14.0000 54.0000
    vertex 152.6947 14.0000 53.9144
  endloop
endfacet
facet normal 0.065403 0.000000 -0.997859
  outer loop
    vertex 154.0000 0.0000 45.2500
    vertex 153.8368 0.0000 45.2393
    vertex 153.8368 14.0000 45.2393
  endloop
endfacet
facet normal 0.065403 0.000000 -0.997859
  outer loop
    vertex 154.0000 0.0000 45.2500
    vertex 153.8368 14.0000 45.2393
    vertex 154.0000 14.0000 45.2500
  endloop
endfacet
facet normal 0.000000 -1.000000 0.000000
  outer loop
    vertex 153.8368 0.0000 45.2393
    vertex 152.6947 0.0000 53.9144
    vertex 151.4118 0.0000 53.6593
  endloop
endfacet
facet normal -0.000000 -1.000000 0.000000
  outer loop
    vertex 153.8368 0.0000 45.2393
    vertex 151.4118 0.0000 53.6593
    vertex 153.6765 0.0000 45.2074
  endloop
endfacet
facet normal 0.000000 1.000000 0.000000
  outer loop
    vertex 153.8368 14.0000 45.2393
    vertex 151.4118 14.0000 53.6593
    vertex 152.6947 14.0000 53.9144
  endloop
endfacet
facet normal 0.000000 1.000000 0.000000
  outer loop
    vertex 153.8368 14.0000 45.2393
    vertex 153.6765 14.0000 45.2074
    vertex 151.4118 14.0000 53.6593
  endloop
endfacet
facet normal -0.195090 0.000000 0.980785
  outer loop
    vertex 152.6947 0.0000 53.9144
    vertex 151.4118 14.0000 53.6593
    vertex 151.4118 0.0000 53.6593
  endloop
endfacet
facet normal -0.195090 0.000000 0.980785
  outer loop
    vertex 152.6947 0.0000 53.9144
    vertex 152.6947 14.0000 53.9144
    vertex 151.4118 14.0000 53.6593
  endloop
endfacet
facet normal 0.195090 0.000000 -0.980785
  outer loop
    vertex 153.8368 0.0000 45.2393
    vertex 153.6765 0.0000 45.2074
    vertex 153.6765 14.0000 45.2074
  endloop
endfacet
facet normal 0.195090 0.000000 -0.980785
  outer loop
    vertex 153.8368 0.0000 45.2393
    vertex 153.6765 14.0000 45.2074
    vertex 153.8368 14.0000 45.2393
  endloop
endfacet
facet normal 0.000000 -1.000000 0.000000
  outer loop
    vertex 153.6765 0.0000 45.2074
    vertex 151.4118 0.0000 53.6593
    vertex 150.1732 0.0000 53.2388
  endloop
endfacet
facet normal -0.000000 -1.000000 0.000000
  outer loop
    vertex 153.6765 0.0000 45.2074
    vertex 150.1732 0.0000 53.2388
    vertex 153.5216 0.0000 45.1548
  endloop
endfacet
facet normal 0.000000 1.000000 0.000000
  outer loop
    vertex 153.6765 14.0000 45.2074
    vertex 150.1732 14.0000 53.2388
    vertex 151.4118 14.0000 53.6593
  endloop
endfacet
facet normal 0.000000 1.000000 0.000000
  outer loop
    vertex 153.6765 14.0000 45.2074
    vertex 153.5216 14.0000 45.1548
    vertex 150.1732 14.0000 53.2388
  endloop
endfacet
facet normal -0.321439 0.000000 0.946930
  outer loop
    vertex 151.4118 0.0000 53.6593
    vertex 150.1732 14.0000 53.2388
    vertex 150.1732 0.0000 53.2388
  endloop
endfacet
facet normal -0.321439 0.000000 0.946930
  outer loop
    vertex 151.4118 0.0000 53.6593
    vertex 151.4118 14.0000 53.6593
    vertex 150.1732 14.0000 53.2388
  endloop
endfacet
facet normal 0.321439 0.000000 -0.946930
  outer loop
    vertex 153.6765 0.0000 45.2074
    vertex 153.5216 0.0000 45.1548
    vertex 153.5216 14.0000 45.1548
  endloop
endfacet
facet normal 0.321439 0.000000 -0.946930
  outer loop
    vertex 153.6765 0.0000 45.2074
    vertex 153.5216 14.0000 45.1548
    vertex 153.6765 14.0000 45.2074
  endloop
endfacet
facet normal 0.000000 -1.000000 0.000000
  outer loop
    vertex 153.5216 0.0000 45.1548
    vertex 150.1732 0.0000 53.2388
    vertex 149.0000 0.0000 52.6603
  endloop
endfacet
facet normal -0.000000 -1.000000 0.000000
  outer loop
    vertex 153.5216 0.0000 45.1548
    vertex 149.0000 0.0000 52.6603
    vertex 153.3750 0.0000 45.0825
  endloop
endfacet
facet normal 0.000000 1.000000 0.000000
  outer loop
    vertex 153.5216 14.0000 45.1548
    vertex 149.0000 14.0000 52.6603
    vertex 150.1732 14.0000 53.2388
  endloop
endfacet
facet normal 0.000000 1.000000 0.000000
  outer loop
    vertex 153.5216 14.0000 45.1548
    vertex 153.3750 14.0000 45.0825
    vertex 149.0000 14.0000 52.6603
  endloop
endfacet
facet normal -0.442289 0.000000 0.896873
  outer loop
    vertex 150.1732 0.0000 53.2388
    vertex 149.0000 14.0000 52.6603
    vertex 149.0000 0.0000 52.6603
  endloop
endfacet
facet normal -0.442289 0.000000 0.896873
  outer loop
    vertex 150.1732 0.0000 53.2388
    vertex 150.1732 14.0000 53.2388
    vertex 149.0000 14.0000 52.6603
  endloop
endfacet
facet normal 0.442289 0.000000 -0.896873
  outer loop
    vertex 153.5216 0.0000 45.1548
    vertex 153.3750 0.0000 45.0825
    vertex 153.3750 14.0000 45.0825
  endloop
endfacet
facet normal 0.442289 0.000000 -0.896873
  outer loop
    vertex 153.5216 0.0000 45.1548
    vertex 153.3750 14.0000 45.0825
    vertex 153.5216 14.0000 45.1548
  endloop
endfacet
facet normal 0.000000 -1.000000 0.000000
  outer loop
    vertex 153.3750 0.0000 45.0825
    vertex 149.0000 0.0000 52.6603
    vertex 147.9124 0.0000 51.9335
  endloop
endfacet
facet normal -0.000000 -1.000000 0.000000
  outer loop
    vertex 153.3750 0.0000 45.0825
    vertex 147.9124 0.0000 51.9335
    vertex 153.2390 0.0000 44.9917
  endloop
endfacet
facet normal 0.000000 1.000000 0.000000
  outer loop
    vertex 153.3750 14.0000 45.0825
    vertex 147.9124 14.0000 51.9335
    vertex 149.0000 14.0000 52.6603
  endloop
endfacet
facet normal 0.000000 1.000000 0.000000
  outer loop
    vertex 153.3750 14.0000 45.0825
    vertex 153.2390 14.0000 44.9917
    vertex 147.9124 14.0000 51.9335
  endloop
endfacet
facet normal -0.555570 0.000000 0.831470
  outer loop
    vertex 149.0000 0.0000 52.6603
    vertex 147.9124 14.0000 51.9335
    vertex 147.9124 0.0000 51.9335
  endloop
endfacet
facet normal -0.555570 0.000000 0.831470
  outer loop
    vertex 149.0000 0.0000 52.6603
    vertex 149.0000 14.0000 52.6603
    vertex 147.9124 14.0000 51.9335
  endloop
endfacet
facet normal 0.555570 0.000000 -0.831470
  outer loop
    vertex 153.3750 0.0000 45.0825
    vertex 153.2390 0.0000 44.9917
    vertex 153.2390 14.0000 44.9917
  endloop
endfacet
facet normal 0.555570 0.000000 -0.831470
  outer loop
    vertex 153.3750 0.0000 45.0825
    vertex 153.2390 14.0000 44.9917
    vertex 153.3750 14.0000 45.0825
  endloop
endfacet
facet normal 0.000000 -1.000000 0.000000
  outer loop
    vertex 153.2390 0.0000 44.9917
    vertex 147.9124 0.0000 51.9335
    vertex 146.9289 0.0000 51.0711
  endloop
endfacet
facet normal -0.000000 -1.000000 0.000000
  outer loop
    vertex 153.2390 0.0000 44.9917
    vertex 146.9289 0.0000 51.0711
    vertex 153.1161 0.0000 44.8839
  endloop
endfacet
facet normal 0.000000 1.000000 0.000000
  outer loop
    vertex 153.2390 14.0000 44.9917
    vertex 146.9289 14.0000 51.0711
    vertex 147.9124 14.0000 51.9335
  endloop
endfacet
facet normal 0.000000 1.000000 0.000000
  outer loop
    vertex 153.2390 14.0000 44.9917
    vertex 153.1161 14.0000 44.8839
    vertex 146.9289 14.0000 51.0711
  endloop
endfacet
facet normal -0.659346 0.000000 0.751840
  outer loop
    vertex 147.9124 0.0000 51.9335
    vertex 146.9289 14.0000 51.0711
    vertex 146.9289 0.0000 51.0711
  endloop
endfacet
facet normal -0.659346 0.000000 0.751840
  outer loop
    vertex 147.9124 0.0000 51.9335
    vertex 147.9124 14.0000 51.9335
    vertex 146.9289 14.0000 51.0711
  endloop
endfacet
facet normal 0.659346 0.000000 -0.751840
  outer loop
    vertex 153.2390 0.0000 44.9917
    vertex 153.1161 0.0000 44.8839
    vertex 153.1161 14.0000 44.8839
  endloop
endfacet
facet normal 0.659346 0.000000 -0.751840
  outer loop
    vertex 153.2390 0.0000 44.9917
    vertex 153.1161 14.0000 44.8839
    vertex 153.2390 14.0000 44.9917
  endloop
endfacet
facet normal 0.000000 -1.000000 0.000000
  outer loop
    vertex 153.1161 0.0000 44.8839
    vertex 146.9289 0.0000 51.0711
    vertex 146.0665 0.0000 50.0876
  endloop
endfacet
facet normal -0.000000 -1.000000 0.000000
  outer loop
    vertex 153.1161 0.0000 44.8839
    vertex 146.0665 0.0000 50.0876
    vertex 153.0083 0.0000 44.7610
  endloop
endfacet
facet normal 0.000000 1.000000 0.000000
  outer loop
    vertex 153.1161 14.0000 44.8839
    vertex 146.0665 14.0000 50.0876
    vertex 146.9289 14.0000 51.0711
  endloop
endfacet
facet normal 0.000000 1.000000 0.000000
  outer loop
    vertex 153.1161 14.0000 44.8839
    vertex 153.0083 14.0000 44.7610
    vertex 146.0665 14.0000 50.0876
  endloop
endfacet
facet normal -0.751840 0.000000 0.659346
  outer loop
    vertex 146.9289 0.0000 51.0711
    vertex 146.0665 14.0000 50.0876
    vertex 146.0665 0.0000 50.0876
  endloop
endfacet
facet normal -0.751840 0.000000 0.659346
  outer loop
    vertex 146.9289 0.0000 51.0711
    vertex 146.9289 14.0000 51.0711
    vertex 146.0665 14.0000 50.0876
  endloop
endfacet
facet normal 0.751840 0.000000 -0.659346
  outer loop
    vertex 153.1161 0.0000 44.8839
    vertex 153.0083 0.0000 44.7610
    vertex 153.0083 14.0000 44.7610
  endloop
endfacet
facet normal 0.751840 0.000000 -0.659346
  outer loop
    vertex 153.1161 0.0000 44.8839
    vertex 153.0083 14.0000 44.7610
    vertex 153.1161 14.0000 44.8839
  endloop
endfacet
facet normal 0.000000 -1.000000 0.000000
  outer loop
    vertex 153.0083 0.0000 44.7610
    vertex 146.0665 0.0000 50.0876
    vertex 145.3397 0.0000 49.0000
  endloop
endfacet
facet normal -0.000000 -1.000000 0.000000
  outer loop
    vertex 153.0083 0.0000 44.7610
    vertex 145.3397 0.0000 49.0000
    vertex 152.9175 0.0000 44.6250
  endloop
endfacet
facet normal 0.000000 1.000000 0.000000
  outer loop
    vertex 153.0083 14.0000 44.7610
    vertex 145.3397 14.0000 49.0000
    vertex 146.0665 14.0000 50.0876
  endloop
endfacet
facet normal 0.000000 1.000000 0.000000
  outer loop
    vertex 153.0083 14.0000 44.7610
    vertex 152.9175 14.0000 44.6250
    vertex 145.3397 14.0000 49.0000
  endloop
endfacet
facet normal -0.831470 0.000000 0.555570
  outer loop
    vertex 146.0665 0.0000 50.0876
    vertex 145.3397 14.0000 49.0000
    vertex 145.3397 0.0000 49.0000
  endloop
endfacet
facet normal -0.831470 0.000000 0.555570
  outer loop
    vertex 146.0665 0.0000 50.0876
    vertex 146.0665 14.0000 50.0876
    vertex 145.3397 14.0000 49.0000
  endloop
endfacet
facet normal 0.831470 0.000000 -0.555570
  outer loop
    vertex 153.0083 0.0000 44.7610
    vertex 152.9175 0.0000 44.6250
    vertex 152.9175 14.0000 44.6250
  endloop
endfacet
facet normal 0.831470 0.000000 -0.555570
  outer loop
    vertex 153.0083 0.0000 44.7610
    vertex 152.9175 14.0000 44.6250
    vertex 153.0083 14.0000 44.7610
  endloop
endfacet
facet normal 0.000000 -1.000000 0.000000
  outer loop
    vertex 152.9175 0.0000 44.6250
    vertex 145.3397 0.0000 49.0000
    vertex 144.7612 0.0000 47.8268
  endloop
endfacet
facet normal -0.000000 -1.000000 0.000000
  outer loop
    vertex 152.9175 0.0000 44.6250
    vertex 144.7612 0.0000 47.8268
    vertex 152.8452 0.0000 44.4784
  endloop
endfacet
facet normal 0.000000 1.000000 0.000000
  outer loop
    vertex 152.9175 14.0000 44.6250
    vertex 144.7612 14.0000 47.8268
    vertex 145.3397 14.0000 49.0000
  endloop
endfacet
facet normal 0.000000 1.000000 0.000000
  outer loop
    vertex 152.9175 14.0000 44.6250
    vertex 152.8452 14.0000 44.4784
    vertex 144.7612 14.0000 47.8268
  endloop
endfacet
facet normal -0.896873 0.000000 0.442289
  outer loop
    vertex 145.3397 0.0000 49.0000
    vertex 144.7612 14.0000 47.8268
    vertex 144.7612 0.0000 47.8268
  endloop
endfacet
facet normal -0.896873 0.000000 0.442289
  outer loop
    vertex 145.3397 0.0000 49.0000
    vertex 145.3397 14.0000 49.0000
    vertex 144.7612 14.0000 47.8268
  endloop
endfacet
facet normal 0.896873 0.000000 -0.442289
  outer loop
    vertex 152.9175 0.0000 44.6250
    vertex 152.8452 0.0000 44.4784
    vertex 152.8452 14.0000 44.4784
  endloop
endfacet
facet normal 0.896873 0.000000 -0.442289
  outer loop
    vertex 152.9175 0.0000 44.6250
    vertex 152.8452 14.0000 44.4784
    vertex 152.9175 14.0000 44.6250
  endloop
endfacet
facet normal 0.000000 -1.000000 0.000000
  outer loop
    vertex 152.8452 0.0000 44.4784
    vertex 144.7612 0.0000 47.8268
    vertex 144.3407 0.0000 46.5882
  endloop
endfacet
facet normal -0.000000 -1.000000 0.000000
  outer loop
    vertex 152.8452 0.0000 44.4784
    vertex 144.3407 0.0000 46.5882
    vertex 152.7926 0.0000 44.3235
  endloop
endfacet
facet normal 0.000000 1.000000 0.000000
  outer loop
    vertex 152.8452 14.0000 44.4784
    vertex 144.3407 14.0000 46.5882
    vertex 144.7612 14.0000 47.8268
  endloop
endfacet
facet normal 0.000000 1.000000 0.000000
  outer loop
    vertex 152.8452 14.0000 44.4784
    vertex 152.7926 14.0000 44.3235
    vertex 144.3407 14.0000 46.5882
  endloop
endfacet
facet normal -0.946930 0.000000 0.321439
  outer loop
    vertex 144.7612 0.0000 47.8268
    vertex 144.3407 14.0000 46.5882
    vertex 144.3407 0.0000 46.5882
  endloop
endfacet
facet normal -0.946930 0.000000 0.321439
  outer loop
    vertex 144.7612 0.0000 47.8268
    vertex 144.7612 14.0000 47.8268
    vertex 144.3407 14.0000 46.5882
  endloop
endfacet
facet normal 0.946930 0.000000 -0.321439
  outer loop
    vertex 152.8452 0.0000 44.4784
    vertex 152.7926 0.0000 44.3235
    vertex 152.7926 14.0000 44.3235
  endloop
endfacet
facet normal 0.946930 0.000000 -0.321439
  outer loop
    vertex 152.8452 0.0000 44.4784
    vertex 152.7926 14.0000 44.3235
    vertex 152.8452 14.0000 44.4784
  endloop
endfacet
facet normal 0.000000 -1.000000 0.000000
  outer loop
    vertex 152.7926 0.0000 44.3235
    vertex 144.3407 0.0000 46.5882
    vertex 144.0856 0.0000 45.3053
  endloop
endfacet
facet normal -0.000000 -1.000000 0.000000
  outer loop
    vertex 152.7926 0.0000 44.3235
    vertex 144.0856 0.0000 45.3053
    vertex 152.7607 0.0000 44.1632
  endloop
endfacet
facet normal 0.000000 1.000000 0.000000
  outer loop
    vertex 152.7926 14.0000 44.3235
    vertex 144.0856 14.0000 45.3053
    vertex 144.3407 14.0000 46.5882
  endloop
endfacet
facet normal 0.000000 1.000000 0.000000
  outer loop
    vertex 152.7926 14.0000 44.3235
    vertex 152.7607 14.0000 44.1632
    vertex 144.0856 14.0000 45.3053
  endloop
endfacet
facet normal -0.980785 0.000000 0.195090
  outer loop
    vertex 144.3407 0.0000 46.5882
    vertex 144.0856 14.0000 45.3053
    vertex 144.0856 0.0000 45.3053
  endloop
endfacet
facet normal -0.980785 0.000000 0.195090
  outer loop
    vertex 144.3407 0.0000 46.5882
    vertex 144.3407 14.0000 46.5882
    vertex 144.0856 14.0000 45.3053
  endloop
endfacet
facet normal 0.980785 0.000000 -0.195090
  outer loop
    vertex 152.7926 0.0000 44.3235
    vertex 152.7607 0.0000 44.1632
    vertex 152.7607 14.0000 44.1632
  endloop
endfacet
facet normal 0.980785 0.000000 -0.195090
  outer loop
    vertex 152.7926 0.0000 44.3235
    vertex 152.7607 14.0000 44.1632
    vertex 152.7926 14.0000 44.3235
  endloop
endfacet
facet normal -0.000000 -1.000000 0.000000
  outer loop
    vertex 152.7607 0.0000 44.1632
    vertex 144.0856 0.0000 45.3053
    vertex 144.0000 0.0000 44.0000
  endloop
endfacet
facet normal 0.000000 -1.000000 0.000000
  outer loop
    vertex 152.7607 0.0000 44.1632
    vertex 144.0000 0.0000 44.0000
    vertex 152.7500 0.0000 44.0000
  endloop
endfacet
facet normal 0.000000 1.000000 0.000000
  outer loop
    vertex 152.7607 14.0000 44.1632
    vertex 144.0000 14.0000 44.0000
    vertex 144.0856 14.0000 45.3053
  endloop
endfacet
facet normal 0.000000 1.000000 0.000000
  outer loop
    vertex 152.7607 14.0000 44.1632
    vertex 152.7500 14.0000 44.0000
    vertex 144.0000 14.0000 44.0000
  endloop
endfacet
facet normal -0.997859 0.000000 0.065403
  outer loop
    vertex 144.0856 0.0000 45.3053
    vertex 144.0000 14.0000 44.0000
    vertex 144.0000 0.0000 44.0000
  endloop
endfacet
facet normal -0.997859 0.000000 0.065403
  outer loop
    vertex 144.0856 0.0000 45.3053
    vertex 144.0856 14.0000 45.3053
    vertex 144.0000 14.0000 44.0000
  endloop
endfacet
facet normal 0.997859 0.000000 -0.065403
  outer loop
    vertex 152.7607 0.0000 44.1632
    vertex 152.7500 0.0000 44.0000
    vertex 152.7500 14.0000 44.0000
  endloop
endfacet
facet normal 0.997859 0.000000 -0.065403
  outer loop
    vertex 152.7607 0.0000 44.1632
    vertex 152.7500 14.0000 44.0000
    vertex 152.7607 14.0000 44.1632
  endloop
endfacet
facet normal -0.000000 -1.000000 0.000000
  outer loop
    vertex 152.7500 0.0000 44.0000
    vertex 144.0000 0.0000 44.0000
    vertex 144.0856 0.0000 42.6947
  endloop
endfacet
facet normal 0.000000 -1.000000 -0.000000
  outer loop
    vertex 152.7500 0.0000 44.0000
    vertex 144.0856 0.0000 42.6947
    vertex 152.7607 0.0000 43.8368
  endloop
endfacet
facet normal 0.000000 1.000000 0.000000
  outer loop
    vertex 152.7500 14.0000 44.0000
    vertex 144.0856 14.0000 42.6947
    vertex 144.0000 14.0000 44.0000
  endloop
endfacet
facet normal 0.000000 1.000000 0.000000
  outer loop
    vertex 152.7500 14.0000 44.0000
    vertex 152.7607 14.0000 43.8368
    vertex 144.0856 14.0000 42.6947
  endloop
endfacet
facet normal -0.997859 0.000000 -0.065403
  outer loop
    vertex 144.0000 0.0000 44.0000
    vertex 144.0856 14.0000 42.6947
    vertex 144.0856 0.0000 42.6947
  endloop
endfacet
facet normal -0.997859 0.000000 -0.065403
  outer loop
    vertex 144.0000 0.0000 44.0000
    vertex 144.0000 14.0000 44.0000
    vertex 144.0856 14.0000 42.6947
  endloop
endfacet
facet normal 0.997859 0.000000 0.065403
  outer loop
    vertex 152.7500 0.0000 44.0000
    vertex 152.7607 0.0000 43.8368
    vertex 152.7607 14.0000 43.8368
  endloop
endfacet
facet normal 0.997859 -0.000000 0.065403
  outer loop
    vertex 152.7500 0.0000 44.0000
    vertex 152.7607 14.0000 43.8368
    vertex 152.7500 14.0000 44.0000
  endloop
endfacet
facet normal 0.000000 -1.000000 0.000000
  outer loop
    vertex 152.7607 0.0000 43.8368
    vertex 144.0856 0.0000 42.6947
    vertex 144.3407 0.0000 41.4118
  endloop
endfacet
facet normal 0.000000 -1.000000 -0.000000
  outer loop
    vertex 152.7607 0.0000 43.8368
    vertex 144.3407 0.0000 41.4118
    vertex 152.7926 0.0000 43.6765
  endloop
endfacet
facet normal 0.000000 1.000000 0.000000
  outer loop
    vertex 152.7607 14.0000 43.8368
    vertex 144.3407 14.0000 41.4118
    vertex 144.0856 14.0000 42.6947
  endloop
endfacet
facet normal 0.000000 1.000000 0.000000
  outer loop
    vertex 152.7607 14.0000 43.8368
    vertex 152.7926 14.0000 43.6765
    vertex 144.3407 14.0000 41.4118
  endloop
endfacet
facet normal -0.980785 0.000000 -0.195090
  outer loop
    vertex 144.0856 0.0000 42.6947
    vertex 144.3407 14.0000 41.4118
    vertex 144.3407 0.0000 41.4118
  endloop
endfacet
facet normal -0.980785 0.000000 -0.195090
  outer loop
    vertex 144.0856 0.0000 42.6947
    vertex 144.0856 14.0000 42.6947
    vertex 144.3407 14.0000 41.4118
  endloop
endfacet
facet normal 0.980785 0.000000 0.195090
  outer loop
    vertex 152.7607 0.0000 43.8368
    vertex 152.7926 0.0000 43.6765
    vertex 152.7926 14.0000 43.6765
  endloop
endfacet
facet normal 0.980785 -0.000000 0.195090
  outer loop
    vertex 152.7607 0.0000 43.8368
    vertex 152.7926 14.0000 43.6765
    vertex 152.7607 14.0000 43.8368
  endloop
endfacet
facet normal 0.000000 -1.000000 0.000000
  outer loop
    vertex 152.7926 0.0000 43.6765
    vertex 144.3407 0.0000 41.4118
    vertex 144.7612 0.0000 40.1732
  endloop
endfacet
facet normal 0.000000 -1.000000 -0.000000
  outer loop
    vertex 152.7926 0.0000 43.6765
    vertex 144.7612 0.0000 40.1732
    vertex 152.8452 0.0000 43.5216
  endloop
endfacet
facet normal 0.000000 1.000000 0.000000
  outer loop
    vertex 152.7926 14.0000 43.6765
    vertex 144.7612 14.0000 40.1732
    vertex 144.3407 14.0000 41.4118
  endloop
endfacet
facet normal 0.000000 1.000000 0.000000
  outer loop
    vertex 152.7926 14.0000 43.6765
    vertex 152.8452 14.0000 43.5216
    vertex 144.7612 14.0000 40.1732
  endloop
endfacet
facet normal -0.946930 0.000000 -0.321439
  outer loop
    vertex 144.3407 0.0000 41.4118
    vertex 144.7612 14.0000 40.1732
    vertex 144.7612 0.0000 40.1732
  endloop
endfacet
facet normal -0.946930 0.000000 -0.321439
  outer loop
    vertex 144.3407 0.0000 41.4118
    vertex 144.3407 14.0000 41.4118
    vertex 144.7612 14.0000 40.1732
  endloop
endfacet
facet normal 0.946930 0.000000 0.321439
  outer loop
    vertex 152.7926 0.0000 43.6765
    vertex 152.8452 0.0000 43.5216
    vertex 152.8452 14.0000 43.5216
  endloop
endfacet
facet normal 0.946930 -0.000000 0.321439
  outer loop
    vertex 152.7926 0.0000 43.6765
    vertex 152.8452 14.0000 43.5216
    vertex 152.7926 14.0000 43.6765
  endloop
endfacet
facet normal 0.000000 -1.000000 0.000000
  outer loop
    vertex 152.8452 0.0000 43.5216
    vertex 144.7612 0.0000 40.1732
    vertex 145.3397 0.0000 39.0000
  endloop
endfacet
facet normal 0.000000 -1.000000 -0.000000
  outer loop
    vertex 152.8452 0.0000 43.5216
    vertex 145.3397 0.0000 39.0000
    vertex 152.9175 0.0000 43.3750
  endloop
endfacet
facet normal 0.000000 1.000000 0.000000
  outer loop
    vertex 152.8452 14.0000 43.5216
    vertex 145.3397 14.0000 39.0000
    vertex 144.7612 14.0000 40.1732
  endloop
endfacet
facet normal 0.000000 1.000000 0.000000
  outer loop
    vertex 152.8452 14.0000 43.5216
    vertex 152.9175 14.0000 43.3750
    vertex 145.3397 14.0000 39.0000
  endloop
endfacet
facet normal -0.896873 0.000000 -0.442289
  outer loop
    vertex 144.7612 0.0000 40.1732
    vertex 145.3397 14.0000 39.0000
    vertex 145.3397 0.0000 39.0000
  endloop
endfacet
facet normal -0.896873 0.000000 -0.442289
  outer loop
    vertex 144.7612 0.0000 40.1732
    vertex 144.7612 14.0000 40.1732
    vertex 145.3397 14.0000 39.0000
  endloop
endfacet
facet normal 0.896873 0.000000 0.442289
  outer loop
    vertex 152.8452 0.0000 43.5216
    vertex 152.9175 0.0000 43.3750
    vertex 152.9175 14.0000 43.3750
  endloop
endfacet
facet normal 0.896873 -0.000000 0.442289
  outer loop
    vertex 152.8452 0.0000 43.5216
    vertex 152.9175 14.0000 43.3750
    vertex 152.8452 14.0000 43.5216
  endloop
endfacet
facet normal 0.000000 -1.000000 0.000000
  outer loop
    vertex 152.9175 0.0000 43.3750
    vertex 145.3397 0.0000 39.0000
    vertex 146.0665 0.0000 37.9124
  endloop
endfacet
facet normal 0.000000 -1.000000 -0.000000
  outer loop
    vertex 152.9175 0.0000 43.3750
    vertex 146.0665 0.0000 37.9124
    vertex 153.0083 0.0000 43.2390
  endloop
endfacet
facet normal 0.000000 1.000000 0.000000
  outer loop
    vertex 152.9175 14.0000 43.3750
    vertex 146.0665 14.0000 37.9124
    vertex 145.3397 14.0000 39.0000
  endloop
endfacet
facet normal 0.000000 1.000000 0.000000
  outer loop
    vertex 152.9175 14.0000 43.3750
    vertex 153.0083 14.0000 43.2390
    vertex 146.0665 14.0000 37.9124
  endloop
endfacet
facet normal -0.831470 0.000000 -0.555570
  outer loop
    vertex 145.3397 0.0000 39.0000
    vertex 146.0665 14.0000 37.9124
    vertex 146.0665 0.0000 37.9124
  endloop
endfacet
facet normal -0.831470 0.000000 -0.555570
  outer loop
    vertex 145.3397 0.0000 39.0000
    vertex 145.3397 14.0000 39.0000
    vertex 146.0665 14.0000 37.9124
  endloop
endfacet
facet normal 0.831470 0.000000 0.555570
  outer loop
    vertex 152.9175 0.0000 43.3750
    vertex 153.0083 0.0000 43.2390
    vertex 153.0083 14.0000 43.2390
  endloop
endfacet
facet normal 0.831470 -0.000000 0.555570
  outer loop
    vertex 152.9175 0.0000 43.3750
    vertex 153.0083 14.0000 43.2390
    vertex 152.9175 14.0000 43.3750
  endloop
endfacet
facet normal 0.000000 -1.000000 0.000000
  outer loop
    vertex 153.0083 0.0000 43.2390
    vertex 146.0665 0.0000 37.9124
    vertex 146.9289 0.0000 36.9289
  endloop
endfacet
facet normal 0.000000 -1.000000 -0.000000
  outer loop
    vertex 153.0083 0.0000 43.2390
    vertex 146.9289 0.0000 36.9289
    vertex 153.1161 0.0000 43.1161
  endloop
endfacet
facet normal 0.000000 1.000000 0.000000
  outer loop
    vertex 153.0083 14.0000 43.2390
    vertex 146.9289 14.0000 36.9289
    vertex 146.0665 14.0000 37.9124
  endloop
endfacet
facet normal 0.000000 1.000000 0.000000
  outer loop
    vertex 153.0083 14.0000 43.2390
    vertex 153.1161 14.0000 43.1161
    vertex 146.9289 14.0000 36.9289
  endloop
endfacet
facet normal -0.751840 0.000000 -0.659346
  outer loop
    vertex 146.0665 0.0000 37.9124
    vertex 146.9289 14.0000 36.9289
    vertex 146.9289 0.0000 36.9289
  endloop
endfacet
facet normal -0.751840 0.000000 -0.659346
  outer loop
    vertex 146.0665 0.0000 37.9124
    vertex 146.0665 14.0000 37.9124
    vertex 146.9289 14.0000 36.9289
  endloop
endfacet
facet normal 0.751840 0.000000 0.659346
  outer loop
    vertex 153.0083 0.0000 43.2390
    vertex 153.1161 0.0000 43.1161
    vertex 153.1161 14.0000 43.1161
  endloop
endfacet
facet normal 0.751840 -0.000000 0.659346
  outer loop
    vertex 153.0083 0.0000 43.2390
    vertex 153.1161 14.0000 43.1161
    vertex 153.0083 14.0000 43.2390
  endloop
endfacet
facet normal 0.000000 -1.000000 0.000000
  outer loop
    vertex 153.1161 0.0000 43.1161
    vertex 146.9289 0.0000 36.9289
    vertex 147.9124 0.0000 36.0665
  endloop
endfacet
facet normal 0.000000 -1.000000 -0.000000
  outer loop
    vertex 153.1161 0.0000 43.1161
    vertex 147.9124 0.0000 36.0665
    vertex 153.2390 0.0000 43.0083
  endloop
endfacet
facet normal 0.000000 1.000000 0.000000
  outer loop
    vertex 153.1161 14.0000 43.1161
    vertex 147.9124 14.0000 36.0665
    vertex 146.9289 14.0000 36.9289
  endloop
endfacet
facet normal 0.000000 1.000000 0.000000
  outer loop
    vertex 153.1161 14.0000 43.1161
    vertex 153.2390 14.0000 43.0083
    vertex 147.9124 14.0000 36.0665
  endloop
endfacet
facet normal -0.659346 0.000000 -0.751840
  outer loop
    vertex 146.9289 0.0000 36.9289
    vertex 147.9124 14.0000 36.0665
    vertex 147.9124 0.0000 36.0665
  endloop
endfacet
facet normal -0.659346 0.000000 -0.751840
  outer loop
    vertex 146.9289 0.0000 36.9289
    vertex 146.9289 14.0000 36.9289
    vertex 147.9124 14.0000 36.0665
  endloop
endfacet
facet normal 0.659346 0.000000 0.751840
  outer loop
    vertex 153.1161 0.0000 43.1161
    vertex 153.2390 0.0000 43.0083
    vertex 153.2390 14.0000 43.0083
  endloop
endfacet
facet normal 0.659346 -0.000000 0.751840
  outer loop
    vertex 153.1161 0.0000 43.1161
    vertex 153.2390 14.0000 43.0083
    vertex 153.1161 14.0000 43.1161
  endloop
endfacet
facet normal 0.000000 -1.000000 0.000000
  outer loop
    vertex 153.2390 0.0000 43.0083
    vertex 147.9124 0.0000 36.0665
    vertex 149.0000 0.0000 35.3397
  endloop
endfacet
facet normal 0.000000 -1.000000 -0.000000
  outer loop
    vertex 153.2390 0.0000 43.0083
    vertex 149.0000 0.0000 35.3397
    vertex 153.3750 0.0000 42.9175
  endloop
endfacet
facet normal 0.000000 1.000000 0.000000
  outer loop
    vertex 153.2390 14.0000 43.0083
    vertex 149.0000 14.0000 35.3397
    vertex 147.9124 14.0000 36.0665
  endloop
endfacet
facet normal 0.000000 1.000000 0.000000
  outer loop
    vertex 153.2390 14.0000 43.0083
    vertex 153.3750 14.0000 42.9175
    vertex 149.0000 14.0000 35.3397
  endloop
endfacet
facet normal -0.555570 0.000000 -0.831470
  outer loop
    vertex 147.9124 0.0000 36.0665
    vertex 149.0000 14.0000 35.3397
    vertex 149.0000 0.0000 35.3397
  endloop
endfacet
facet normal -0.555570 0.000000 -0.831470
  outer loop
    vertex 147.9124 0.0000 36.0665
    vertex 147.9124 14.0000 36.0665
    vertex 149.0000 14.0000 35.3397
  endloop
endfacet
facet normal 0.555570 0.000000 0.831470
  outer loop
    vertex 153.2390 0.0000 43.0083
    vertex 153.3750 0.0000 42.9175
    vertex 153.3750 14.0000 42.9175
  endloop
endfacet
facet normal 0.555570 -0.000000 0.831470
  outer loop
    vertex 153.2390 0.0000 43.0083
    vertex 153.3750 14.0000 42.9175
    vertex 153.2390 14.0000 43.0083
  endloop
endfacet
facet normal 0.000000 -1.000000 0.000000
  outer loop
    vertex 153.3750 0.0000 42.9175
    vertex 149.0000 0.0000 35.3397
    vertex 150.1732 0.0000 34.7612
  endloop
endfacet
facet normal 0.000000 -1.000000 -0.000000
  outer loop
    vertex 153.3750 0.0000 42.9175
    vertex 150.1732 0.0000 34.7612
    vertex 153.5216 0.0000 42.8452
  endloop
endfacet
facet normal 0.000000 1.000000 0.000000
  outer loop
    vertex 153.3750 14.0000 42.9175
    vertex 150.1732 14.0000 34.7612
    vertex 149.0000 14.0000 35.3397
  endloop
endfacet
facet normal 0.000000 1.000000 0.000000
  outer loop
    vertex 153.3750 14.0000 42.9175
    vertex 153.5216 14.0000 42.8452
    vertex 150.1732 14.0000 34.7612
  endloop
endfacet
facet normal -0.442289 0.000000 -0.896873
  outer loop
    vertex 149.0000 0.0000 35.3397
    vertex 150.1732 14.0000 34.7612
    vertex 150.1732 0.0000 34.7612
  endloop
endfacet
facet normal -0.442289 0.000000 -0.896873
  outer loop
    vertex 149.0000 0.0000 35.3397
    vertex 149.0000 14.0000 35.3397
    vertex 150.1732 14.0000 34.7612
  endloop
endfacet
facet normal 0.442289 0.000000 0.896873
  outer loop
    vertex 153.3750 0.0000 42.9175
    vertex 153.5216 0.0000 42.8452
    vertex 153.5216 14.0000 42.8452
  endloop
endfacet
facet normal 0.442289 -0.000000 0.896873
  outer loop
    vertex 153.3750 0.0000 42.9175
    vertex 153.5216 14.0000 42.8452
    vertex 153.3750 14.0000 42.9175
  endloop
endfacet
facet normal 0.000000 -1.000000 0.000000
  outer loop
    vertex 153.5216 0.0000 42.8452
    vertex 150.1732 0.0000 34.7612
    vertex 151.4118 0.0000 34.3407
  endloop
endfacet
facet normal 0.000000 -1.000000 -0.000000
  outer loop
    vertex 153.5216 0.0000 42.8452
    vertex 151.4118 0.0000 34.3407
    vertex 153.6765 0.0000 42.7926
  endloop
endfacet
facet normal 0.000000 1.000000 0.000000
  outer loop
    vertex 153.5216 14.0000 42.8452
    vertex 151.4118 14.0000 34.3407
    vertex 150.1732 14.0000 34.7612
  endloop
endfacet
facet normal 0.000000 1.000000 0.000000
  outer loop
    vertex 153.5216 14.0000 42.8452
    vertex 153.6765 14.0000 42.7926
    vertex 151.4118 14.0000 34.3407
  endloop
endfacet
facet normal -0.321439 0.000000 -0.946930
  outer loop
    vertex 150.1732 0.0000 34.7612
    vertex 151.4118 14.0000 34.3407
    vertex 151.4118 0.0000 34.3407
  endloop
endfacet
facet normal -0.321439 0.000000 -0.946930
  outer loop
    vertex 150.1732 0.0000 34.7612
    vertex 150.1732 14.0000 34.7612
    vertex 151.4118 14.0000 34.3407
  endloop
endfacet
facet normal 0.321439 0.000000 0.946930
  outer loop
    vertex 153.5216 0.0000 42.8452
    vertex 153.6765 0.0000 42.7926
    vertex 153.6765 14.0000 42.7926
  endloop
endfacet
facet normal 0.321439 -0.000000 0.946930
  outer loop
    vertex 153.5216 0.0000 42.8452
    vertex 153.6765 14.0000 42.7926
    vertex 153.5216 14.0000 42.8452
  endloop
endfacet
facet normal 0.000000 -1.000000 0.000000
  outer loop
    vertex 153.6765 0.0000 42.7926
    vertex 151.4118 0.0000 34.3407
    vertex 152.6947 0.0000 34.0856
  endloop
endfacet
facet normal 0.000000 -1.000000 -0.000000
  outer loop
    vertex 153.6765 0.0000 42.7926
    vertex 152.6947 0.0000 34.0856
    vertex 153.8368 0.0000 42.7607
  endloop
endfacet
facet normal 0.000000 1.000000 0.000000
  outer loop
    vertex 153.6765 14.0000 42.7926
    vertex 152.6947 14.0000 34.0856
    vertex 151.4118 14.0000 34.3407
  endloop
endfacet
facet normal 0.000000 1.000000 0.000000
  outer loop
    vertex 153.6765 14.0000 42.7926
    vertex 153.8368 14.0000 42.7607
    vertex 152.6947 14.0000 34.0856
  endloop
endfacet
facet normal -0.195090 0.000000 -0.980785
  outer loop
    vertex 151.4118 0.0000 34.3407
    vertex 152.6947 14.0000 34.0856
    vertex 152.6947 0.0000 34.0856
  endloop
endfacet
facet normal -0.195090 0.000000 -0.980785
  outer loop
    vertex 151.4118 0.0000 34.3407
    vertex 151.4118 14.0000 34.3407
    vertex 152.6947 14.0000 34.0856
  endloop
endfacet
facet normal 0.195090 0.000000 0.980785
  outer loop
    vertex 153.6765 0.0000 42.7926
    vertex 153.8368 0.0000 42.7607
    vertex 153.8368 14.0000 42.7607
  endloop
endfacet
facet normal 0.195090 -0.000000 0.980785
  outer loop
    vertex 153.6765 0.0000 42.7926
    vertex 153.8368 14.0000 42.7607
    vertex 153.6765 14.0000 42.7926
  endloop
endfacet
facet normal 0.000000 -1.000000 -0.000000
  outer loop
    vertex 153.8368 0.0000 42.7607
    vertex 152.6947 0.0000 34.0856
    vertex 154.0000 0.0000 34.0000
  endloop
endfacet
facet normal 0.000000 -1.000000 0.000000
  outer loop
    vertex 153.8368 0.0000 42.7607
    vertex 154.0000 0.0000 34.0000
    vertex 154.0000 0.0000 42.7500
  endloop
endfacet
facet normal 0.000000 1.000000 0.000000
  outer loop
    vertex 153.8368 14.0000 42.7607
    vertex 154.0000 14.0000 34.0000
    vertex 152.6947 14.0000 34.0856
  endloop
endfacet
facet normal 0.000000 1.000000 0.000000
  outer loop
    vertex 153.8368 14.0000 42.7607
    vertex 154.0000 14.0000 42.7500
    vertex 154.0000 14.0000 34.0000
  endloop
endfacet
facet normal -0.065403 0.000000 -0.997859
  outer loop
    vertex 152.6947 0.0000 34.0856
    vertex 154.0000 14.0000 34.0000
    vertex 154.0000 0.0000 34.0000
  endloop
endfacet
facet normal -0.065403 0.000000 -0.997859
  outer loop
    vertex 152.6947 0.0000 34.0856
    vertex 152.6947 14.0000 34.0856
    vertex 154.0000 14.0000 34.0000
  endloop
endfacet
facet normal 0.065403 0.000000 0.997859
  outer loop
    vertex 153.8368 0.0000 42.7607
    vertex 154.0000 0.0000 42.7500
    vertex 154.0000 14.0000 42.7500
  endloop
endfacet
facet normal 0.065403 -0.000000 0.997859
  outer loop
    vertex 153.8368 0.0000 42.7607
    vertex 154.0000 14.0000 42.7500
    vertex 153.8368 14.0000 42.7607
  endloop
endfacet
facet normal 0.000000 -1.000000 0.000000
  outer loop
    vertex 154.0000 0.0000 42.7500
    vertex 154.0000 0.0000 34.0000
    vertex 155.3053 0.0000 34.0856
  endloop
endfacet
facet normal 0.000000 -1.000000 0.000000
  outer loop
    vertex 154.0000 0.0000 42.7500
    vertex 155.3053 0.0000 34.0856
    vertex 154.1632 0.0000 42.7607
  endloop
endfacet
facet normal 0.000000 1.000000 0.000000
  outer loop
    vertex 154.0000 14.0000 42.7500
    vertex 155.3053 14.0000 34.0856
    vertex 154.0000 14.0000 34.0000
  endloop
endfacet
facet normal -0.000000 1.000000 0.000000
  outer loop
    vertex 154.0000 14.0000 42.7500
    vertex 154.1632 14.0000 42.7607
    vertex 155.3053 14.0000 34.0856
  endloop
endfacet
facet normal 0.065403 0.000000 -0.997859
  outer loop
    vertex 154.0000 0.0000 34.0000
    vertex 155.3053 14.0000 34.0856
    vertex 155.3053 0.0000 34.0856
  endloop
endfacet
facet normal 0.065403 0.000000 -0.997859
  outer loop
    vertex 154.0000 0.0000 34.0000
    vertex 154.0000 14.0000 34.0000
    vertex 155.3053 14.0000 34.0856
  endloop
endfacet
facet normal -0.065403 0.000000 0.997859
  outer loop
    vertex 154.0000 0.0000 42.7500
    vertex 154.1632 0.0000 42.7607
    vertex 154.1632 14.0000 42.7607
  endloop
endfacet
facet normal -0.065403 0.000000 0.997859
  outer loop
    vertex 154.0000 0.0000 42.7500
    vertex 154.1632 14.0000 42.7607
    vertex 154.0000 14.0000 42.7500
  endloop
endfacet
facet normal 0.000000 -1.000000 0.000000
  outer loop
    vertex 154.1632 0.0000 42.7607
    vertex 155.3053 0.0000 34.0856
    vertex 156.5882 0.0000 34.3407
  endloop
endfacet
facet normal 0.000000 -1.000000 0.000000
  outer loop
    vertex 154.1632 0.0000 42.7607
    vertex 156.5882 0.0000 34.3407
    vertex 154.3235 0.0000 42.7926
  endloop
endfacet
facet normal 0.000000 1.000000 0.000000
  outer loop
    vertex 154.1632 14.0000 42.7607
    vertex 156.5882 14.0000 34.3407
    vertex 155.3053 14.0000 34.0856
  endloop
endfacet
facet normal -0.000000 1.000000 0.000000
  outer loop
    vertex 154.1632 14.0000 42.7607
    vertex 154.3235 14.0000 42.7926
    vertex 156.5882 14.0000 34.3407
  endloop
endfacet
facet normal 0.195090 0.000000 -0.980785
  outer loop
    vertex 155.3053 0.0000 34.0856
    vertex 156.5882 14.0000 34.3407
    vertex 156.5882 0.0000 34.3407
  endloop
endfacet
facet normal 0.195090 0.000000 -0.980785
  outer loop
    vertex 155.3053 0.0000 34.0856
    vertex 155.3053 14.0000 34.0856
    vertex 156.5882 14.0000 34.3407
  endloop
endfacet
facet normal -0.195090 0.000000 0.980785
  outer loop
    vertex 154.1632 0.0000 42.7607
    vertex 154.3235 0.0000 42.7926
    vertex 154.3235 14.0000 42.7926
  endloop
endfacet
facet normal -0.195090 0.000000 0.980785
  outer loop
    vertex 154.1632 0.0000 42.7607
    vertex 154.3235 14.0000 42.7926
    vertex 154.1632 14.0000 42.7607
  endloop
endfacet
facet normal 0.000000 -1.000000 0.000000
  outer loop
    vertex 154.3235 0.0000 42.7926
    vertex 156.5882 0.0000 34.3407
    vertex 157.8268 0.0000 34.7612
  endloop
endfacet
facet normal 0.000000 -1.000000 0.000000
  outer loop
    vertex 154.3235 0.0000 42.7926
    vertex 157.8268 0.0000 34.7612
    vertex 154.4784 0.0000 42.8452
  endloop
endfacet
facet normal 0.000000 1.000000 0.000000
  outer loop
    vertex 154.3235 14.0000 42.7926
    vertex 157.8268 14.0000 34.7612
    vertex 156.5882 14.0000 34.3407
  endloop
endfacet
facet normal -0.000000 1.000000 0.000000
  outer loop
    vertex 154.3235 14.0000 42.7926
    vertex 154.4784 14.0000 42.8452
    vertex 157.8268 14.0000 34.7612
  endloop
endfacet
facet normal 0.321439 0.000000 -0.946930
  outer loop
    vertex 156.5882 0.0000 34.3407
    vertex 157.8268 14.0000 34.7612
    vertex 157.8268 0.0000 34.7612
  endloop
endfacet
facet normal 0.321439 0.000000 -0.946930
  outer loop
    vertex 156.5882 0.0000 34.3407
    vertex 156.5882 14.0000 34.3407
    vertex 157.8268 14.0000 34.7612
  endloop
endfacet
facet normal -0.321439 0.000000 0.946930
  outer loop
    vertex 154.3235 0.0000 42.7926
    vertex 154.4784 0.0000 42.8452
    vertex 154.4784 14.0000 42.8452
  endloop
endfacet
facet normal -0.321439 0.000000 0.946930
  outer loop
    vertex 154.3235 0.0000 42.7926
    vertex 154.4784 14.0000 42.8452
    vertex 154.3235 14.0000 42.7926
  endloop
endfacet
facet normal 0.000000 -1.000000 0.000000
  outer loop
    vertex 154.4784 0.0000 42.8452
    vertex 157.8268 0.0000 34.7612
    vertex 159.0000 0.0000 35.3397
  endloop
endfacet
facet normal 0.000000 -1.000000 0.000000
  outer loop
    vertex 154.4784 0.0000 42.8452
    vertex 159.0000 0.0000 35.3397
    vertex 154.6250 0.0000 42.9175
  endloop
endfacet
facet normal 0.000000 1.000000 0.000000
  outer loop
    vertex 154.4784 14.0000 42.8452
    vertex 159.0000 14.0000 35.3397
    vertex 157.8268 14.0000 34.7612
  endloop
endfacet
facet normal -0.000000 1.000000 0.000000
  outer loop
    vertex 154.4784 14.0000 42.8452
    vertex 154.6250 14.0000 42.9175
    vertex 159.0000 14.0000 35.3397
  endloop
endfacet
facet normal 0.442289 0.000000 -0.896873
  outer loop
    vertex 157.8268 0.0000 34.7612
    vertex 159.0000 14.0000 35.3397
    vertex 159.0000 0.0000 35.3397
  endloop
endfacet
facet normal 0.442289 0.000000 -0.896873
  outer loop
    vertex 157.8268 0.0000 34.7612
    vertex 157.8268 14.0000 34.7612
    vertex 159.0000 14.0000 35.3397
  endloop
endfacet
facet normal -0.442289 0.000000 0.896873
  outer loop
    vertex 154.4784 0.0000 42.8452
    vertex 154.6250 0.0000 42.9175
    vertex 154.6250 14.0000 42.9175
  endloop
endfacet
facet normal -0.442289 0.000000 0.896873
  outer loop
    vertex 154.4784 0.0000 42.8452
    vertex 154.6250 14.0000 42.9175
    vertex 154.4784 14.0000 42.8452
  endloop
endfacet
facet normal 0.000000 -1.000000 0.000000
  outer loop
    vertex 154.6250 0.0000 42.9175
    vertex 159.0000 0.0000 35.3397
    vertex 160.0876 0.0000 36.0665
  endloop
endfacet
facet normal 0.000000 -1.000000 0.000000
  outer loop
    vertex 154.6250 0.0000 42.9175
    vertex 160.0876 0.0000 36.0665
    vertex 154.7610 0.0000 43.0083
  endloop
endfacet
facet normal 0.000000 1.000000 0.000000
  outer loop
    vertex 154.6250 14.0000 42.9175
    vertex 160.0876 14.0000 36.0665
    vertex 159.0000 14.0000 35.3397
  endloop
endfacet
facet normal -0.000000 1.000000 0.000000
  outer loop
    vertex 154.6250 14.0000 42.9175
    vertex 154.7610 14.0000 43.0083
    vertex 160.0876 14.0000 36.0665
  endloop
endfacet
facet normal 0.555570 0.000000 -0.831470
  outer loop
    vertex 159.0000 0.0000 35.3397
    vertex 160.0876 14.0000 36.0665
    vertex 160.0876 0.0000 36.0665
  endloop
endfacet
facet normal 0.555570 0.000000 -0.831470
  outer loop
    vertex 159.0000 0.0000 35.3397
    vertex 159.0000 14.0000 35.3397
    vertex 160.0876 14.0000 36.0665
  endloop
endfacet
facet normal -0.555570 0.000000 0.831470
  outer loop
    vertex 154.6250 0.0000 42.9175
    vertex 154.7610 0.0000 43.0083
    vertex 154.7610 14.0000 43.0083
  endloop
endfacet
facet normal -0.555570 0.000000 0.831470
  outer loop
    vertex 154.6250 0.0000 42.9175
    vertex 154.7610 14.0000 43.0083
    vertex 154.6250 14.0000 42.9175
  endloop
endfacet
facet normal 0.000000 -1.000000 0.000000
  outer loop
    vertex 154.7610 0.0000 43.0083
    vertex 160.0876 0.0000 36.0665
    vertex 161.0711 0.0000 36.9289
  endloop
endfacet
facet normal 0.000000 -1.000000 0.000000
  outer loop
    vertex 154.7610 0.0000 43.0083
    vertex 161.0711 0.0000 36.9289
    vertex 154.8839 0.0000 43.1161
  endloop
endfacet
facet normal 0.000000 1.000000 0.000000
  outer loop
    vertex 154.7610 14.0000 43.0083
    vertex 161.0711 14.0000 36.9289
    vertex 160.0876 14.0000 36.0665
  endloop
endfacet
facet normal -0.000000 1.000000 0.000000
  outer loop
    vertex 154.7610 14.0000 43.0083
    vertex 154.8839 14.0000 43.1161
    vertex 161.0711 14.0000 36.9289
  endloop
endfacet
facet normal 0.659346 0.000000 -0.751840
  outer loop
    vertex 160.0876 0.0000 36.0665
    vertex 161.0711 14.0000 36.9289
    vertex 161.0711 0.0000 36.9289
  endloop
endfacet
facet normal 0.659346 0.000000 -0.751840
  outer loop
    vertex 160.0876 0.0000 36.0665
    vertex 160.0876 14.0000 36.0665
    vertex 161.0711 14.0000 36.9289
  endloop
endfacet
facet normal -0.659346 0.000000 0.751840
  outer loop
    vertex 154.7610 0.0000 43.0083
    vertex 154.8839 0.0000 43.1161
    vertex 154.8839 14.0000 43.1161
  endloop
endfacet
facet normal -0.659346 0.000000 0.751840
  outer loop
    vertex 154.7610 0.0000 43.0083
    vertex 154.8839 14.0000 43.1161
    vertex 154.7610 14.0000 43.0083
  endloop
endfacet
facet normal 0.000000 -1.000000 0.000000
  outer loop
    vertex 154.8839 0.0000 43.1161
    vertex 161.0711 0.0000 36.9289
    vertex 161.9335 0.0000 37.9124
  endloop
endfacet
facet normal 0.000000 -1.000000 0.000000
  outer loop
    vertex 154.8839 0.0000 43.1161
    vertex 161.9335 0.0000 37.9124
    vertex 154.9917 0.0000 43.2390
  endloop
endfacet
facet normal 0.000000 1.000000 0.000000
  outer loop
    vertex 154.8839 14.0000 43.1161
    vertex 161.9335 14.0000 37.9124
    vertex 161.0711 14.0000 36.9289
  endloop
endfacet
facet normal -0.000000 1.000000 0.000000
  outer loop
    vertex 154.8839 14.0000 43.1161
    vertex 154.9917 14.0000 43.2390
    vertex 161.9335 14.0000 37.9124
  endloop
endfacet
facet normal 0.751840 0.000000 -0.659346
  outer loop
    vertex 161.0711 0.0000 36.9289
    vertex 161.9335 14.0000 37.9124
    vertex 161.9335 0.0000 37.9124
  endloop
endfacet
facet normal 0.751840 0.000000 -0.659346
  outer loop
    vertex 161.0711 0.0000 36.9289
    vertex 161.0711 14.0000 36.9289
    vertex 161.9335 14.0000 37.9124
  endloop
endfacet
facet normal -0.751840 0.000000 0.659346
  outer loop
    vertex 154.8839 0.0000 43.1161
    vertex 154.9917 0.0000 43.2390
    vertex 154.9917 14.0000 43.2390
  endloop
endfacet
facet normal -0.751840 0.000000 0.659346
  outer loop
    vertex 154.8839 0.0000 43.1161
    vertex 154.9917 14.0000 43.2390
    vertex 154.8839 14.0000 43.1161
  endloop
endfacet
facet normal 0.000000 -1.000000 0.000000
  outer loop
    vertex 154.9917 0.0000 43.2390
    vertex 161.9335 0.0000 37.9124
    vertex 162.6603 0.0000 39.0000
  endloop
endfacet
facet normal 0.000000 -1.000000 0.000000
  outer loop
    vertex 154.9917 0.0000 43.2390
    vertex 162.6603 0.0000 39.0000
    vertex 155.0825 0.0000 43.3750
  endloop
endfacet
facet normal 0.000000 1.000000 0.000000
  outer loop
    vertex 154.9917 14.0000 43.2390
    vertex 162.6603 14.0000 39.0000
    vertex 161.9335 14.0000 37.9124
  endloop
endfacet
facet normal -0.000000 1.000000 0.000000
  outer loop
    vertex 154.9917 14.0000 43.2390
    vertex 155.0825 14.0000 43.3750
    vertex 162.6603 14.0000 39.0000
  endloop
endfacet
facet normal 0.831470 0.000000 -0.555570
  outer loop
    vertex 161.9335 0.0000 37.9124
    vertex 162.6603 14.0000 39.0000
    vertex 162.6603 0.0000 39.0000
  endloop
endfacet
facet normal 0.831470 0.000000 -0.555570
  outer loop
    vertex 161.9335 0.0000 37.9124
    vertex 161.9335 14.0000 37.9124
    vertex 162.6603 14.0000 39.0000
  endloop
endfacet
facet normal -0.831470 0.000000 0.555570
  outer loop
    vertex 154.9917 0.0000 43.2390
    vertex 155.0825 0.0000 43.3750
    vertex 155.0825 14.0000 43.3750
  endloop
endfacet
facet normal -0.831470 0.000000 0.555570
  outer loop
    vertex 154.9917 0.0000 43.2390
    vertex 155.0825 14.0000 43.3750
    vertex 154.9917 14.0000 43.2390
  endloop
endfacet
facet normal 0.000000 -1.000000 0.000000
  outer loop
    vertex 155.0825 0.0000 43.3750
    vertex 162.6603 0.0000 39.0000
    vertex 163.2388 0.0000 40.1732
  endloop
endfacet
facet normal 0.000000 -1.000000 0.000000
  outer loop
    vertex 155.0825 0.0000 43.3750
    vertex 163.2388 0.0000 40.1732
    vertex 155.1548 0.0000 43.5216
  endloop
endfacet
facet normal 0.000000 1.000000 0.000000
  outer loop
    vertex 155.0825 14.0000 43.3750
    vertex 163.2388 14.0000 40.1732
    vertex 162.6603 14.0000 39.0000
  endloop
endfacet
facet normal -0.000000 1.000000 0.000000
  outer loop
    vertex 155.0825 14.0000 43.3750
    vertex 155.1548 14.0000 43.5216
    vertex 163.2388 14.0000 40.1732
  endloop
endfacet
facet normal 0.896873 0.000000 -0.442289
  outer loop
    vertex 162.6603 0.0000 39.0000
    vertex 163.2388 14.0000 40.1732
    vertex 163.2388 0.0000 40.1732
  endloop
endfacet
facet normal 0.896873 0.000000 -0.442289
  outer loop
    vertex 162.6603 0.0000 39.0000
    vertex 162.6603 14.0000 39.0000
    vertex 163.2388 14.0000 40.1732
  endloop
endfacet
facet normal -0.896873 0.000000 0.442289
  outer loop
    vertex 155.0825 0.0000 43.3750
    vertex 155.1548 0.0000 43.5216
    vertex 155.1548 14.0000 43.5216
  endloop
endfacet
facet normal -0.896873 0.000000 0.442289
  outer loop
    vertex 155.0825 0.0000 43.3750
    vertex 155.1548 14.0000 43.5216
    vertex 155.0825 14.0000 43.3750
  endloop
endfacet
facet normal 0.000000 -1.000000 0.000000
  outer loop
    vertex 155.1548 0.0000 43.5216
    vertex 163.2388 0.0000 40.1732
    vertex 163.6593 0.0000 41.4118
  endloop
endfacet
facet normal 0.000000 -1.000000 0.000000
  outer loop
    vertex 155.1548 0.0000 43.5216
    vertex 163.6593 0.0000 41.4118
    vertex 155.2074 0.0000 43.6765
  endloop
endfacet
facet normal 0.000000 1.000000 0.000000
  outer loop
    vertex 155.1548 14.0000 43.5216
    vertex 163.6593 14.0000 41.4118
    vertex 163.2388 14.0000 40.1732
  endloop
endfacet
facet normal -0.000000 1.000000 0.000000
  outer loop
    vertex 155.1548 14.0000 43.5216
    vertex 155.2074 14.0000 43.6765
    vertex 163.6593 14.0000 41.4118
  endloop
endfacet
facet normal 0.946930 0.000000 -0.321439
  outer loop
    vertex 163.2388 0.0000 40.1732
    vertex 163.6593 14.0000 41.4118
    vertex 163.6593 0.0000 41.4118
  endloop
endfacet
facet normal 0.946930 0.000000 -0.321439
  outer loop
    vertex 163.2388 0.0000 40.1732
    vertex 163.2388 14.0000 40.1732
    vertex 163.6593 14.0000 41.4118
  endloop
endfacet
facet normal -0.946930 0.000000 0.321439
  outer loop
    vertex 155.1548 0.0000 43.5216
    vertex 155.2074 0.0000 43.6765
    vertex 155.2074 14.0000 43.6765
  endloop
endfacet
facet normal -0.946930 0.000000 0.321439
  outer loop
    vertex 155.1548 0.0000 43.5216
    vertex 155.2074 14.0000 43.6765
    vertex 155.1548 14.0000 43.5216
  endloop
endfacet
facet normal 0.000000 -1.000000 0.000000
  outer loop
    vertex 155.2074 0.0000 43.6765
    vertex 163.6593 0.0000 41.4118
    vertex 163.9144 0.0000 42.6947
  endloop
endfacet
facet normal 0.000000 -1.000000 0.000000
  outer loop
    vertex 155.2074 0.0000 43.6765
    vertex 163.9144 0.0000 42.6947
    vertex 155.2393 0.0000 43.8368
  endloop
endfacet
facet normal 0.000000 1.000000 0.000000
  outer loop
    vertex 155.2074 14.0000 43.6765
    vertex 163.9144 14.0000 42.6947
    vertex 163.6593 14.0000 41.4118
  endloop
endfacet
facet normal -0.000000 1.000000 0.000000
  outer loop
    vertex 155.2074 14.0000 43.6765
    vertex 155.2393 14.0000 43.8368
    vertex 163.9144 14.0000 42.6947
  endloop
endfacet
facet normal 0.980785 0.000000 -0.195090
  outer loop
    vertex 163.6593 0.0000 41.4118
    vertex 163.9144 14.0000 42.6947
    vertex 163.9144 0.0000 42.6947
  endloop
endfacet
facet normal 0.980785 0.000000 -0.195090
  outer loop
    vertex 163.6593 0.0000 41.4118
    vertex 163.6593 14.0000 41.4118
    vertex 163.9144 14.0000 42.6947
  endloop
endfacet
facet normal -0.980785 0.000000 0.195090
  outer loop
    vertex 155.2074 0.0000 43.6765
    vertex 155.2393 0.0000 43.8368
    vertex 155.2393 14.0000 43.8368
  endloop
endfacet
facet normal -0.980785 0.000000 0.195090
  outer loop
    vertex 155.2074 0.0000 43.6765
    vertex 155.2393 14.0000 43.8368
    vertex 155.2074 14.0000 43.6765
  endloop
endfacet
facet normal 0.000000 -1.000000 0.000000
  outer loop
    vertex 155.2393 0.0000 43.8368
    vertex 163.9144 0.0000 42.6947
    vertex 164.0000 0.0000 44.0000
  endloop
endfacet
facet normal 0.000000 -1.000000 0.000000
  outer loop
    vertex 155.2393 0.0000 43.8368
    vertex 164.0000 0.0000 44.0000
    vertex 155.2500 0.0000 44.0000
  endloop
endfacet
facet normal -0.000000 1.000000 0.000000
  outer loop
    vertex 155.2393 14.0000 43.8368
    vertex 164.0000 14.0000 44.0000
    vertex 163.9144 14.0000 42.6947
  endloop
endfacet
facet normal 0.000000 1.000000 0.000000
  outer loop
    vertex 155.2393 14.0000 43.8368
    vertex 155.2500 14.0000 44.0000
    vertex 164.0000 14.0000 44.0000
  endloop
endfacet
facet normal 0.997859 0.000000 -0.065403
  outer loop
    vertex 163.9144 0.0000 42.6947
    vertex 164.0000 14.0000 44.0000
    vertex 164.0000 0.0000 44.0000
  endloop
endfacet
facet normal 0.997859 0.000000 -0.065403
  outer loop
    vertex 163.9144 0.0000 42.6947
    vertex 163.9144 14.0000 42.6947
    vertex 164.0000 14.0000 44.0000
  endloop
endfacet
facet normal -0.997859 0.000000 0.065403
  outer loop
    vertex 155.2393 0.0000 43.8368
    vertex 155.2500 0.0000 44.0000
    vertex 155.2500 14.0000 44.0000
  endloop
endfacet
facet normal -0.997859 0.000000 0.065403
  outer loop
    vertex 155.2393 0.0000 43.8368
    vertex 155.2500 14.0000 44.0000
    vertex 155.2393 14.0000 43.8368
  endloop
endfacet
endsolid calib_holes_horizontal
